Hyundai Motor Stock Price History ,,,,,,
Date, Price ,Open,High,Low,Vol.,Change %
8/25/26," $421,000.00 ","422,000","427,250","406,000",570.22K,1.69%
8/24/26," $414,000.00 ","416,000","420,000","408,000",349.74K,-0.24%
8/21/26," $415,000.00 ","406,500","420,500","405,000",371.71K,-0.60%
8/20/26," $417,500.00 ","417,000","425,000","408,000",421.24K,0.85%
8/19/26," $414,000.00 ","416,000","422,500","406,500",533.27K,-4.83%
8/18/26," $435,000.00 ","459,500","459,500","427,000",864.88K,-3.97%
8/14/26," $453,000.00 ","424,000","456,000","421,500",1.20M,8.24%
8/13/26," $418,500.00 ","419,500","431,500","415,000",590.76K,2.20%
8/12/26," $409,500.00 ","403,000","413,000","400,500",411.57K,1.61%
8/11/26," $403,000.00 ","406,000","411,000","400,500",327.06K,-1.23%
8/10/26," $408,000.00 ","396,000","410,500","392,500",458.58K,3.16%
8/7/26," $395,500.00 ","401,000","406,000","387,000",415.67K,-1.13%
8/6/26," $400,000.00 ","401,000","415,000","390,000",527.51K,-1.11%
8/5/26," $404,500.00 ","401,500","411,000","400,500",545.66K,3.06%
8/4/26," $392,500.00 ","395,500","396,500","376,000",680.35K,-0.13%
8/3/26," $393,000.00 ","383,000","401,500","376,000",826.84K,1.29%
7/31/26," $388,000.00 ","370,000","391,500","366,000",1.08M,10.54%
7/30/26," $351,000.00 ","346,000","369,000","343,500",961.58K,-0.71%
7/29/26," $353,500.00 ","369,500","382,000","338,500",1.50M,-2.88%
7/28/26," $364,000.00 ","386,500","390,500","359,000",898.42K,-9.68%
7/27/26," $403,000.00 ","410,000","411,000","393,500",546.63K,0.50%
7/24/26," $401,000.00 ","418,500","418,500","390,000",896.07K,-7.18%
7/23/26," $432,000.00 ","419,500","433,000","416,500",717.60K,3.35%
7/22/26," $418,000.00 ","413,500","433,000","411,500",799.85K,4.76%
7/21/26," $399,000.00 ","393,000","404,000","381,000",992.21K,0.00%
7/20/26," $399,000.00 ","408,000","410,000","394,500",904.77K,-6.12%
7/16/26," $425,000.00 ","423,000","431,000","412,000",714.48K,-2.07%
7/15/26," $434,000.00 ","433,000","439,500","424,000",940.25K,2.24%
7/14/26," $424,500.00 ","433,500","434,000","403,250",1.29M,-4.39%
7/13/26," $444,000.00 ","456,500","482,000","440,500",874.27K,-2.95%
7/10/26," $457,500.00 ","448,000","468,000","447,500",653.95K,2.69%
7/9/26," $445,500.00 ","460,000","463,500","433,500",1.13M,-3.68%
7/8/26," $462,500.00 ","469,000","484,500","453,500",917.54K,-3.55%
7/7/26," $479,500.00 ","494,000","495,500","460,500",946.17K,-4.48%
7/6/26," $502,000.00 ","492,500","513,000","485,000",793.95K,2.03%
7/3/26," $492,000.00 ","477,000","493,500","458,000",968.29K,2.07%
7/2/26," $482,000.00 ","474,000","501,000","457,000",1.25M,-1.13%
7/1/26," $487,500.00 ","502,000","514,000","474,500",848.32K,-1.52%
6/30/26," $495,000.00 ","505,000","506,000","485,250",776.19K,-0.40%
6/29/26," $497,000.00 ","480,000","504,000","463,000",1.19M,3.43%
6/26/26," $480,500.00 ","496,500","502,000","460,500",1.57M,-4.47%
6/25/26," $503,000.00 ","520,000","524,000","501,000",1.08M,-1.18%
6/24/26," $509,000.00 ","513,000","522,000","493,500",1.24M,-0.39%
6/23/26," $511,000.00 ","582,000","583,000","508,000",1.87M,-12.05%
6/22/26," $581,000.00 ","599,000","600,000","581,000",962.32K,-5.22%
6/19/26," $613,000.00 ","606,000","631,000","590,000",1.81M,2.00%
6/18/26," $601,000.00 ","619,000","620,000","600,000",928.13K,-2.75%
6/17/26," $618,000.00 ","633,000","633,000","613,000",891.04K,-3.44%
6/16/26," $640,000.00 ","648,000","654,000","627,000",1.28M,-1.08%
6/15/26," $647,000.00 ","638,000","659,000","633,000",1.05M,6.59%
6/12/26," $607,000.00 ","635,000","644,000","604,000",1.50M,1.68%
6/11/26," $597,000.00 ","570,000","598,000","561,000",1.41M,-0.83%
6/10/26," $602,000.00 ","637,000","653,000","583,000",1.68M,-5.79%
6/9/26," $639,000.00 ","660,000","667,000","620,000",1.60M,0.00%
6/8/26," $639,000.00 ","621,000","664,000","620,000",1.33M,-8.71%
6/5/26," $700,000.00 ","691,000","715,000","650,000",1.53M,0.00%
6/4/26," $700,000.00 ","708,000","727,000","692,000",1.06M,-3.98%
6/2/26," $729,000.00 ","770,000","772,000","697,000",2.32M,-2.80%
6/1/26," $750,000.00 ","736,000","783,000","727,000",2.72M,3.73%
5/29/26," $723,000.00 ","704,000","739,000","701,000",3.04M,6.79%
5/28/26," $677,000.00 ","709,000","714,000","651,000",2.19M,-0.59%
5/27/26," $681,000.00 ","691,000","693,000","666,000",1.88M,-1.16%
5/26/26," $689,000.00 ","679,000","694,000","667,000",1.36M,5.19%
5/22/26," $655,000.00 ","666,000","667,000","642,000",997.83K,-1.65%
5/21/26," $666,000.00 ","614,000","672,000","607,000",1.93M,12.50%
5/20/26," $592,000.00 ","601,000","605,000","570,000",1.95M,-1.99%
5/19/26," $604,000.00 ","661,000","661,000","596,000",2.68M,-8.90%
5/18/26," $663,000.00 ","688,000","697,000","638,000",2.22M,-5.29%
5/15/26," $700,000.00 ","725,000","774,500","678,000",4.33M,-1.69%
5/14/26," $712,000.00 ","724,000","730,000","692,000",2.40M,0.28%
5/13/26," $710,000.00 ","642,000","710,000","642,000",4.05M,9.91%
5/12/26," $646,000.00 ","673,000","702,500","606,000",4.86M,0.00%
5/11/26," $646,000.00 ","631,000","654,000","610,000",2.57M,5.38%
5/8/26," $613,000.00 ","590,000","647,000","581,000",5.00M,7.17%
5/7/26," $572,000.00 ","579,000","596,000","558,000",2.08M,4.00%
5/6/26," $550,000.00 ","545,000","564,000","541,000",1.69M,2.04%
5/4/26," $539,000.00 ","545,000","547,000","532,000",854.17K,1.51%
4/30/26," $531,000.00 ","556,000","560,000","531,000",1.15M,-4.50%
4/29/26," $556,000.00 ","565,000","565,000","546,000",971.76K,0.18%
4/28/26," $555,000.00 ","533,000","574,000","525,000",2.58M,5.92%
4/27/26," $524,000.00 ","520,000","533,000","515,000",930.37K,2.14%
4/24/26," $513,000.00 ","525,000","526,000","510,000",1.23M,-3.57%
4/23/26," $532,000.00 ","547,000","551,000","525,000",1.09M,-1.66%
4/22/26," $541,000.00 ","540,000","542,000","531,000",747.13K,-0.92%
4/21/26," $546,000.00 ","534,000","548,000","530,000",946.61K,3.61%
4/20/26," $527,000.00 ","533,000","541,000","526,000",827.24K,-2.04%
4/17/26," $538,000.00 ","547,000","548,000","531,000",693.32K,0.75%
4/16/26," $534,000.00 ","530,000","544,000","527,000",1.52M,5.12%
4/15/26," $508,000.00 ","510,000","519,000","502,000",867.91K,3.36%
4/14/26," $491,500.00 ","492,500","501,500","489,000",778.91K,2.72%
4/13/26," $478,500.00 ","476,500","486,500","474,500",636.03K,-2.25%
4/10/26," $489,500.00 ","498,000","499,500","489,500",812.71K,0.00%
4/9/26," $489,500.00 ","510,000","514,000","487,000",988.55K,-3.64%
4/8/26," $508,000.00 ","500,000","510,000","490,000",1.29M,7.40%
4/7/26," $473,000.00 ","477,000","481,500","465,500",676.75K,0.85%
4/6/26," $469,000.00 ","469,500","477,500","465,000",553.06K,-0.42%
4/3/26," $471,000.00 ","475,500","485,000","467,000",659.22K,1.18%
4/2/26," $465,500.00 ","499,000","499,500","457,000",1.33M,-4.61%
4/1/26," $488,000.00 ","472,000","492,500","466,000",970.24K,9.54%
3/31/26," $445,500.00 ","459,500","464,000","445,000",1.20M,-5.11%
3/30/26," $469,500.00 ","468,500","472,500","461,000",942.26K,-5.15%
3/27/26," $495,000.00 ","472,500","498,500","467,000",1.12M,1.02%
3/26/26," $490,000.00 ","496,000","499,500","486,000",954.46K,-2.20%
3/25/26," $501,000.00 ","509,000","518,000","498,500",1.10M,1.83%
3/24/26," $492,000.00 ","508,000","509,000","484,000",1.08M,1.44%
3/23/26," $485,000.00 ","500,000","501,000","485,000",1.60M,-6.19%
3/20/26," $517,000.00 ","527,000","528,000","517,000",978.05K,-0.96%
3/19/26," $522,000.00 ","521,000","530,000","521,000",762.64K,-4.22%
3/18/26," $545,000.00 ","536,000","545,000","530,000",929.67K,4.41%
3/17/26," $522,000.00 ","528,000","544,000","520,000",1.35M,3.16%
3/16/26," $506,000.00 ","511,000","520,000","499,000",1.35M,-2.13%
3/13/26," $517,000.00 ","502,000","529,500","501,000",950.44K,-0.77%
3/12/26," $521,000.00 ","524,000","528,000","513,000",1.15M,-1.70%
3/11/26," $530,000.00 ","550,000","561,000","523,000",1.42M,0.95%
3/10/26," $525,000.00 ","538,000","541,000","519,000",1.27M,3.55%
3/9/26," $507,000.00 ","504,000","511,000","491,000",1.90M,-8.32%
3/6/26," $553,000.00 ","532,000","564,000","530,000",1.58M,0.91%
3/5/26," $548,000.00 ","565,000","582,000","540,000",2.66M,9.38%
3/4/26," $501,000.00 ","560,000","593,000","497,500",4.85M,-15.80%
3/3/26," $595,000.00 ","654,000","658,000","594,000",3.76M,-11.72%
2/27/26," $674,000.00 ","592,000","687,000","590,000",4.29M,10.67%
2/26/26," $609,000.00 ","574,000","618,000","563,000",2.89M,6.47%
2/25/26," $572,000.00 ","535,000","584,000","532,000",4.15M,9.16%
2/24/26," $524,000.00 ","522,000","530,000","505,000",1.49M,0.19%
2/23/26," $523,000.00 ","524,000","541,000","517,000",2.09M,2.75%
2/20/26," $509,000.00 ","516,000","516,000","504,000",1.25M,-0.78%
2/19/26," $513,000.00 ","504,000","523,000","495,500",1.90M,2.81%
2/13/26," $499,000.00 ","499,500","509,500","497,500",1.15M,-1.38%
2/12/26," $506,000.00 ","512,000","512,000","498,000",1.67M,-0.59%
2/11/26," $509,000.00 ","480,500","515,000","477,000",3.26M,5.93%
2/10/26," $480,500.00 ","499,000","505,000","479,000",1.70M,0.52%
2/9/26," $478,000.00 ","484,000","485,000","473,000",1.52M,2.25%
2/6/26," $467,500.00 ","469,500","473,000","452,000",2.02M,-4.30%
2/5/26," $488,500.00 ","492,500","508,000","483,500",1.65M,-3.08%
2/4/26," $504,000.00 ","502,000","518,000","497,500",1.71M,2.54%
2/3/26," $491,500.00 ","487,000","495,000","473,000",2.27M,2.82%
2/2/26," $478,000.00 ","486,000","507,000","473,000",2.65M,-4.40%
1/30/26," $500,000.00 ","516,000","517,000","500,000",3.03M,-5.30%
1/29/26," $528,000.00 ","501,000","529,000","494,000",5.42M,7.21%
1/28/26," $492,500.00 ","505,000","506,000","490,500",2.51M,0.82%
1/27/26," $488,500.00 ","473,000","499,000","469,000",4.49M,-0.81%
1/26/26," $492,500.00 ","499,000","515,000","490,000",3.64M,-3.43%
1/23/26," $510,000.00 ","530,000","543,000","500,000",4.77M,-3.59%
1/22/26," $529,000.00 ","586,000","590,000","525,000",7.18M,-3.64%
1/21/26," $549,000.00 ","468,000","551,000","467,500",7.71M,14.61%
1/20/26," $479,000.00 ","494,000","496,500","460,500",5.20M,-0.21%
1/19/26," $480,000.00 ","420,000","487,000","419,500",5.99M,16.22%
1/16/26," $413,000.00 ","426,500","426,500","408,000",2.59M,-2.13%
1/15/26," $422,000.00 ","409,500","425,000","405,000",2.83M,2.55%
1/14/26," $411,500.00 ","406,500","413,500","398,000",2.81M,1.35%
1/13/26," $406,000.00 ","380,500","413,500","378,000",5.46M,10.63%
1/12/26," $367,000.00 ","383,000","383,500","358,500",3.03M,0.27%
1/9/26," $366,000.00 ","349,000","369,000","340,000",3.10M,7.49%
1/8/26," $340,500.00 ","361,000","361,000","338,000",3.05M,-2.85%
1/7/26," $350,500.00 ","314,000","362,000","313,000",7.76M,13.80%
1/6/26," $308,000.00 ","318,000","330,000","304,000",3.35M,1.15%
1/5/26," $304,500.00 ","302,500","310,000","302,000",1.28M,2.01%
1/2/26," $298,500.00 ","299,500","302,000","293,000",923.28K,0.67%
12/30/25," $296,500.00 ","291,000","297,500","289,500",625.21K,1.02%
12/29/25," $293,500.00 ","284,500","294,000","282,500",697.45K,2.62%
12/26/25," $286,000.00 ","292,000","292,000","285,000",846.88K,-1.04%
12/24/25," $289,000.00 ","289,000","300,000","287,000",1.30M,0.70%
12/23/25," $287,000.00 ","290,500","292,500","285,500",699.58K,-0.69%
12/22/25," $289,000.00 ","290,500","290,500","285,000",676.75K,0.17%
12/19/25," $288,500.00 ","285,500","288,500","278,500",1.21M,2.12%
12/18/25," $282,500.00 ","280,500","285,000","280,000",705.88K,-1.22%
12/17/25," $286,000.00 ","288,000","288,500","284,000",686.80K,0.00%
12/16/25," $286,000.00 ","296,500","301,500","284,500",1.26M,-2.56%
12/15/25," $293,500.00 ","296,500","297,500","293,500",798.99K,-2.65%
12/12/25," $301,500.00 ","299,000","303,000","295,500",827.28K,2.03%
12/11/25," $295,500.00 ","304,000","306,500","295,500",1.47M,-2.31%
12/10/25," $302,500.00 ","304,500","306,000","297,500",1.17M,-1.47%
12/9/25," $307,000.00 ","308,000","312,000","301,500",1.23M,-2.69%
12/8/25," $315,500.00 ","321,000","321,000","308,500",1.87M,0.16%
12/5/25," $315,000.00 ","282,000","316,500","280,000",3.89M,11.11%
12/4/25," $283,500.00 ","273,000","284,500","270,000",1.99M,6.38%
12/3/25," $266,500.00 ","266,500","267,500","263,000",483.99K,0.19%
12/2/25," $266,000.00 ","257,500","267,500","257,000",1.06M,4.52%
12/1/25," $254,500.00 ","261,000","261,500","253,500",555.47K,-2.68%
11/28/25," $261,500.00 ","261,500","265,500","259,000",497.27K,0.00%
11/27/25," $261,500.00 ","261,500","262,500","259,500",289.06K,0.00%
11/26/25," $261,500.00 ","260,500","262,000","259,500",402.78K,1.55%
11/25/25," $257,500.00 ","261,000","262,000","256,500",388.69K,0.00%
11/24/25," $257,500.00 ","262,000","262,000","257,500",599.24K,-0.77%
11/21/25," $259,500.00 ","255,000","261,000","254,500",538.41K,-0.95%
11/20/25," $262,000.00 ","267,000","267,500","262,000",501.20K,-0.76%
11/19/25," $264,000.00 ","272,000","272,000","261,500",413.45K,-0.19%
11/18/25," $264,500.00 ","269,000","271,500","263,500",475.71K,-2.58%
11/17/25," $271,500.00 ","275,500","275,500","271,500",384.31K,-0.37%
11/14/25," $272,500.00 ","272,500","278,000","272,000",579.02K,-2.15%
11/13/25," $278,500.00 ","273,000","279,000","272,500",679.44K,1.09%
11/12/25," $275,500.00 ","271,500","278,500","269,500",807.53K,2.42%
11/11/25," $269,000.00 ","272,500","274,000","267,500",494.20K,-0.55%
11/10/25," $270,500.00 ","266,500","274,000","265,000",692.46K,2.46%
11/7/25," $264,000.00 ","261,000","267,000","259,500",666.77K,-1.86%
11/6/25," $269,000.00 ","274,500","275,000","264,500",686.56K,0.19%
11/5/25," $268,500.00 ","270,000","271,500","259,000",1.42M,-2.72%
11/4/25," $276,000.00 ","286,500","288,500","276,000",1.42M,-5.32%
11/3/25," $291,500.00 ","297,500","298,000","288,000",1.50M,0.52%
10/31/25," $290,000.00 ","273,500","294,000","270,500",3.62M,9.43%
10/30/25," $265,000.00 ","287,500","289,500","263,000",2.96M,2.71%
10/29/25," $258,000.00 ","254,500","259,500","251,000",937.83K,2.99%
10/28/25," $250,500.00 ","253,500","253,500","249,000",677.45K,-1.57%
10/27/25," $254,500.00 ","253,500","259,500","253,000",763.12K,0.79%
10/24/25," $252,500.00 ","253,500","254,000","248,000",775.98K,0.20%
10/23/25," $252,000.00 ","256,500","258,500","251,000",900.91K,-3.45%
10/22/25," $261,000.00 ","265,000","265,000","254,500",1.06M,1.75%
10/21/25," $256,500.00 ","252,000","267,000","251,500",2.00M,3.43%
10/20/25," $248,000.00 ","251,500","252,000","241,500",1.12M,2.06%
10/17/25," $243,000.00 ","241,000","246,000","239,500",994.19K,0.41%
10/16/25," $242,000.00 ","237,000","245,000","234,000",2.12M,8.28%
10/15/25," $223,500.00 ","223,000","224,000","220,000",655.12K,0.22%
10/14/25," $223,000.00 ","218,500","225,000","218,000",885.80K,2.06%
10/13/25," $218,500.00 ","214,500","219,500","214,000",544.35K,0.69%
10/10/25," $217,000.00 ","219,000","220,250","216,500",779.16K,-1.36%
10/6/25," $220,000.00 ","216,500","220,000","220,000",1.10M,0.00%
10/2/25," $220,000.00 ","216,500","223,000","216,500",1.10M,2.09%
10/1/25," $215,500.00 ","215,500","217,000","215,000",297.05K,0.23%
9/30/25," $215,000.00 ","214,000","216,000","214,000",315.15K,0.00%
9/29/25," $215,000.00 ","215,500","216,500","214,000",339.11K,0.23%
9/26/25," $214,500.00 ","215,000","215,500","213,000",416.77K,-1.15%
9/25/25," $217,000.00 ","217,000","217,500","215,500",509.88K,-0.23%
9/24/25," $217,500.00 ","218,000","219,500","216,500",374.07K,-0.68%
9/23/25," $219,000.00 ","217,500","220,000","217,500",473.76K,0.46%
9/22/25," $218,000.00 ","215,000","219,000","214,500",499.20K,1.87%
9/19/25," $214,000.00 ","218,000","218,500","212,000",1.27M,-2.06%
9/18/25," $218,500.00 ","216,500","218,500","215,000",652.89K,1.16%
9/17/25," $216,000.00 ","216,000","216,500","215,000",409.34K,0.47%
9/16/25," $215,000.00 ","216,000","216,500","215,000",488.66K,0.00%
9/15/25," $215,000.00 ","221,500","221,500","215,000",1.47M,-3.80%
9/12/25," $223,500.00 ","222,500","224,000","220,500",588.26K,0.22%
9/11/25," $223,000.00 ","221,500","223,000","219,000",568.88K,1.13%
9/10/25," $220,500.00 ","219,500","222,000","219,000",427.43K,0.68%
9/9/25," $219,000.00 ","219,500","220,500","218,500",407.16K,0.23%
9/8/25," $218,500.00 ","218,000","218,500","215,500",382.25K,-0.68%
9/5/25," $220,000.00 ","222,000","222,500","219,500",245.65K,-0.68%
9/4/25," $221,500.00 ","221,000","221,500","219,500",249.50K,0.00%
9/3/25," $221,500.00 ","218,500","223,500","218,500",459.72K,0.68%
9/2/25," $220,000.00 ","221,000","221,000","217,000",365.38K,-0.23%
9/1/25," $220,500.00 ","220,500","223,000","219,000",504.67K,0.23%
8/29/25," $220,000.00 ","223,000","224,500","218,500",590.22K,-0.90%
8/28/25," $222,000.00 ","218,500","225,000","218,000",726.74K,0.91%
8/27/25," $220,000.00 ","219,000","221,000","218,500",337.16K,0.69%
8/26/25," $218,500.00 ","220,500","222,000","217,500",804.85K,-1.58%
8/25/25," $222,000.00 ","221,500","222,000","217,500",419.60K,0.91%
8/22/25," $220,000.00 ","222,000","223,500","219,500",389.20K,-0.68%
8/21/25," $221,500.00 ","221,000","224,500","220,500",600.26K,0.45%
8/20/25," $220,500.00 ","218,500","222,000","217,500",784.52K,0.68%
8/19/25," $219,000.00 ","216,500","219,000","215,000",442.22K,1.15%
8/18/25," $216,500.00 ","217,500","218,000","215,000",405.81K,-0.46%
8/14/25," $217,500.00 ","216,000","219,000","216,000",546.70K,0.69%
8/13/25," $216,000.00 ","215,500","216,000","214,000",377.57K,1.41%
8/12/25," $213,000.00 ","212,000","216,000","211,500",347.18K,0.24%
8/11/25," $212,500.00 ","213,000","213,500","211,500",298.66K,0.00%
8/8/25," $212,500.00 ","212,500","214,000","211,500",420.68K,0.00%
8/7/25," $212,500.00 ","213,500","215,000","211,000",421.55K,0.95%
8/6/25," $210,500.00 ","209,000","211,500","208,500",372.33K,0.00%
8/5/25," $210,500.00 ","213,000","215,000","209,500",480.51K,-0.24%
8/4/25," $211,000.00 ","210,000","212,500","207,000",651.68K,0.48%
8/1/25," $210,000.00 ","211,000","215,500","210,000",1.08M,-1.41%
7/31/25," $213,000.00 ","233,000","233,000","212,000",2.95M,-4.48%
7/30/25," $223,000.00 ","215,500","228,000","215,500",1.24M,2.29%
7/29/25," $218,000.00 ","217,500","218,500","214,000",646.42K,-0.23%
7/28/25," $218,500.00 ","221,500","222,500","216,000",692.80K,0.92%
7/25/25," $216,500.00 ","215,000","221,000","214,000",665.82K,-0.46%
7/24/25," $217,500.00 ","221,000","225,500","214,500",1.42M,-2.03%
7/23/25," $222,000.00 ","213,000","223,000","213,000",2.83M,7.51%
7/22/25," $206,500.00 ","209,000","209,500","204,500",441.60K,-1.20%
7/21/25," $209,000.00 ","209,500","210,500","208,000",460.84K,-0.71%
7/18/25," $210,500.00 ","210,000","212,500","208,500",317.35K,0.24%
7/17/25," $210,000.00 ","208,500","212,000","205,500",611.35K,1.20%
7/16/25," $207,500.00 ","211,000","211,000","207,500",492.78K,-1.66%
7/15/25," $211,000.00 ","217,000","217,500","209,500",1.11M,-2.76%
7/14/25," $217,000.00 ","208,500","218,000","208,000",1.12M,4.33%
7/11/25," $208,000.00 ","209,000","211,500","207,500",589.55K,0.00%
7/10/25," $208,000.00 ","210,000","211,500","205,500",719.45K,-0.72%
7/9/25," $209,500.00 ","208,500","209,500","205,500",524.73K,-0.71%
7/8/25," $211,000.00 ","207,000","211,500","205,500",499.23K,1.20%
7/7/25," $208,500.00 ","210,000","210,500","207,000",398.06K,-0.95%
7/4/25," $210,500.00 ","214,500","216,500","210,000",415.69K,-1.86%
7/3/25," $214,500.00 ","215,000","217,000","211,500",562.76K,0.47%
7/2/25," $213,500.00 ","215,000","218,000","210,000",1.06M,1.67%
7/1/25," $210,000.00 ","204,000","214,500","203,500",1.06M,3.19%
6/30/25," $203,500.00 ","204,500","207,000","203,500",483.92K,-0.73%
6/27/25," $205,000.00 ","211,000","211,000","203,000",764.38K,-2.15%
6/26/25," $209,500.00 ","214,500","215,000","208,000",814.62K,-3.46%
6/25/25," $217,000.00 ","206,500","221,500","206,000",1.79M,5.34%
6/24/25," $206,000.00 ","206,500","208,000","203,000",713.12K,2.23%
6/23/25," $201,500.00 ","205,500","206,000","200,500",935.00K,-4.05%
6/20/25," $210,000.00 ","208,000","210,500","205,500",646.77K,1.45%
6/19/25," $207,000.00 ","209,500","211,500","205,500",538.89K,0.49%
6/18/25," $206,000.00 ","202,500","207,000","200,500",574.93K,0.49%
6/17/25," $205,000.00 ","202,500","208,000","200,500",950.45K,1.74%
6/16/25," $201,500.00 ","198,300","202,000","196,200",500.55K,1.26%
6/13/25," $199,000.00 ","199,400","199,800","196,800",933.61K,-1.24%
6/12/25," $201,500.00 ","201,500","204,500","200,500",885.52K,0.25%
6/11/25," $201,000.00 ","199,100","201,500","199,000",649.62K,2.03%
6/10/25," $197,000.00 ","201,000","201,500","195,800",968.95K,-0.40%
6/9/25," $197,800.00 ","192,900","198,400","192,300",1.56M,4.32%
6/5/25," $189,600.00 ","186,000","193,000","186,000",797.92K,1.94%
6/4/25," $186,000.00 ","185,100","186,500","184,100",577.33K,1.09%
6/2/25," $184,000.00 ","184,600","185,500","183,100",538.18K,-0.70%
5/30/25," $185,300.00 ","187,400","187,500","185,300",766.55K,-2.98%
5/29/25," $191,000.00 ","189,600","193,000","186,300",1.09M,2.74%
5/28/25," $185,900.00 ","182,400","186,300","182,400",611.93K,2.20%
5/27/25," $181,900.00 ","180,700","181,900","180,300",352.99K,0.00%
5/26/25," $181,900.00 ","180,100","183,000","179,700",623.95K,1.11%
5/23/25," $179,900.00 ","182,400","182,500","179,300",822.02K,-1.37%
5/22/25," $182,400.00 ","187,000","187,000","181,900",982.35K,-2.98%
5/21/25," $188,000.00 ","189,500","190,350","187,400",518.72K,-0.79%
5/20/25," $189,500.00 ","192,800","194,100","189,500",422.76K,-0.79%
5/19/25," $191,000.00 ","193,000","193,000","190,000",357.02K,-1.44%
5/16/25," $193,800.00 ","193,300","194,700","193,000",311.74K,0.47%
5/15/25," $192,900.00 ","195,200","196,900","192,200",469.36K,-2.13%
5/14/25," $197,100.00 ","197,200","198,300","194,300",557.32K,0.20%
5/13/25," $196,700.00 ","197,400","198,000","195,100",462.83K,0.46%
5/12/25," $195,800.00 ","191,900","195,800","191,400",569.60K,3.11%
5/9/25," $189,900.00 ","191,200","193,400","189,500",514.05K,1.50%
5/8/25," $187,100.00 ","187,600","188,900","187,100",528.73K,-0.27%
5/7/25," $187,600.00 ","191,400","191,400","186,500",666.18K,-0.95%
5/2/25," $189,400.00 ","190,200","190,500","188,200",464.02K,-0.63%
4/30/25," $190,600.00 ","192,700","193,300","190,200",429.49K,-1.14%
4/29/25," $192,800.00 ","192,700","194,000","189,700",591.50K,2.01%
4/28/25," $189,000.00 ","188,100","190,100","187,000",450.99K,0.11%
4/25/25," $188,800.00 ","191,000","191,000","188,600",499.90K,-0.05%
4/24/25," $188,900.00 ","191,100","191,200","186,500",642.75K,-0.58%
4/23/25," $190,000.00 ","188,900","190,400","187,400",607.45K,2.37%
4/22/25," $185,600.00 ","186,100","187,700","185,200",392.72K,-0.91%
4/21/25," $187,300.00 ","187,500","188,800","185,500",352.36K,0.05%
4/18/25," $187,200.00 ","182,800","188,300","181,200",661.77K,3.03%
4/17/25," $181,700.00 ","182,600","184,600","181,500",522.23K,0.00%
4/16/25," $181,700.00 ","185,200","186,400","181,300",569.80K,-2.83%
4/15/25," $187,000.00 ","185,400","189,200","183,700",1.05M,4.29%
4/14/25," $179,300.00 ","178,400","180,300","177,500",536.96K,1.01%
4/11/25," $177,500.00 ","181,800","183,000","175,800",1.65M,-5.08%
4/10/25," $187,000.00 ","191,700","192,900","186,500",1.43M,5.06%
4/9/25," $178,000.00 ","177,500","180,900","177,300",689.62K,-0.67%
4/8/25," $179,200.00 ","181,400","183,800","177,500",1.05M,0.06%
4/7/25," $179,100.00 ","184,700","185,300","178,900",1.24M,-6.62%
4/4/25," $191,800.00 ","191,300","196,500","189,600",810.21K,-1.03%
4/3/25," $193,800.00 ","191,000","194,500","189,100",954.82K,-1.27%
4/2/25," $196,300.00 ","198,800","199,100","195,800",613.43K,-1.16%
4/1/25," $198,600.00 ","199,000","200,500","196,100",641.04K,0.71%
3/31/25," $197,200.00 ","199,900","201,000","196,800",931.00K,-3.80%
3/28/25," $205,000.00 ","208,000","209,500","202,500",1.00M,-3.53%
3/27/25," $212,500.00 ","215,000","216,500","212,000",1.03M,-4.28%
3/26/25," $222,000.00 ","224,000","227,500","220,500",1.22M,0.91%
3/25/25," $220,000.00 ","228,500","229,000","218,500",2.10M,3.29%
3/24/25," $213,000.00 ","204,500","216,000","203,500",1.21M,3.90%
3/21/25," $205,000.00 ","201,500","205,000","201,000",549.67K,1.23%
3/20/25," $202,500.00 ","204,500","205,000","201,500",466.05K,-0.74%
3/19/25," $204,000.00 ","201,000","204,000","199,000",516.64K,1.75%
3/18/25," $200,500.00 ","199,500","202,000","199,300",503.71K,0.75%
3/17/25," $199,000.00 ","198,400","199,000","195,300",366.64K,0.25%
3/14/25," $198,500.00 ","199,800","200,500","197,500",471.62K,-1.24%
3/13/25," $201,000.00 ","199,300","201,000","196,200",574.50K,1.41%
3/12/25," $198,200.00 ","195,800","198,200","195,000",349.14K,1.33%
3/11/25," $195,600.00 ","194,500","196,000","192,700",454.27K,-0.91%
3/10/25," $197,400.00 ","196,600","198,600","195,200",316.30K,0.41%
3/7/25," $196,600.00 ","194,800","197,200","194,100",534.91K,-0.51%
3/6/25," $197,600.00 ","199,200","201,000","196,500",653.21K,1.49%
3/5/25," $194,700.00 ","191,800","197,000","191,800",790.76K,2.31%
3/4/25," $190,300.00 ","190,000","195,100","189,200",586.69K,-1.40%
2/28/25," $193,000.00 ","198,600","198,800","193,000",1.15M,-3.74%
2/27/25," $200,500.00 ","200,500","201,000","199,300",887.50K,-2.20%
2/26/25," $205,000.00 ","203,500","207,000","203,000",740.08K,1.23%
2/25/25," $202,500.00 ","205,000","205,000","202,000",645.53K,-2.17%
2/24/25," $207,000.00 ","204,000","207,000","203,500",406.18K,0.49%
2/21/25," $206,000.00 ","209,000","211,000","204,000",709.78K,1.48%
2/20/25," $203,000.00 ","202,500","204,000","201,500",329.15K,-0.49%
2/19/25," $204,000.00 ","198,900","204,500","198,800",846.79K,1.75%
2/18/25," $200,500.00 ","200,000","201,500","198,900",557.32K,0.35%
2/17/25," $199,800.00 ","201,000","202,500","199,500",888.17K,-3.01%
2/14/25," $206,000.00 ","208,000","210,000","205,500",623.81K,-1.20%
2/13/25," $208,500.00 ","202,500","210,000","202,000",1.48M,5.25%
2/12/25," $198,100.00 ","199,000","200,500","198,100",563.72K,-0.65%
2/11/25," $199,400.00 ","199,500","202,500","198,500",740.19K,0.00%
2/10/25," $199,400.00 ","199,500","201,000","197,700",988.85K,-0.55%
2/7/25," $200,500.00 ","203,500","204,500","200,000",809.31K,-1.47%
2/6/25," $203,500.00 ","206,000","207,000","203,000",602.67K,-0.49%
2/5/25," $204,500.00 ","201,500","206,500","201,000",708.76K,1.74%
2/4/25," $201,000.00 ","205,000","208,500","201,000",837.22K,-0.50%
2/3/25," $202,000.00 ","201,000","203,500","200,000",907.52K,-1.94%
1/31/25," $206,000.00 ","204,500","207,500","200,000",971.63K,0.49%
1/24/25," $205,000.00 ","208,000","208,500","203,000",1.07M,-1.91%
1/23/25," $209,000.00 ","208,000","213,500","205,500",1.03M,0.24%
1/22/25," $208,500.00 ","207,500","210,000","206,500",829.01K,0.97%
1/21/25," $206,500.00 ","210,500","213,000","206,500",827.57K,-0.96%
1/20/25," $208,500.00 ","211,000","212,000","207,500",568.32K,-1.42%
1/17/25," $211,500.00 ","217,500","218,000","211,000",800.28K,-3.42%
1/16/25," $219,000.00 ","223,000","224,000","218,000",431.53K,-0.68%
1/15/25," $220,500.00 ","222,000","224,000","220,500",488.28K,-0.68%
1/14/25," $222,000.00 ","221,000","224,500","219,500",544.45K,0.91%
1/13/25," $220,000.00 ","225,500","226,000","218,500",864.62K,-2.65%
1/10/25," $226,000.00 ","215,000","227,000","215,000",1.93M,6.10%
1/9/25," $213,000.00 ","215,000","219,500","213,000",860.22K,-0.23%
1/8/25," $213,500.00 ","209,500","215,500","209,000",601.13K,1.18%
1/7/25," $211,000.00 ","211,500","214,000","210,500",498.74K,-0.24%
1/6/25," $211,500.00 ","213,000","213,500","207,000",776.93K,-0.70%
1/3/25," $213,000.00 ","211,500","215,000","211,000",454.61K,0.71%
1/2/25," $211,500.00 ","212,000","216,000","210,500",435.06K,-0.24%
12/30/24," $212,000.00 ","213,500","217,000","212,000",374.23K,-1.40%
12/27/24," $215,000.00 ","217,000","217,500","213,500",389.56K,-1.15%
12/26/24," $217,500.00 ","217,500","219,500","215,000",455.99K,0.46%
12/24/24," $216,500.00 ","215,000","217,000","213,000",350.80K,0.70%
12/23/24," $215,000.00 ","212,500","216,500","212,000",445.41K,2.14%
12/20/24," $210,500.00 ","210,500","211,500","206,000",700.75K,-0.71%
12/19/24," $212,000.00 ","213,000","214,000","210,500",630.38K,-2.08%
12/18/24," $216,500.00 ","207,500","217,000","207,500",709.34K,4.84%
12/17/24," $206,500.00 ","210,000","212,500","205,500",710.39K,-2.13%
12/16/24," $211,000.00 ","215,500","216,000","210,500",466.07K,-1.86%
12/13/24," $215,000.00 ","212,000","216,000","209,000",526.22K,1.65%
12/12/24," $211,500.00 ","210,500","213,000","209,500",606.32K,1.20%
12/11/24," $209,000.00 ","208,000","211,000","207,500",333.56K,-0.71%
12/10/24," $210,500.00 ","205,500","211,500","204,000",615.95K,4.73%
12/9/24," $201,000.00 ","201,000","203,000","200,000",769.97K,-1.23%
12/6/24," $203,500.00 ","203,500","206,000","200,000",767.17K,-0.49%
12/5/24," $204,500.00 ","209,000","210,500","204,000",586.07K,-2.15%
12/4/24," $209,000.00 ","208,500","213,000","207,000",916.93K,-2.56%
12/3/24," $214,500.00 ","218,000","218,000","213,500",611.16K,-0.69%
12/2/24," $216,000.00 ","219,500","220,500","215,000",518.26K,-1.14%
11/29/24," $218,500.00 ","219,000","220,000","214,500",558.70K,-0.23%
11/28/24," $219,000.00 ","224,000","225,000","218,000",591.34K,-0.90%
11/27/24," $221,000.00 ","220,000","226,500","218,500",1.09M,-1.12%
11/26/24," $223,500.00 ","218,000","224,500","216,500",720.68K,2.05%
11/25/24," $219,000.00 ","219,000","221,500","216,500",713.92K,0.92%
11/22/24," $217,000.00 ","216,000","218,500","214,500",417.51K,0.70%
11/21/24," $215,500.00 ","218,500","219,500","215,500",496.65K,-1.37%
11/20/24," $218,500.00 ","213,000","220,500","212,500",569.74K,1.39%
11/19/24," $215,500.00 ","217,000","219,000","213,000",521.28K,-0.69%
11/18/24," $217,000.00 ","206,000","218,000","206,000",1.11M,5.34%
11/15/24," $206,000.00 ","200,000","208,500","199,900",705.16K,2.23%
11/14/24," $201,500.00 ","200,500","203,500","197,300",815.37K,0.80%
11/13/24," $199,900.00 ","206,000","206,000","199,900",770.13K,-3.43%
11/12/24," $207,000.00 ","213,000","213,500","206,500",908.37K,-1.90%
11/11/24," $211,000.00 ","203,500","212,500","203,500",827.59K,3.69%
11/8/24," $203,500.00 ","209,500","210,500","202,500",705.63K,-1.93%
11/7/24," $207,500.00 ","203,500","210,500","201,000",1.00M,0.48%
11/6/24," $206,500.00 ","214,000","214,500","205,500",1.83M,-3.95%
11/5/24," $215,000.00 ","214,000","215,500","211,500",588.85K,-0.69%
11/4/24," $216,500.00 ","215,000","220,500","214,000",742.31K,1.41%
11/1/24," $213,500.00 ","212,500","216,500","211,500",755.65K,-0.70%
10/31/24," $215,000.00 ","220,500","221,500","215,000",1.05M,-2.49%
10/30/24," $220,500.00 ","223,000","225,000","220,500",542.02K,-1.56%
10/29/24," $224,000.00 ","226,000","226,500","221,000",741.60K,-1.10%
10/28/24," $226,500.00 ","226,000","229,000","224,000",630.95K,0.44%
10/25/24," $225,500.00 ","226,500","231,000","220,500",1.11M,-1.31%
10/24/24," $228,500.00 ","241,000","241,000","228,000",1.20M,-5.19%
10/23/24," $241,000.00 ","236,500","243,000","234,000",655.55K,2.77%
10/22/24," $234,500.00 ","236,000","239,000","232,500",514.89K,-1.05%
10/21/24," $237,000.00 ","235,000","240,000","234,500",438.02K,1.07%
10/18/24," $234,500.00 ","237,000","239,000","233,000",693.41K,-0.42%
10/17/24," $235,500.00 ","245,000","246,000","235,500",913.21K,-4.66%
10/16/24," $247,000.00 ","246,000","247,000","242,000",769.67K,0.41%
10/15/24," $246,000.00 ","249,500","249,500","246,000",377.61K,-1.01%
10/14/24," $248,500.00 ","250,500","254,000","248,000",303.58K,0.00%
10/11/24," $248,500.00 ","248,000","249,500","246,500",281.15K,1.02%
10/10/24," $246,000.00 ","253,000","255,500","246,000",638.75K,0.00%
10/8/24," $246,000.00 ","244,500","247,000","244,000",412.19K,-0.40%
10/7/24," $247,000.00 ","244,000","247,000","241,000",722.40K,3.13%
10/4/24," $239,500.00 ","235,500","241,500","232,000",853.12K,1.05%
10/2/24," $237,000.00 ","237,500","241,000","236,500",948.25K,-2.87%
9/30/24," $244,000.00 ","255,500","256,000","244,000",768.77K,-4.13%
9/27/24," $254,500.00 ","257,500","259,000","253,500",469.38K,-1.74%
9/26/24," $259,000.00 ","250,000","259,000","247,500",763.37K,2.98%
9/25/24," $251,500.00 ","255,500","257,000","250,500",564.50K,-0.59%
9/24/24," $253,000.00 ","249,000","253,000","248,000",425.60K,1.61%
9/23/24," $249,000.00 ","251,500","251,500","246,500",331.25K,-0.60%
9/20/24," $250,500.00 ","250,000","251,000","247,500",799.35K,1.83%
9/19/24," $246,000.00 ","244,000","246,500","241,500",844.85K,3.80%
9/13/24," $237,000.00 ","237,500","240,500","234,500",522.02K,2.16%
9/12/24," $232,000.00 ","226,000","232,000","225,500",655.97K,3.80%
9/11/24," $223,500.00 ","229,500","230,500","221,500",769.18K,-3.25%
9/10/24," $231,000.00 ","229,500","231,000","227,000",362.96K,0.65%
9/9/24," $229,500.00 ","225,500","231,500","225,000",618.44K,0.88%
9/6/24," $227,500.00 ","228,000","230,500","223,000",699.80K,-0.66%
9/5/24," $229,000.00 ","236,000","237,500","227,000",872.10K,-1.51%
9/4/24," $232,500.00 ","231,000","236,500","229,500",935.62K,-2.11%
9/3/24," $237,500.00 ","244,000","244,500","236,000",1.02M,-3.46%
9/2/24," $246,000.00 ","256,000","256,000","245,000",997.35K,-3.72%
8/30/24," $255,500.00 ","261,000","265,500","255,500",1.11M,-1.16%
8/29/24," $258,500.00 ","261,500","267,000","256,000",1.64M,-0.19%
8/28/24," $259,000.00 ","249,500","261,000","246,000",1.15M,4.65%
8/27/24," $247,500.00 ","248,500","251,000","244,500",547.74K,-0.80%
8/26/24," $249,500.00 ","255,500","258,000","247,500",465.76K,-1.19%
8/23/24," $252,500.00 ","245,500","254,000","245,000",445.92K,1.81%
8/22/24," $248,000.00 ","253,500","254,000","245,500",490.17K,-1.78%
8/21/24," $252,500.00 ","257,500","257,500","251,000",358.19K,-1.37%
8/20/24," $256,000.00 ","258,000","261,000","255,000",659.11K,0.39%
8/19/24," $255,000.00 ","256,000","259,500","250,000",731.59K,0.00%
8/16/24," $255,000.00 ","248,000","256,500","246,500",1.11M,5.81%
8/14/24," $241,000.00 ","245,500","248,000","238,500",497.39K,-0.82%
8/13/24," $243,000.00 ","242,000","245,500","240,000",354.44K,-0.21%
8/12/24," $243,500.00 ","246,000","249,000","242,000",466.23K,0.21%
8/9/24," $243,000.00 ","240,500","248,000","240,000",604.87K,2.75%
8/8/24," $236,500.00 ","231,500","240,000","228,500",676.30K,0.21%
8/7/24," $236,000.00 ","233,000","241,000","231,500",753.50K,0.43%
8/6/24," $235,000.00 ","233,500","241,500","228,000",1.24M,4.91%
8/5/24," $224,000.00 ","236,000","239,500","216,500",1.42M,-8.20%
8/2/24," $244,000.00 ","242,500","248,000","242,000",886.26K,-3.75%
8/1/24," $253,500.00 ","251,000","258,500","251,000",731.26K,1.81%
7/31/24," $249,000.00 ","250,000","253,500","247,500",578.21K,-0.40%
7/30/24," $250,000.00 ","253,000","258,000","249,500",593.29K,-2.15%
7/29/24," $255,500.00 ","244,000","260,000","243,000",1.30M,4.93%
7/26/24," $243,500.00 ","248,500","250,500","232,000",2.59M,-3.18%
7/25/24," $251,500.00 ","253,000","255,000","247,500",814.80K,-2.71%
7/24/24," $258,500.00 ","259,500","263,500","257,500",589.86K,-1.90%
7/23/24," $263,500.00 ","258,000","264,500","257,500",800.95K,3.33%
7/22/24," $255,000.00 ","259,000","261,500","251,000",762.95K,-1.35%
7/19/24," $258,500.00 ","258,500","259,500","254,000",732.12K,-0.77%
7/18/24," $260,500.00 ","267,000","267,500","256,500",1.08M,-2.98%
7/17/24," $268,500.00 ","275,500","275,500","268,000",509.68K,-2.19%
7/16/24," $274,500.00 ","270,500","276,000","270,000",550.18K,2.23%
7/15/24," $268,500.00 ","273,000","273,500","267,500",537.12K,-1.10%
7/12/24," $271,500.00 ","277,500","278,500","268,000",663.20K,-2.51%
7/11/24," $278,500.00 ","277,000","278,500","274,500",649.27K,1.46%
7/10/24," $274,500.00 ","275,000","277,500","272,500",662.98K,0.00%
7/9/24," $274,500.00 ","284,000","285,500","272,500",1.13M,-3.00%
7/8/24," $283,000.00 ","282,000","289,500","281,000",602.32K,0.71%
7/5/24," $281,000.00 ","277,500","282,000","277,000",582.85K,1.26%
7/4/24," $277,500.00 ","277,500","281,000","274,500",549.43K,0.54%
7/3/24," $276,000.00 ","275,000","281,500","272,500",1.07M,1.28%
7/2/24," $272,500.00 ","283,000","283,500","271,000",1.55M,-4.72%
7/1/24," $286,000.00 ","292,000","296,000","285,500",852.85K,-3.05%
6/28/24," $295,000.00 ","299,500","299,500","293,000",756.09K,-1.01%
6/27/24," $298,000.00 ","287,000","298,500","286,500",1.15M,2.94%
6/26/24," $289,500.00 ","289,000","293,500","286,500",689.55K,0.35%
6/25/24," $288,500.00 ","281,000","292,500","280,000",1.02M,2.67%
6/24/24," $281,000.00 ","277,000","283,000","275,500",594.87K,0.36%
6/21/24," $280,000.00 ","283,500","285,000","279,000",863.41K,-1.93%
6/20/24," $285,500.00 ","285,500","288,000","282,500",625.55K,-0.35%
6/19/24," $286,500.00 ","286,500","292,500","284,000",1.23M,1.24%
6/18/24," $283,000.00 ","280,500","290,000","278,500",1.64M,1.62%
6/17/24," $278,500.00 ","276,000","285,000","275,500",1.93M,3.92%
6/14/24," $268,000.00 ","268,500","274,000","267,000",775.23K,-0.37%
6/13/24," $269,000.00 ","273,000","281,000","269,000",1.85M,-0.37%
6/12/24," $270,000.00 ","273,000","273,000","268,000",565.05K,-0.37%
6/11/24," $271,000.00 ","270,500","273,500","267,500",964.84K,1.31%
6/10/24," $267,500.00 ","261,500","271,500","261,000",942.89K,0.94%
6/7/24," $265,000.00 ","262,500","266,500","261,500",517.23K,0.38%
6/5/24," $264,000.00 ","261,000","267,500","256,500",852.75K,1.93%
6/4/24," $259,000.00 ","262,500","265,500","258,000",654.85K,-2.26%
6/3/24," $265,000.00 ","257,500","270,000","257,000",1.18M,4.74%
5/31/24," $253,000.00 ","259,500","260,000","253,000",906.70K,-1.56%
5/30/24," $257,000.00 ","260,500","264,000","255,500",635.89K,-1.53%
5/29/24," $261,000.00 ","262,500","265,000","257,000",959.30K,-1.51%
5/28/24," $265,000.00 ","265,000","270,000","263,500",590.83K,-0.19%
5/27/24," $265,500.00 ","267,500","271,500","262,000",1.01M,-0.75%
5/24/24," $267,500.00 ","268,500","274,500","266,000",1.05M,-1.47%
5/23/24," $271,500.00 ","273,500","275,000","267,500",1.87M,-1.99%
5/22/24," $277,000.00 ","253,000","277,500","251,000",3.32M,9.49%
5/21/24," $253,000.00 ","249,000","254,000","248,000",564.14K,1.00%
5/20/24," $250,500.00 ","245,500","255,000","244,500",845.84K,2.66%
5/17/24," $244,000.00 ","247,000","249,500","244,000",407.13K,-1.21%
5/16/24," $247,000.00 ","248,000","248,500","245,500",556.26K,0.20%
5/14/24," $246,500.00 ","245,500","247,000","243,000",668.10K,0.61%
5/13/24," $245,000.00 ","242,500","247,500","242,000",547.88K,1.45%
5/10/24," $241,500.00 ","239,000","243,000","237,000",453.31K,1.90%
5/9/24," $237,000.00 ","242,000","242,500","235,000",702.30K,-2.07%
5/8/24," $242,000.00 ","240,500","244,000","240,000",436.83K,0.00%
5/7/24," $242,000.00 ","242,500","246,000","240,000",797.16K,0.41%
5/3/24," $241,000.00 ","250,000","250,500","241,000",721.22K,-3.21%
5/2/24," $249,000.00 ","249,000","251,500","246,500",599.89K,-0.80%
4/30/24," $251,000.00 ","250,000","253,000","248,000",537.42K,-0.20%
4/29/24," $251,500.00 ","249,000","254,500","245,500",850.13K,0.80%
4/26/24," $249,500.00 ","250,000","253,500","243,000",977.03K,-0.20%
4/25/24," $250,000.00 ","251,000","254,000","246,000",1.29M,-0.99%
4/24/24," $252,500.00 ","249,000","253,500","247,500",1.24M,1.20%
4/23/24," $249,500.00 ","250,000","251,500","246,000",1.14M,1.84%
4/22/24," $245,000.00 ","240,000","246,000","239,500",1.31M,4.26%
4/19/24," $235,000.00 ","231,000","237,000","229,000",1.12M,1.73%
4/18/24," $231,000.00 ","237,000","239,000","228,500",1.11M,-1.07%
4/17/24," $233,500.00 ","242,000","243,000","233,500",1.03M,-3.51%
4/16/24," $242,000.00 ","239,000","244,500","236,500",1.18M,0.21%
4/15/24," $241,500.00 ","236,000","243,000","233,500",1.01M,1.47%
4/12/24," $238,000.00 ","241,000","241,500","237,000",993.90K,-1.24%
4/11/24," $241,000.00 ","222,000","241,000","220,000",1.85M,5.70%
4/9/24," $228,000.00 ","234,500","236,500","228,000",660.85K,-1.94%
4/8/24," $232,500.00 ","227,000","238,000","226,000",1.21M,3.10%
4/5/24," $225,500.00 ","223,500","230,000","223,000",1.11M,-0.22%
4/4/24," $226,000.00 ","218,500","228,500","216,500",1.31M,4.63%
4/3/24," $216,000.00 ","219,000","223,500","214,500",1.10M,-1.82%
4/2/24," $220,000.00 ","225,000","226,500","216,500",1.72M,-3.30%
4/1/24," $227,500.00 ","234,500","235,000","227,000",878.09K,-2.36%
3/29/24," $233,000.00 ","238,000","239,000","232,000",839.11K,-1.69%
3/28/24," $237,000.00 ","246,000","246,000","236,000",980.84K,-2.87%
3/27/24," $244,000.00 ","241,000","247,500","240,500",808.44K,1.46%
3/26/24," $240,500.00 ","239,000","244,000","238,500",792.39K,0.42%
3/25/24," $239,500.00 ","244,000","245,500","239,500",774.97K,-1.64%
3/22/24," $243,500.00 ","252,500","254,000","241,000",1.08M,-3.37%
3/21/24," $252,000.00 ","247,000","254,000","246,000",1.55M,4.56%
3/20/24," $241,000.00 ","240,000","246,000","237,500",1.23M,1.47%
3/19/24," $237,500.00 ","241,000","244,000","236,000",939.93K,-2.06%
3/18/24," $242,500.00 ","244,000","247,500","241,000",716.11K,-0.41%
3/17/24," $243,500.00 ","250,000","243,500","243,500",0.88K,0.00%
3/15/24," $243,500.00 ","250,000","254,500","243,500",1.16M,-3.18%
3/14/24," $251,500.00 ","248,000","255,000","246,000",1.56M,1.21%
3/13/24," $248,500.00 ","243,500","250,000","241,000",1.41M,2.90%
3/12/24," $241,500.00 ","244,000","247,000","240,000",1.09M,-0.82%
3/11/24," $243,500.00 ","251,000","252,500","242,000",1.17M,-3.75%
3/10/24," $253,000.00 ","253,000","253,000","253,000",,0.00%
3/8/24," $253,000.00 ","251,500","255,000","249,500",1.20M,1.20%
3/7/24," $250,000.00 ","252,500","258,000","247,500",983.20K,-0.40%
3/6/24," $251,000.00 ","247,000","254,000","246,000",1.09M,0.80%
3/5/24," $249,000.00 ","251,500","254,500","247,500",1.43M,-2.54%
3/4/24," $255,500.00 ","255,500","260,000","253,000",1.84M,2.00%
3/3/24," $250,500.00 ","250,500","250,500","250,500",,0.00%
2/29/24," $250,500.00 ","246,500","253,500","243,500",2.03M,1.01%
2/28/24," $248,000.00 ","234,000","250,000","231,500",1.90M,3.98%
2/27/24," $238,500.00 ","239,000","244,500","237,500",1.24M,-0.21%
2/26/24," $239,000.00 ","237,500","241,000","231,500",1.74M,-2.05%
2/25/24," $244,000.00 ","244,000","244,000","244,000",,0.00%
2/23/24," $244,000.00 ","244,000","249,500","242,000",1.64M,0.21%
2/22/24," $243,500.00 ","239,000","245,500","237,500",1.47M,1.67%
2/21/24," $239,500.00 ","242,000","246,000","237,500",1.13M,-1.03%
2/20/24," $242,000.00 ","250,000","253,000","238,500",1.91M,-4.16%
2/19/24," $252,500.00 ","253,500","257,000","248,500",1.78M,0.00%
2/18/24," $252,500.00 ","252,500","252,500","252,500",,0.00%
2/16/24," $252,500.00 ","241,500","253,000","235,500",2.23M,5.21%
2/15/24," $240,000.00 ","250,000","250,500","237,000",2.09M,-2.24%
2/14/24," $245,500.00 ","245,000","251,000","244,500",1.67M,-1.41%
2/13/24," $249,000.00 ","251,000","261,000","247,500",2.66M,-0.40%
2/12/24," $250,000.00 ","250,000","250,000","250,000",,0.00%
2/8/24," $250,000.00 ","243,000","250,500","241,500",2.99M,2.04%
2/7/24," $245,000.00 ","239,000","246,500","238,000",2.69M,4.03%
2/6/24," $235,500.00 ","234,000","240,000","230,500",3.10M,-1.05%
2/5/24," $238,000.00 ","233,500","239,500","226,000",5.70M,4.85%
2/4/24," $227,000.00 ","227,000","227,000","227,000",,0.00%
2/2/24," $227,000.00 ","221,500","228,000","214,000",5.81M,9.13%
2/1/24," $208,000.00 ","193,900","209,000","193,500",2.85M,6.89%
1/31/24," $194,600.00 ","189,300","195,400","188,500",1.01M,2.42%
1/30/24," $190,000.00 ","196,000","196,600","189,300",950.83K,-2.86%
1/29/24," $195,600.00 ","187,300","197,300","186,600",1.19M,4.43%
1/28/24," $187,300.00 ","187,300","187,300","187,300",,0.00%
1/26/24," $187,300.00 ","189,300","189,600","186,500",465.40K,-0.74%
1/25/24," $188,700.00 ","184,400","190,500","183,500",746.50K,2.00%
1/24/24," $185,000.00 ","185,300","185,400","182,100",345.24K,0.11%
1/23/24," $184,800.00 ","181,200","184,800","180,900",374.09K,2.61%
1/22/24," $180,100.00 ","182,300","182,400","179,800",354.12K,-0.88%
1/21/24," $181,700.00 ","181,700","181,700","181,700",,0.00%
1/19/24," $181,700.00 ","183,000","183,000","180,100",287.50K,0.83%
1/18/24," $180,200.00 ","180,000","182,500","179,900",431.33K,-0.88%
1/17/24," $181,800.00 ","186,300","186,400","181,000",479.48K,-2.36%
1/16/24," $186,200.00 ","186,600","188,100","185,700",224.57K,-0.69%
1/15/24," $187,500.00 ","186,000","188,600","185,800",250.35K,0.81%
1/14/24," $186,000.00 ","186,000","186,000","186,000",,0.00%
1/12/24," $186,000.00 ","186,600","187,400","185,800",239.48K,-0.53%
1/11/24," $187,000.00 ","187,200","189,000","187,000",532.72K,0.16%
1/10/24," $186,700.00 ","185,600","187,300","185,200",324.84K,0.59%
1/9/24," $185,600.00 ","187,800","187,800","185,500",346.45K,-0.05%
1/8/24," $185,700.00 ","187,600","188,900","185,500",321.88K,-0.85%
1/7/24," $187,300.00 ","187,300","187,300","187,300",,0.00%
1/5/24," $187,300.00 ","190,100","190,500","187,200",437.61K,-1.42%
1/4/24," $190,000.00 ","192,000","192,800","189,100",503.56K,-1.96%
1/3/24," $193,800.00 ","199,100","199,500","193,800",546.36K,-3.34%
1/2/24," $200,500.00 ","202,000","202,500","199,800",371.66K,-1.47%
12/28/23," $203,500.00 ","198,800","203,500","198,400",744.87K,2.52%
12/27/23," $198,500.00 ","198,700","199,300","197,200",323.75K,-0.15%
12/26/23," $198,800.00 ","200,500","200,500","197,700",406.75K,-0.10%
12/25/23," $199,000.00 ","199,000","199,000","199,000",,0.00%
12/22/23," $199,000.00 ","200,000","200,500","198,500",345.94K,0.15%
12/21/23," $198,700.00 ","197,500","202,000","197,100",541.22K,-0.20%
12/20/23," $199,100.00 ","192,700","199,700","192,600",958.81K,3.59%
12/19/23," $192,200.00 ","191,900","192,900","190,800",271.54K,0.10%
12/18/23," $192,000.00 ","192,800","193,000","190,000",480.11K,-0.41%
12/17/23," $192,800.00 ","192,800","192,800","192,800",,0.00%
12/15/23," $192,800.00 ","185,800","192,800","185,200",1.20M,4.33%
12/14/23," $184,800.00 ","187,000","187,100","184,200",756.49K,-0.11%
12/13/23," $185,000.00 ","185,300","186,200","184,400",286.19K,-0.32%
12/12/23," $185,600.00 ","185,500","186,400","185,000",326.92K,0.11%
12/11/23," $185,400.00 ","185,400","185,400","184,000",217.36K,0.16%
12/10/23," $185,100.00 ","185,100","185,100","185,100",,0.00%
12/8/23," $185,100.00 ","183,600","185,700","183,400",326.72K,1.37%
12/7/23," $182,600.00 ","181,400","183,300","181,400",295.42K,-0.16%
12/6/23," $182,900.00 ","181,100","183,400","181,100",279.26K,0.83%
12/5/23," $181,400.00 ","181,600","182,000","180,700",273.68K,-0.11%
12/4/23," $181,600.00 ","183,900","184,100","181,600",299.62K,-0.66%
12/3/23," $182,800.00 ","182,800","182,800","182,800",,0.00%
12/1/23," $182,800.00 ","183,300","183,800","181,700",297.55K,-0.81%
11/30/23," $184,300.00 ","184,200","184,900","182,100",551.81K,-0.27%
11/29/23," $184,800.00 ","185,700","186,500","184,700",283.94K,-0.48%
11/28/23," $185,700.00 ","185,900","185,900","183,600",269.10K,0.43%
11/27/23," $184,900.00 ","184,000","185,700","184,000",187.66K,0.49%
11/26/23," $184,000.00 ","184,000","184,000","184,000",,0.00%
11/24/23," $184,000.00 ","184,600","185,600","183,900",160.95K,-0.43%
11/23/23," $184,800.00 ","183,600","185,000","182,400",240.05K,0.98%
11/22/23," $183,000.00 ","182,300","183,400","181,200",218.51K,-0.65%
11/21/23," $184,200.00 ","184,700","184,800","183,500",252.13K,0.33%
11/20/23," $183,600.00 ","184,400","184,900","182,100",277.01K,-0.43%
11/19/23," $184,400.00 ","184,400","184,400","184,400",,0.00%
11/17/23," $184,400.00 ","185,900","185,900","183,500",259.42K,-0.22%
11/16/23," $184,800.00 ","182,500","186,400","181,800",421.76K,1.26%
11/15/23," $182,500.00 ","178,700","182,600","178,600",803.24K,4.17%
11/14/23," $175,200.00 ","174,900","175,900","173,900",327.98K,1.10%
11/13/23," $173,300.00 ","175,000","175,000","172,800",320.60K,-0.23%
11/10/23," $173,700.00 ","173,800","175,300","173,500",248.41K,-0.57%
11/9/23," $174,700.00 ","174,700","175,700","174,200",374.38K,-0.06%
11/8/23," $174,800.00 ","177,900","179,000","174,500",393.64K,-0.74%
11/7/23," $176,100.00 ","177,500","177,500","174,200",531.63K,-1.01%
11/6/23," $177,900.00 ","175,400","177,900","174,900",657.27K,2.60%
11/3/23," $173,400.00 ","175,000","175,400","172,700",430.11K,0.81%
11/2/23," $172,000.00 ","172,000","175,100","171,500",657.82K,1.00%
11/1/23," $170,300.00 ","170,800","171,500","169,400",448.00K,0.35%
10/31/23," $169,700.00 ","174,300","175,900","169,300",683.09K,-1.62%
10/30/23," $172,500.00 ","175,000","176,300","171,400",724.26K,-1.77%
10/29/23," $175,600.00 ","175,600","175,600","175,600",,0.00%
10/27/23," $175,600.00 ","181,200","182,900","174,600",782.58K,-2.17%
10/26/23," $179,500.00 ","180,300","182,500","178,500",633.94K,-1.37%
10/25/23," $182,000.00 ","182,700","183,700","182,000",373.25K,-0.44%
10/24/23," $182,800.00 ","186,900","187,000","181,400",416.79K,-1.40%
10/23/23," $185,400.00 ","184,200","186,100","183,800",285.78K,1.04%
10/22/23," $183,500.00 ","183,500","183,500","183,500",,0.00%
10/20/23," $183,500.00 ","187,800","188,600","183,500",596.69K,-2.86%
10/19/23," $188,900.00 ","189,900","190,800","188,800",382.14K,-1.51%
10/18/23," $191,800.00 ","190,400","193,000","189,500",532.29K,1.75%
10/17/23," $188,500.00 ","188,300","189,300","187,100",411.94K,0.91%
10/16/23," $186,800.00 ","186,900","188,300","186,500",290.44K,-0.16%
10/15/23," $187,100.00 ","187,100","187,100","187,100",,0.00%
10/13/23," $187,100.00 ","187,500","188,400","187,100",253.07K,-0.48%
10/12/23," $188,000.00 ","189,600","189,800","187,700",449.44K,-0.74%
10/11/23," $189,400.00 ","189,000","191,400","189,000",429.00K,0.53%
10/10/23," $188,400.00 ","192,700","192,800","187,700",573.81K,-1.98%
10/9/23," $192,200.00 ","192,200","192,200","192,200",,0.00%
10/6/23," $192,200.00 ","191,000","192,600","189,600",332.79K,0.89%
10/5/23," $190,500.00 ","190,900","192,200","189,500",394.90K,-0.16%
10/4/23," $190,800.00 ","188,000","193,200","187,100",631.82K,-0.16%
10/3/23," $191,100.00 ","191,100","191,100","191,100",,0.00%
9/27/23," $191,100.00 ","189,200","192,400","189,000",321.70K,0.21%
9/26/23," $190,700.00 ","191,600","192,900","189,900",301.31K,-1.14%
9/25/23," $192,900.00 ","191,700","193,500","189,600",345.21K,0.73%
9/24/23," $191,500.00 ","191,500","191,500","191,500",,0.00%
9/22/23," $191,500.00 ","189,600","192,400","189,200",319.18K,-0.21%
9/21/23," $191,900.00 ","194,400","194,500","191,600",321.71K,-1.54%
9/20/23," $194,900.00 ","190,600","196,000","190,000",630.89K,2.58%
9/19/23," $190,000.00 ","191,500","193,200","190,000",289.09K,-0.52%
9/18/23," $191,000.00 ","191,200","192,200","190,200",289.26K,-0.62%
9/17/23," $192,200.00 ","192,200","192,200","192,200",,0.00%
9/15/23," $192,200.00 ","190,700","192,700","189,100",511.61K,0.79%
9/14/23," $190,700.00 ","191,200","191,200","188,600",627.28K,0.47%
9/13/23," $189,800.00 ","187,300","190,700","187,200",578.38K,1.93%
9/12/23," $186,200.00 ","186,500","188,400","185,600",272.91K,0.38%
9/11/23," $185,500.00 ","185,700","186,300","184,400",194.26K,-0.11%
9/10/23," $185,700.00 ","185,700","185,700","185,700",,0.00%
9/8/23," $185,700.00 ","187,500","187,500","185,200",190.72K,-0.80%
9/7/23," $187,200.00 ","185,500","187,200","185,400",297.90K,0.27%
9/6/23," $186,700.00 ","186,000","188,300","186,000",259.08K,0.05%
9/5/23," $186,600.00 ","186,500","186,900","185,600",289.73K,-0.37%
9/4/23," $187,300.00 ","186,400","187,400","185,600",306.48K,-0.05%
9/3/23," $187,400.00 ","187,400","187,400","187,400",,0.00%
9/1/23," $187,400.00 ","188,000","188,900","186,700",280.29K,-0.90%
8/31/23," $189,100.00 ","187,800","189,100","186,200",582.79K,0.69%
8/30/23," $187,800.00 ","188,600","189,300","187,800",330.22K,0.59%
8/29/23," $186,700.00 ","185,500","188,200","185,400",315.80K,0.70%
8/28/23," $185,400.00 ","186,200","186,900","184,700",297.83K,-0.43%
8/27/23," $186,200.00 ","186,200","186,200","186,200",,0.00%
8/25/23," $186,200.00 ","184,200","187,000","184,200",363.25K,-0.11%
8/24/23," $186,400.00 ","188,300","189,300","186,000",318.10K,-0.59%
8/23/23," $187,500.00 ","186,500","188,700","186,000",251.61K,-0.21%
8/22/23," $187,900.00 ","186,200","187,900","186,200",296.84K,0.97%
8/21/23," $186,100.00 ","187,000","187,200","185,300",279.03K,0.00%
8/20/23," $186,100.00 ","186,100","186,100","186,100",,0.00%
8/18/23," $186,100.00 ","182,600","187,500","182,600",419.45K,0.70%
8/17/23," $184,800.00 ","184,900","185,500","182,600",456.26K,-0.54%
8/16/23," $185,800.00 ","186,900","188,100","185,300",556.59K,-1.59%
8/15/23," $188,800.00 ","188,800","188,800","188,800",,0.00%
8/14/23," $188,800.00 ","190,000","190,500","188,300",295.17K,-0.89%
8/13/23," $190,500.00 ","190,500","190,500","190,500",,0.00%
8/11/23," $190,500.00 ","188,900","193,200","188,400",524.01K,1.11%
8/10/23," $188,400.00 ","189,000","190,300","188,100",487.64K,-0.53%
8/9/23," $189,400.00 ","188,400","189,800","187,500",365.26K,0.53%
8/8/23," $188,400.00 ","188,000","190,500","187,700",555.93K,0.21%
8/7/23," $188,000.00 ","191,000","191,100","187,300",838.68K,-2.19%
8/6/23," $192,200.00 ","192,200","192,200","192,200",,0.00%
8/4/23," $192,200.00 ","191,600","193,400","190,500",371.13K,0.26%
8/3/23," $191,700.00 ","192,500","194,300","190,800",529.35K,-0.42%
8/2/23," $192,500.00 ","197,800","198,800","192,400",911.13K,-3.46%
8/1/23," $199,400.00 ","195,200","199,600","194,600",694.07K,1.73%
7/31/23," $196,000.00 ","198,000","198,200","195,100",666.82K,-0.41%
7/30/23," $196,800.00 ","196,800","196,800","196,800",,0.00%
7/28/23," $196,800.00 ","196,500","201,500","196,500",778.34K,-0.51%
7/27/23," $197,800.00 ","202,500","203,000","194,000",1.24M,-0.45%
7/26/23," $198,700.00 ","201,000","202,000","195,000",1.34M,-0.90%
7/25/23," $200,500.00 ","199,900","202,500","199,200",490.09K,0.65%
7/24/23," $199,200.00 ","199,100","200,500","197,600",612.52K,-0.40%
7/23/23," $200,000.00 ","200,000","200,000","200,000",,0.00%
7/21/23," $200,000.00 ","199,700","201,000","198,200",506.51K,-0.25%
7/20/23," $200,500.00 ","202,000","204,000","200,000",527.67K,-0.74%
7/19/23," $202,000.00 ","201,500","203,500","200,000",490.07K,0.25%
7/18/23," $201,500.00 ","204,000","205,000","201,000",498.40K,-0.98%
7/17/23," $203,500.00 ","207,000","208,500","203,500",514.29K,-2.40%
7/16/23," $208,500.00 ","208,500","208,500","208,500",,0.00%
7/14/23," $208,500.00 ","204,500","209,000","204,500",654.41K,2.46%
7/13/23," $203,500.00 ","205,000","205,000","203,000",539.93K,0.00%
7/12/23," $203,500.00 ","206,000","206,500","202,500",501.41K,-1.69%
7/11/23," $207,000.00 ","206,500","208,000","205,000",536.88K,0.73%
7/10/23," $205,500.00 ","205,000","208,000","202,000",509.91K,0.74%
7/9/23," $204,000.00 ","204,000","204,000","204,000",,0.00%
7/7/23," $204,000.00 ","205,500","206,000","202,500",474.94K,-1.21%
7/6/23," $206,500.00 ","204,000","208,500","204,000",641.76K,0.49%
7/5/23," $205,500.00 ","208,000","209,500","204,500",584.90K,-1.20%
7/4/23," $208,000.00 ","208,500","210,000","206,500",423.72K,-0.24%
7/3/23," $208,500.00 ","207,500","208,500","205,500",543.73K,0.97%
7/2/23," $206,500.00 ","206,500","206,500","206,500",,0.00%
6/30/23," $206,500.00 ","204,500","209,000","204,500",543.09K,0.98%
6/29/23," $204,500.00 ","205,500","206,000","204,000",314.27K,-0.73%
6/28/23," $206,000.00 ","206,000","206,500","203,000",627.23K,0.00%
6/27/23," $206,000.00 ","201,000","206,000","201,000",805.63K,2.74%
6/26/23," $200,500.00 ","199,900","202,500","199,900",305.05K,0.30%
6/25/23," $199,900.00 ","199,900","199,900","199,900",,0.00%
6/23/23," $199,900.00 ","201,000","202,000","199,000",347.95K,-1.04%
6/22/23," $202,000.00 ","202,500","203,500","200,500",390.66K,-0.98%
6/21/23," $204,000.00 ","197,900","205,000","196,300",1.02M,3.08%
6/20/23," $197,900.00 ","198,300","199,000","197,000",329.64K,-0.70%
6/19/23," $199,300.00 ","198,000","199,400","197,000",374.60K,-0.05%
6/18/23," $199,400.00 ","199,400","199,400","199,400",,0.00%
6/16/23," $199,400.00 ","201,000","201,500","198,000",544.05K,-0.15%
6/15/23," $199,700.00 ","201,500","202,000","199,400",353.85K,-0.65%
6/14/23," $201,000.00 ","198,800","201,500","198,500",658.88K,1.52%
6/13/23," $198,000.00 ","196,700","198,200","196,200",473.79K,0.92%
6/12/23," $196,200.00 ","197,500","198,500","195,100",427.94K,-0.46%
6/11/23," $197,100.00 ","197,100","197,100","197,100",,0.00%
6/9/23," $197,100.00 ","197,400","198,300","196,300",414.51K,0.20%
6/8/23," $196,700.00 ","195,500","197,200","194,000",917.01K,0.15%
6/7/23," $196,400.00 ","202,500","203,000","195,400",954.59K,-2.29%
6/6/23," $201,000.00 ","201,000","201,000","201,000",,0.00%
6/5/23," $201,000.00 ","201,500","203,500","200,000",425.95K,0.75%
6/2/23," $199,500.00 ","198,500","199,800","198,100",415.11K,1.01%
6/1/23," $197,500.00 ","199,800","199,800","196,300",788.43K,-1.25%
5/31/23," $200,000.00 ","200,500","203,000","200,000",876.40K,-0.25%
5/30/23," $200,500.00 ","207,000","207,000","200,000",858.88K,-2.43%
5/29/23," $205,500.00 ","205,500","205,500","205,500",,0.00%
5/26/23," $205,500.00 ","204,500","205,500","201,000",594.30K,0.98%
5/25/23," $203,500.00 ","206,000","206,500","203,000",525.84K,-1.93%
5/24/23," $207,500.00 ","206,000","208,000","205,500",303.68K,0.00%
5/23/23," $207,500.00 ","209,000","209,000","207,000",355.53K,0.00%
5/22/23," $207,500.00 ","206,000","208,500","204,500",467.43K,0.97%
5/21/23," $205,500.00 ","205,500","205,500","205,500",,0.00%
5/19/23," $205,500.00 ","206,000","207,500","204,000",526.48K,-0.48%
5/18/23," $206,500.00 ","207,000","207,000","205,000",475.74K,0.98%
5/17/23," $204,500.00 ","202,500","205,500","202,500",547.64K,0.99%
5/16/23," $202,500.00 ","206,500","207,500","201,000",871.57K,-2.64%
5/15/23," $208,000.00 ","207,000","209,000","204,000",591.57K,-0.24%
5/14/23," $208,500.00 ","208,500","208,500","208,500",,0.00%
5/12/23," $208,500.00 ","207,000","209,500","205,500",538.66K,0.24%
5/11/23," $208,000.00 ","211,500","211,500","208,000",915.63K,-0.95%
5/10/23," $210,000.00 ","206,000","211,000","205,000",1.47M,2.44%
5/9/23," $205,000.00 ","202,000","205,500","199,900",702.22K,1.23%
5/8/23," $202,500.00 ","201,000","203,000","200,000",588.58K,1.66%
5/7/23," $199,200.00 ","199,200","199,200","199,200",,0.00%
5/4/23," $199,200.00 ","200,000","201,000","197,400",471.52K,-0.90%
5/3/23," $201,000.00 ","200,500","202,000","198,500",458.09K,-0.25%
5/2/23," $201,500.00 ","198,500","202,000","197,700",570.53K,2.03%
5/1/23," $197,500.00 ","197,500","197,500","197,500",,0.00%
4/28/23," $197,500.00 ","203,000","203,500","196,200",1.05M,-2.23%
4/27/23," $202,000.00 ","201,500","205,000","200,500",973.03K,0.25%
4/26/23," $201,500.00 ","205,500","207,500","199,900",2.21M,0.25%
4/25/23," $201,000.00 ","193,000","201,500","191,200",2.06M,4.74%
4/24/23," $191,900.00 ","190,600","193,100","190,600",433.47K,0.79%
4/23/23," $190,400.00 ","190,400","190,400","190,400",,0.00%
4/21/23," $190,400.00 ","191,100","191,800","188,300",452.50K,-1.09%
4/20/23," $192,500.00 ","193,000","194,100","191,400",422.80K,-0.57%
4/19/23," $193,600.00 ","191,400","194,200","190,300",569.94K,1.15%
4/18/23," $191,400.00 ","192,700","193,000","188,200",960.04K,-1.85%
4/17/23," $195,000.00 ","195,400","196,100","193,800",494.82K,-0.56%
4/16/23," $196,100.00 ","196,100","196,100","196,100",,0.00%
4/14/23," $196,100.00 ","199,500","199,700","196,000",667.02K,-1.41%
4/13/23," $198,900.00 ","199,000","199,900","196,200",820.36K,0.35%
4/12/23," $198,200.00 ","195,000","199,500","194,600",1.51M,3.18%
4/11/23," $192,100.00 ","186,600","192,400","185,100",1.06M,3.34%
4/10/23," $185,900.00 ","186,000","188,500","184,200",479.26K,0.43%
4/9/23," $185,100.00 ","185,100","185,100","185,100",,0.00%
4/7/23," $185,100.00 ","185,400","186,500","184,600",434.97K,0.00%
4/6/23," $185,100.00 ","186,900","189,400","184,700",666.18K,-0.86%
4/5/23," $186,700.00 ","185,100","187,200","184,000",508.12K,1.58%
4/4/23," $183,800.00 ","184,000","186,500","183,300",507.65K,0.11%
4/3/23," $183,600.00 ","184,600","185,500","182,300",529.88K,-0.49%
4/2/23," $184,500.00 ","184,500","184,500","184,500",,0.00%
3/31/23," $184,500.00 ","182,000","184,900","181,900",655.92K,1.82%
3/30/23," $181,200.00 ","179,200","181,900","178,800",525.56K,0.44%
3/29/23," $180,400.00 ","175,800","180,700","175,800",570.61K,1.86%
3/28/23," $177,100.00 ","177,100","178,300","175,800",339.32K,0.57%
3/27/23," $176,100.00 ","177,700","177,700","174,800",401.17K,-0.90%
3/26/23," $177,700.00 ","177,700","177,700","177,700",,0.00%
3/24/23," $177,700.00 ","180,600","180,600","175,300",648.26K,-1.55%
3/23/23," $180,500.00 ","179,300","182,400","178,700",589.57K,0.11%
3/22/23," $180,300.00 ","177,000","180,500","176,700",716.76K,2.56%
3/21/23," $175,800.00 ","175,900","176,900","174,800",296.89K,0.40%
3/20/23," $175,100.00 ","176,500","177,000","174,800",365.35K,-0.85%
3/19/23," $176,600.00 ","176,600","176,600","176,600",,0.00%
3/17/23," $176,600.00 ","175,200","176,600","173,200",506.64K,1.49%
3/16/23," $174,000.00 ","172,800","174,800","171,800",391.69K,-0.17%
3/15/23," $174,300.00 ","172,700","175,500","172,700",480.40K,1.93%
3/14/23," $171,000.00 ","175,200","175,900","170,500",587.94K,-2.84%
3/13/23," $176,000.00 ","174,400","176,300","173,500",528.94K,0.57%
3/12/23," $175,000.00 ","175,000","175,000","175,000",,0.00%
3/10/23," $175,000.00 ","174,700","176,700","174,600",442.67K,-0.74%
3/9/23," $176,300.00 ","176,600","180,400","175,700",804.45K,0.80%
3/8/23," $174,900.00 ","174,300","176,100","174,100",488.82K,-0.11%
3/7/23," $175,100.00 ","176,500","177,500","175,100",461.31K,-1.35%
3/6/23," $177,500.00 ","177,800","178,500","176,000",546.11K,0.80%
3/5/23," $176,100.00 ","176,100","176,100","176,100",,0.00%
3/3/23," $176,100.00 ","177,500","178,200","175,000",547.94K,-1.34%
3/2/23," $178,500.00 ","176,500","179,800","176,500",720.86K,1.25%
3/1/23," $176,300.00 ","176,300","176,300","176,300",,0.00%
2/28/23," $176,300.00 ","174,100","178,100","174,000",759.99K,1.73%
2/27/23," $173,300.00 ","173,100","173,600","170,200",426.38K,-0.35%
2/26/23," $173,900.00 ","173,900","173,900","173,900",,0.00%
2/24/23," $173,900.00 ","176,200","177,300","173,800",359.49K,-1.31%
2/23/23," $176,200.00 ","174,400","178,600","174,300",444.66K,1.15%
2/22/23," $174,200.00 ","175,800","176,900","174,000",429.27K,-2.24%
2/21/23," $178,200.00 ","178,500","179,000","175,500",452.64K,0.00%
2/20/23," $178,200.00 ","179,400","179,400","176,600",404.22K,-0.45%
2/19/23," $179,000.00 ","179,000","179,000","179,000",,0.00%
2/17/23," $179,000.00 ","177,400","179,800","177,000",456.81K,-0.17%
2/16/23," $179,300.00 ","173,400","180,000","173,300",1.07M,3.82%
2/15/23," $172,700.00 ","174,600","175,300","171,800",450.34K,-0.58%
2/14/23," $173,700.00 ","172,900","175,700","172,700",501.94K,1.22%
2/13/23," $171,600.00 ","172,700","174,300","171,300",371.53K,-1.04%
2/12/23," $173,400.00 ","173,400","173,400","173,400",,0.00%
2/10/23," $173,400.00 ","171,600","173,500","171,100",371.97K,0.46%
2/9/23," $172,600.00 ","171,900","174,000","171,500",581.47K,-0.06%
2/8/23," $172,700.00 ","171,500","173,000","170,200",441.79K,1.29%
2/7/23," $170,500.00 ","171,000","171,200","169,500",531.66K,-0.12%
2/6/23," $170,700.00 ","174,000","174,700","170,700",581.43K,-1.22%
2/5/23," $172,800.00 ","172,800","172,800","172,800",,0.00%
2/3/23," $172,800.00 ","170,100","174,500","169,600",767.05K,1.71%
2/2/23," $169,900.00 ","171,500","172,900","169,300",546.24K,-0.06%
2/1/23," $170,000.00 ","169,200","171,500","168,700",597.16K,1.80%
1/31/23," $167,000.00 ","169,000","170,400","167,000",684.99K,-1.76%
1/30/23," $170,000.00 ","174,400","175,700","169,400",789.62K,-2.24%
1/29/23," $173,900.00 ","173,900","173,900","173,900",,0.00%
1/27/23," $173,900.00 ","177,000","177,600","173,300",1.15M,-0.57%
1/26/23," $174,900.00 ","166,600","176,200","166,600",1.68M,5.55%
1/25/23," $165,700.00 ","166,100","166,500","165,200",357.48K,0.73%
1/24/23," $164,500.00 ","164,500","164,500","164,500",,0.00%
1/20/23," $164,500.00 ","163,000","164,500","163,000",294.93K,0.30%
1/19/23," $164,000.00 ","162,000","164,000","162,000",352.68K,-0.30%
1/18/23," $164,500.00 ","166,500","166,500","162,500",498.76K,-0.90%
1/17/23," $166,000.00 ","166,500","167,000","164,500",449.99K,-0.30%
1/16/23," $166,500.00 ","166,500","167,500","163,500",796.47K,-1.48%
1/15/23," $169,000.00 ","169,000","169,000","169,000",,0.00%
1/13/23," $169,000.00 ","167,500","170,000","167,000",705.94K,1.50%
1/12/23," $166,500.00 ","166,000","168,000","164,500",868.00K,1.52%
1/11/23," $164,000.00 ","163,500","165,000","163,000",365.93K,0.61%
1/10/23," $163,000.00 ","162,500","164,000","161,500",409.41K,-0.61%
1/9/23," $164,000.00 ","161,000","164,500","160,000",612.37K,2.82%
1/6/23," $159,500.00 ","157,500","161,500","157,500",499.83K,0.31%
1/5/23," $159,000.00 ","161,000","161,500","158,000",574.82K,-0.93%
1/4/23," $160,500.00 ","157,500","161,000","157,500",460.10K,0.94%
1/3/23," $159,000.00 ","158,500","160,500","156,000",783.31K,1.27%
1/2/23," $157,000.00 ","154,000","161,000","154,000",1.13M,3.97%
12/29/22," $151,000.00 ","153,000","154,000","150,500",544.92K,-1.95%
12/28/22," $154,000.00 ","156,000","156,500","154,000",544.45K,-2.53%
12/27/22," $158,000.00 ","158,500","160,000","157,000",597.75K,0.00%
12/26/22," $158,000.00 ","157,000","159,000","157,000",386.38K,0.64%
12/25/22," $157,000.00 ","157,000","157,000","157,000",,0.00%
12/23/22," $157,000.00 ","157,000","158,000","155,500",335.01K,-0.95%
12/22/22," $158,500.00 ","156,500","159,500","156,500",450.42K,1.60%
12/21/22," $156,000.00 ","157,000","157,500","155,500",527.46K,-0.64%
12/20/22," $157,000.00 ","158,000","158,500","154,500",896.69K,-1.26%
12/19/22," $159,000.00 ","160,500","161,500","157,500",730.24K,-2.15%
12/18/22," $162,500.00 ","162,500","162,500","162,500",,0.00%
12/16/22," $162,500.00 ","160,000","163,000","160,000",440.11K,0.31%
12/15/22," $162,000.00 ","162,500","165,000","162,000",379.94K,-0.92%
12/14/22," $163,500.00 ","160,000","165,000","159,500",613.45K,2.51%
12/13/22," $159,500.00 ","164,000","164,000","158,000",751.26K,-2.45%
12/12/22," $163,500.00 ","162,000","163,500","162,000",231.31K,0.62%
12/11/22," $162,500.00 ","162,500","162,500","162,500",,0.00%
12/9/22," $162,500.00 ","163,500","164,000","162,000",460.00K,0.31%
12/8/22," $162,000.00 ","163,500","163,500","161,000",701.41K,-0.61%
12/7/22," $163,000.00 ","163,500","165,000","163,000",371.41K,-0.91%
12/6/22," $164,500.00 ","164,000","165,000","162,500",428.11K,-0.60%
12/5/22," $165,500.00 ","169,500","170,000","164,500",781.92K,-2.07%
12/4/22," $169,000.00 ","169,000","169,000","169,000",,0.00%
12/2/22," $169,000.00 ","172,000","172,500","168,500",450.97K,-1.46%
12/1/22," $171,500.00 ","172,000","173,000","170,500",497.92K,1.48%
11/30/22," $169,000.00 ","169,000","170,500","168,500",424.50K,0.00%
11/29/22," $169,000.00 ","168,000","169,500","167,000",338.86K,0.90%
11/28/22," $167,500.00 ","166,000","169,500","164,000",549.45K,0.90%
11/27/22," $166,000.00 ","166,000","166,000","166,000",,0.00%
11/25/22," $166,000.00 ","168,000","168,500","166,000",353.50K,-0.90%
11/24/22," $167,500.00 ","168,000","168,500","166,500",320.51K,0.90%
11/23/22," $166,000.00 ","166,500","167,500","164,000",447.50K,0.30%
11/22/22," $165,500.00 ","167,500","168,000","165,000",450.13K,-1.49%
11/21/22," $168,000.00 ","169,500","170,000","166,500",513.75K,-0.88%
11/20/22," $169,500.00 ","169,500","169,500","169,500",,0.00%
11/18/22," $169,500.00 ","170,000","173,000","169,500",531.61K,-0.29%
11/17/22," $170,000.00 ","171,000","172,500","169,500",493.94K,-1.16%
11/16/22," $172,000.00 ","175,000","175,500","170,500",633.18K,-1.43%
11/15/22," $174,500.00 ","176,500","177,000","173,000",834.94K,-0.85%
11/14/22," $176,000.00 ","174,500","179,500","174,000",1.37M,2.33%
11/13/22," $172,000.00 ","172,000","172,000","172,000",,0.00%
11/11/22," $172,000.00 ","174,500","175,500","171,000",973.01K,1.47%
11/10/22," $169,500.00 ","167,000","173,000","166,500",1.01M,0.00%
11/9/22," $169,500.00 ","170,500","172,000","167,000",949.73K,-0.29%
11/8/22," $170,000.00 ","171,500","172,000","167,500",800.85K,0.29%
11/7/22," $169,500.00 ","166,500","170,000","165,500",1.12M,3.99%
11/6/22," $163,000.00 ","163,000","163,000","163,000",,0.00%
11/4/22," $163,000.00 ","162,000","164,000","161,500",515.34K,0.62%
11/3/22," $162,000.00 ","162,500","163,000","160,500",987.79K,-1.82%
11/2/22," $165,000.00 ","164,500","165,000","162,000",925.62K,0.30%
11/1/22," $164,500.00 ","163,500","165,000","162,000",621.53K,0.00%
10/31/22," $164,500.00 ","166,000","166,500","162,000",612.14K,0.30%
10/30/22," $164,000.00 ","164,000","164,000","164,000",,0.00%
10/28/22," $164,000.00 ","162,000","166,000","161,500",749.14K,1.23%
10/27/22," $162,000.00 ","161,000","163,500","160,500",872.82K,0.93%
10/26/22," $160,500.00 ","163,000","164,000","160,000",1.01M,-1.23%
10/25/22," $162,500.00 ","162,500","163,000","160,000",963.62K,0.62%
10/24/22," $161,500.00 ","169,000","169,500","161,500",1.43M,-3.29%
10/23/22," $167,000.00 ","167,000","167,000","167,000",,0.00%
10/21/22," $167,000.00 ","169,000","169,500","165,500",693.07K,-0.89%
10/20/22," $168,500.00 ","168,500","169,500","166,500",684.39K,0.30%
10/19/22," $168,000.00 ","166,000","172,500","166,000",1.10M,0.00%
10/18/22," $168,000.00 ","170,500","171,500","165,000",1.23M,0.60%
10/17/22," $167,000.00 ","166,000","168,500","164,000",656.59K,0.00%
10/16/22," $167,000.00 ","167,000","167,000","167,000",,0.00%
10/14/22," $167,000.00 ","167,000","168,000","165,000",653.06K,1.52%
10/13/22," $164,500.00 ","167,500","168,000","164,500",683.30K,-2.08%
10/12/22," $168,000.00 ","166,500","169,500","165,500",815.99K,0.00%
10/11/22," $168,000.00 ","170,000","170,500","166,000",1.14M,-4.27%
10/10/22," $175,500.00 ","175,500","175,500","175,500",,0.00%
10/7/22," $175,500.00 ","176,500","176,500","174,000",539.22K,-1.40%
10/6/22," $178,000.00 ","178,500","179,500","175,000",600.32K,0.56%
10/5/22," $177,000.00 ","183,500","184,000","172,000",1.14M,-1.39%
10/4/22," $179,500.00 ","179,000","183,000","177,500",822.99K,1.70%
10/3/22," $176,500.00 ","176,500","176,500","176,500",,0.00%
9/30/22," $176,500.00 ","181,000","183,000","174,000",993.94K,-2.75%
9/29/22," $181,500.00 ","182,500","184,000","181,000",708.61K,1.11%
9/28/22," $179,500.00 ","184,000","184,500","177,500",1.16M,-3.49%
9/27/22," $186,000.00 ","182,500","186,000","182,000",864.57K,1.92%
9/26/22," $182,500.00 ","187,000","187,500","180,500",1.39M,-4.20%
9/25/22," $190,500.00 ","190,500","190,500","190,500",,0.00%
9/23/22," $190,500.00 ","194,000","195,500","190,500",677.31K,-1.55%
9/22/22," $193,500.00 ","194,500","197,000","192,500",528.71K,-1.78%
9/21/22," $197,000.00 ","197,000","197,500","194,500",618.62K,-0.76%
9/20/22," $198,500.00 ","202,500","202,500","198,500",690.46K,-1.49%
9/19/22," $201,500.00 ","201,500","202,000","198,000",677.15K,0.25%
9/18/22," $201,000.00 ","201,000","201,000","201,000",,0.00%
9/16/22," $201,000.00 ","199,500","202,500","199,000",904.01K,1.52%
9/15/22," $198,000.00 ","199,000","201,000","198,000",400.25K,-0.25%
9/14/22," $198,500.00 ","197,000","200,000","196,000",665.35K,-1.00%
9/13/22," $200,500.00 ","200,500","201,500","198,000",908.30K,0.25%
9/12/22," $200,000.00 ","200,000","200,000","200,000",,0.00%
9/8/22," $200,000.00 ","202,500","203,000","198,500",852.65K,-0.99%
9/7/22," $202,000.00 ","201,000","203,000","199,000",754.66K,0.50%
9/6/22," $201,000.00 ","200,500","201,000","198,000",587.71K,0.50%
9/5/22," $200,000.00 ","197,500","201,000","197,500",870.14K,1.78%
9/4/22," $196,500.00 ","196,500","196,500","196,500",,0.00%
9/2/22," $196,500.00 ","199,000","203,500","196,000",1.40M,0.51%
9/1/22," $195,500.00 ","193,500","197,500","191,000",781.96K,-0.26%
8/31/22," $196,000.00 ","195,000","197,500","194,500",708.58K,0.26%
8/30/22," $195,500.00 ","190,500","196,000","190,500",883.28K,3.71%
8/29/22," $188,500.00 ","188,500","189,000","186,500",598.99K,-2.58%
8/28/22," $193,500.00 ","193,500","193,500","193,500",,0.00%
8/26/22," $193,500.00 ","192,500","194,000","191,500",472.18K,0.78%
8/25/22," $192,000.00 ","189,000","192,500","188,500",546.35K,2.13%
8/24/22," $188,000.00 ","190,000","191,000","185,500",697.52K,-0.53%
8/23/22," $189,000.00 ","189,000","193,000","188,000",708.89K,0.00%
8/22/22," $189,000.00 ","187,500","192,000","187,000",530.43K,-0.53%
8/21/22," $190,000.00 ","190,000","190,000","190,000",,0.00%
8/19/22," $190,000.00 ","187,000","191,500","186,500",765.89K,2.15%
8/18/22," $186,000.00 ","186,500","187,500","184,000",1.43M,-2.11%
8/17/22," $190,000.00 ","195,000","196,500","188,000",1.40M,-3.80%
8/16/22," $197,500.00 ","198,000","199,500","196,000",503.08K,0.77%
8/15/22," $196,000.00 ","196,000","196,000","196,000",,0.00%
8/12/22," $196,000.00 ","193,500","197,500","193,500",623.50K,1.55%
8/11/22," $193,000.00 ","195,000","195,000","192,500",726.48K,0.26%
8/10/22," $192,500.00 ","193,000","194,500","192,000",505.71K,-0.52%
8/9/22," $193,500.00 ","195,500","196,000","191,000",959.89K,-1.28%
8/8/22," $196,000.00 ","193,500","196,000","193,000",631.97K,0.77%
8/5/22," $194,500.00 ","196,000","197,500","193,500",915.83K,-1.02%
8/4/22," $196,500.00 ","198,000","198,500","194,500",618.46K,-0.25%
8/3/22," $197,000.00 ","197,000","198,000","196,000",679.12K,0.25%
8/2/22," $196,500.00 ","196,500","197,000","193,500",709.97K,0.26%
8/1/22," $196,000.00 ","196,000","198,000","195,000",599.31K,0.00%
7/29/22," $196,000.00 ","196,000","197,000","194,000",841.74K,0.51%
7/28/22," $195,000.00 ","198,000","198,000","194,000",755.17K,-0.51%
7/27/22," $196,000.00 ","196,000","197,000","193,000",601.29K,0.00%
7/26/22," $196,000.00 ","196,000","196,500","192,500",733.76K,0.00%
7/25/22," $196,000.00 ","192,500","198,500","192,500",1.34M,2.62%
7/22/22," $191,000.00 ","191,000","193,000","188,000",1.37M,1.06%
7/21/22," $189,000.00 ","189,000","193,500","185,500",2.13M,0.00%
7/20/22," $189,000.00 ","191,500","191,500","188,500",981.57K,0.27%
7/19/22," $188,500.00 ","185,000","189,000","184,500",811.45K,1.62%
7/18/22," $185,500.00 ","187,000","188,500","183,500",694.59K,1.09%
7/15/22," $183,500.00 ","183,000","184,500","178,500",763.86K,0.55%
7/14/22," $182,500.00 ","183,000","184,500","180,500",772.22K,-0.54%
7/13/22," $183,500.00 ","180,000","185,000","178,500",933.99K,2.51%
7/12/22," $179,000.00 ","180,000","181,500","177,000",537.01K,0.00%
7/11/22," $179,000.00 ","180,000","182,000","179,000",658.93K,0.56%
7/10/22," $178,000.00 ","178,000","178,000","178,000",,0.00%
7/8/22," $178,000.00 ","177,500","180,500","177,000",822.67K,1.71%
7/7/22," $175,000.00 ","175,000","177,000","172,500",534.47K,1.45%
7/6/22," $172,500.00 ","176,000","177,000","172,000",919.59K,-2.82%
7/5/22," $177,500.00 ","180,000","181,000","173,500",1.09M,-0.28%
7/4/22," $178,000.00 ","181,000","183,000","175,000",1.00M,-1.11%
7/3/22," $180,000.00 ","180,000","180,000","180,000",,0.00%
7/1/22," $180,000.00 ","181,500","185,000","179,500",908.54K,-0.28%
6/30/22," $180,500.00 ","176,500","184,500","175,500",1.64M,2.85%
6/29/22," $175,500.00 ","180,000","181,000","172,500",2.54M,-5.65%
6/28/22," $186,000.00 ","183,500","189,000","183,500",1.02M,1.64%
6/27/22," $183,000.00 ","177,000","185,000","176,500",1.34M,5.78%
6/24/22," $173,000.00 ","170,500","175,000","170,500",471.36K,1.17%
6/23/22," $171,000.00 ","171,500","174,000","170,000",802.36K,-0.29%
6/22/22," $171,500.00 ","174,500","175,000","171,000",628.83K,-0.58%
6/21/22," $172,500.00 ","171,500","175,000","170,000",528.67K,1.17%
6/20/22," $170,500.00 ","172,500","173,000","168,500",513.97K,0.29%
6/19/22," $170,000.00 ","170,000","170,000","170,000",,0.00%
6/17/22," $170,000.00 ","168,000","172,000","168,000",776.95K,-1.73%
6/16/22," $173,000.00 ","177,000","177,500","172,500",611.43K,-0.57%
6/15/22," $174,000.00 ","173,500","179,000","171,500",990.74K,1.46%
6/14/22," $171,500.00 ","171,500","172,500","169,000",1.11M,-2.00%
6/13/22," $175,000.00 ","180,000","181,500","173,000",1.19M,-5.15%
6/12/22," $184,500.00 ","184,500","184,500","184,500",,0.00%
6/10/22," $184,500.00 ","181,500","185,000","180,500",568.93K,1.10%
6/9/22," $182,500.00 ","183,000","183,500","180,500",653.84K,-0.27%
6/8/22," $183,000.00 ","183,500","185,000","182,000",555.69K,-0.27%
6/7/22," $183,500.00 ","186,000","186,500","183,000",619.91K,-1.87%
6/6/22," $187,000.00 ","187,000","187,000","187,000",,0.00%
6/3/22," $187,000.00 ","188,500","189,000","185,000",398.01K,-0.27%
6/2/22," $187,500.00 ","189,000","189,000","186,500",387.00K,-1.06%
6/1/22," $189,500.00 ","189,500","189,500","189,500",,0.00%
5/31/22," $189,500.00 ","187,000","189,500","187,000",904.75K,1.07%
5/30/22," $187,500.00 ","187,500","188,000","185,500",366.08K,1.08%
5/27/22," $185,500.00 ","186,500","186,500","184,500",334.08K,0.82%
5/26/22," $184,000.00 ","183,500","186,000","183,000",427.28K,0.27%
5/25/22," $183,500.00 ","186,000","186,000","182,000",480.06K,-0.81%
5/24/22," $185,000.00 ","187,000","188,000","183,500",429.32K,-1.60%
5/23/22," $188,000.00 ","188,500","189,000","186,500",434.10K,0.80%
5/20/22," $186,500.00 ","183,500","186,500","183,000",465.30K,2.47%
5/19/22," $182,000.00 ","181,500","183,500","181,000",539.42K,-1.89%
5/18/22," $185,500.00 ","187,000","187,500","183,500",537.91K,0.00%
5/17/22," $185,500.00 ","185,500","186,500","182,500",526.33K,0.82%
5/16/22," $184,000.00 ","188,500","189,500","183,500",546.67K,-1.34%
5/15/22," $186,500.00 ","186,500","186,500","186,500",,0.00%
5/13/22," $186,500.00 ","182,000","187,000","181,500",921.44K,3.32%
5/12/22," $180,500.00 ","181,000","183,500","180,000",689.50K,-1.37%
5/11/22," $183,000.00 ","178,500","184,500","178,000",722.46K,1.39%
5/10/22," $180,500.00 ","180,500","181,500","176,000",770.25K,-0.55%
5/9/22," $181,500.00 ","182,000","183,500","180,500",501.89K,-0.55%
5/6/22," $182,500.00 ","181,500","183,500","181,000",372.48K,-0.82%
5/5/22," $184,000.00 ","184,000","184,000","184,000",,0.00%
5/4/22," $184,000.00 ","183,500","184,500","182,000",346.64K,0.27%
5/3/22," $183,500.00 ","185,500","186,500","182,500",660.02K,-1.87%
5/2/22," $187,000.00 ","184,000","188,000","184,000",490.95K,0.54%
5/1/22," $186,000.00 ","186,000","186,000","186,000",,0.00%
4/29/22," $186,000.00 ","187,000","188,000","184,000",761.55K,-1.33%
4/28/22," $188,500.00 ","188,000","189,000","186,000",701.95K,0.80%
4/27/22," $187,000.00 ","184,000","188,500","183,000",1.15M,0.00%
4/26/22," $187,000.00 ","187,000","191,000","186,500",2.31M,2.75%
4/25/22," $182,000.00 ","177,000","184,500","176,500",1.50M,1.11%
4/22/22," $180,000.00 ","181,500","182,500","179,000",851.03K,-1.64%
4/21/22," $183,000.00 ","184,000","184,500","182,500",652.55K,0.00%
4/20/22," $183,000.00 ","181,000","184,000","180,000",811.80K,1.10%
4/19/22," $181,000.00 ","178,500","181,500","178,000",621.46K,1.40%
4/18/22," $178,500.00 ","176,000","178,500","175,500",272.81K,0.85%
4/17/22," $177,000.00 ","177,000","177,000","177,000",,0.00%
4/15/22," $177,000.00 ","176,500","178,000","175,500",556.80K,-0.28%
4/14/22," $177,500.00 ","181,000","182,000","176,500",895.12K,-1.93%
4/13/22," $181,000.00 ","179,500","181,000","178,500",495.70K,1.69%
4/12/22," $178,000.00 ","179,000","180,500","176,500",612.70K,-0.84%
4/11/22," $179,500.00 ","176,000","181,000","175,500",638.85K,1.70%
4/10/22," $176,500.00 ","176,500","176,500","176,500",,0.00%
4/8/22," $176,500.00 ","178,000","179,000","175,500",456.87K,-1.12%
4/7/22," $178,500.00 ","180,000","182,000","178,500",773.71K,-0.83%
4/6/22," $180,000.00 ","177,000","182,000","176,500",637.92K,0.56%
4/5/22," $179,000.00 ","178,500","180,000","177,000",397.32K,0.56%
4/4/22," $178,000.00 ","177,000","179,000","174,500",507.98K,0.00%
4/3/22," $178,000.00 ","178,000","178,000","178,000",,0.00%
4/1/22," $178,000.00 ","178,000","178,500","177,000",460.81K,-1.39%
3/31/22," $180,500.00 ","180,500","181,000","179,000",573.16K,-0.28%
3/30/22," $181,000.00 ","180,000","183,000","179,500",1.08M,2.55%
3/29/22," $176,500.00 ","176,000","178,000","174,000",542.93K,1.15%
3/28/22," $174,500.00 ","172,000","175,500","171,000",458.00K,0.29%
3/27/22," $174,000.00 ","174,000","174,000","174,000",,0.00%
3/25/22," $174,000.00 ","176,500","176,500","173,000",561.34K,-1.14%
3/24/22," $176,000.00 ","174,000","177,000","173,500",704.28K,0.00%
3/23/22," $176,000.00 ","175,000","177,500","174,000",949.82K,1.44%
3/22/22," $173,500.00 ","169,000","174,500","169,000",1.06M,2.97%
3/21/22," $168,500.00 ","171,500","172,000","168,500",577.56K,-1.46%
3/20/22," $171,000.00 ","171,000","171,000","171,000",,0.00%
3/18/22," $171,000.00 ","171,500","171,500","169,500",756.63K,1.48%
3/17/22," $168,500.00 ","172,500","173,000","168,500",937.01K,0.30%
3/16/22," $168,000.00 ","165,000","168,500","163,000",859.37K,3.07%
3/15/22," $163,000.00 ","164,000","165,500","162,000",873.12K,-0.91%
3/14/22," $164,500.00 ","166,500","167,500","163,000",1.11M,-2.66%
3/13/22," $169,000.00 ","169,000","169,000","169,000",,0.00%
3/11/22," $169,000.00 ","169,000","169,500","165,500",771.29K,0.00%
3/10/22," $169,000.00 ","171,500","172,000","167,500",1.08M,0.60%
3/9/22," $168,000.00 ","168,000","168,000","168,000",,0.00%
3/8/22," $168,000.00 ","164,000","170,500","163,500",724.54K,0.00%
3/7/22," $168,000.00 ","170,000","171,000","165,500",1.36M,-2.61%
3/6/22," $172,500.00 ","172,500","172,500","172,500",,0.00%
3/4/22," $172,500.00 ","176,500","177,500","172,500",862.58K,-2.82%
3/3/22," $177,500.00 ","173,500","179,000","173,000",1.24M,4.11%
3/2/22," $170,500.00 ","171,500","172,500","169,500",1.37M,-2.57%
3/1/22," $175,000.00 ","175,000","175,000","175,000",,0.00%
2/28/22," $175,000.00 ","171,000","175,000","168,000",1.23M,0.57%
2/27/22," $174,000.00 ","174,000","174,000","174,000",,0.00%
2/25/22," $174,000.00 ","175,000","175,500","171,500",944.79K,0.58%
2/24/22," $173,000.00 ","178,500","179,000","171,000",1.69M,-4.16%
2/23/22," $180,500.00 ","182,500","183,000","179,500",546.22K,-0.55%
2/22/22," $181,500.00 ","180,500","183,000","180,000",561.30K,-1.89%
2/21/22," $185,000.00 ","180,500","185,500","179,500",460.65K,0.82%
2/20/22," $183,500.00 ","183,500","183,500","183,500",,0.00%
2/18/22," $183,500.00 ","181,000","184,000","180,500",425.07K,0.00%
2/17/22," $183,500.00 ","182,500","186,000","181,000",0.02K,0.82%
2/16/22," $182,000.00 ","185,000","185,000","181,500",0.00K,0.83%
2/15/22," $180,500.00 ","177,000","183,000","176,500",952.24K,2.27%
2/14/22," $176,500.00 ","179,500","181,000","176,000",0.29K,-3.55%
2/13/22," $183,000.00 ","183,000","183,000","183,000",,0.00%
2/11/22," $183,000.00 ","183,000","184,500","181,000",996.54K,-1.35%
2/10/22," $185,500.00 ","186,000","187,000","182,500",0.02K,0.27%
2/9/22," $185,000.00 ","186,000","186,000","182,500",990.14K,0.27%
2/8/22," $184,500.00 ","186,500","188,000","183,500",1.06M,-1.07%
2/7/22," $186,500.00 ","189,500","190,000","184,500",822.87K,-1.84%
2/6/22," $190,000.00 ","190,000","190,000","190,000",,0.00%
2/4/22," $190,000.00 ","190,500","192,000","188,000",831.95K,-0.78%
2/3/22," $191,500.00 ","194,500","195,000","191,500",0.33K,1.06%
1/28/22," $189,500.00 ","186,500","190,500","180,000",1.41M,1.61%
1/27/22," $186,500.00 ","190,000","191,500","185,500",0.68K,-1.84%
1/26/22," $190,000.00 ","193,500","194,500","189,500",0.69K,-2.31%
1/25/22," $194,500.00 ","196,500","197,000","190,000",1.17M,-1.27%
1/24/22," $197,000.00 ","197,500","200,000","195,000",655.60K,-1.50%
1/23/22," $200,000.00 ","200,000","200,000","200,000",,0.00%
1/21/22," $200,000.00 ","199,500","201,000","198,500",511.87K,-0.99%
1/20/22," $202,000.00 ","200,500","202,500","199,500",0.16K,0.75%
1/19/22," $200,500.00 ","200,500","203,500","200,000",522.38K,-0.99%
1/18/22," $202,500.00 ","206,000","206,000","201,500",577.58K,-1.22%
1/17/22," $205,000.00 ","208,500","209,000","202,500",721.98K,-1.91%
1/16/22," $209,000.00 ","209,000","209,000","209,000",,0.00%
1/14/22," $209,000.00 ","209,500","211,000","208,000",404.24K,-0.48%
1/13/22," $210,000.00 ","211,500","213,000","210,000",497.33K,-0.71%
1/12/22," $211,500.00 ","211,500","213,000","210,500",467.91K,0.48%
1/11/22," $210,500.00 ","209,500","211,000","209,000",0.07K,0.48%
1/10/22," $209,500.00 ","214,500","215,000","209,000",0.18K,-2.56%
1/9/22," $215,000.00 ","215,000","215,000","215,000",,0.00%
1/7/22," $215,000.00 ","214,500","216,500","213,500",575.22K,0.47%
1/6/22," $214,000.00 ","210,000","216,500","210,000",0.14K,0.23%
1/5/22," $213,500.00 ","214,000","217,500","212,000",1.17M,1.67%
1/4/22," $210,000.00 ","212,000","212,500","208,500",0.06K,-0.24%
1/3/22," $210,500.00 ","211,500","212,500","209,000",467.14K,0.72%
12/30/21," $209,000.00 ","211,500","212,000","208,500",578.79K,-1.42%
12/29/21," $212,000.00 ","213,000","215,000","211,500",0.10K,-0.93%
12/28/21," $214,000.00 ","215,000","215,000","211,500",0.18K,0.23%
12/27/21," $213,500.00 ","216,500","217,000","213,500",0.68K,-0.93%
12/26/21," $215,500.00 ","215,500","215,500","215,500",,0.00%
12/24/21," $215,500.00 ","210,500","216,500","210,500",1.01M,3.11%
12/23/21," $209,000.00 ","208,000","209,000","207,000",0.00K,1.21%
12/22/21," $206,500.00 ","207,000","209,500","205,500",0.01K,0.73%
12/21/21," $205,000.00 ","206,000","207,500","204,000",0.00K,0.00%
12/20/21," $205,000.00 ","209,000","209,000","204,500",0.23K,-2.15%
12/19/21," $209,500.00 ","209,500","209,500","209,500",,0.00%
12/17/21," $209,500.00 ","208,500","211,500","208,000",616.65K,0.00%
12/16/21," $209,500.00 ","211,000","212,000","208,000",0.01K,0.24%
12/15/21," $209,000.00 ","210,000","211,500","208,500",0.00K,-0.95%
12/14/21," $211,000.00 ","208,000","212,000","207,500",0.01K,0.96%
12/13/21," $209,000.00 ","210,000","214,000","209,000",0.21K,0.72%
12/12/21," $207,500.00 ","207,500","207,500","207,500",,0.00%
12/10/21," $207,500.00 ","207,000","209,500","205,500",442.54K,0.24%
12/9/21," $207,000.00 ","207,000","210,000","206,500",773.27K,-0.24%
12/8/21," $207,500.00 ","209,500","211,000","207,000",0.26K,0.00%
12/7/21," $207,500.00 ","206,000","208,000","204,000",0.02K,0.48%
12/6/21," $206,500.00 ","204,500","208,000","202,500",0.09K,0.24%
12/5/21," $206,000.00 ","206,000","206,000","206,000",,0.00%
12/3/21," $206,000.00 ","205,500","208,000","204,500",512.81K,0.24%
12/2/21," $205,500.00 ","199,000","206,000","198,000",0.03K,2.24%
12/1/21," $201,000.00 ","197,000","202,000","196,500",0.01K,2.81%
11/30/21," $195,500.00 ","202,500","203,500","194,500",0.63K,-2.49%
11/29/21," $200,500.00 ","199,500","203,500","199,500",895.46K,-2.43%
11/28/21," $205,500.00 ","205,500","205,500","205,500",,0.00%
11/26/21," $205,500.00 ","209,500","210,000","204,000",885.85K,-2.14%
11/25/21," $210,000.00 ","212,500","212,500","210,000",0.02K,-0.94%
11/24/21," $212,000.00 ","215,500","216,000","211,000",0.02K,-1.40%
11/23/21," $215,000.00 ","219,000","219,000","213,500",0.85K,-1.60%
11/22/21," $218,500.00 ","209,500","220,000","208,000",1.34K,4.30%
11/21/21," $209,500.00 ","209,500","209,500","209,500",,0.00%
11/19/21," $209,500.00 ","211,500","212,500","208,000",824.85K,2.20%
11/18/21," $205,000.00 ","205,500","206,500","204,000",524.37K,-0.97%
11/17/21," $207,000.00 ","206,500","209,000","203,000",713.46K,0.24%
11/16/21," $206,500.00 ","208,000","208,000","205,000",0.31K,-1.20%
11/15/21," $209,000.00 ","208,500","210,000","207,500",0.05K,0.48%
11/14/21," $208,000.00 ","208,000","208,000","208,000",,0.00%
11/12/21," $208,000.00 ","205,000","209,500","205,000",413.88K,1.46%
11/11/21," $205,000.00 ","205,500","206,500","203,500",0.25K,-1.68%
11/10/21," $208,500.00 ","211,000","211,500","207,000",0.05K,-2.11%
11/9/21," $213,000.00 ","215,500","217,000","212,000",0.25K,-0.93%
11/8/21," $215,000.00 ","214,500","216,000","212,500",0.11K,0.00%
11/7/21," $215,000.00 ","215,000","215,000","215,000",,0.00%
11/5/21," $215,000.00 ","216,500","217,000","214,000",679.68K,0.47%
11/4/21," $214,000.00 ","210,500","216,000","210,000",0.02K,2.64%
11/3/21," $208,500.00 ","211,000","212,000","207,000",474.68K,-0.71%
11/2/21," $210,000.00 ","208,000","211,500","207,500",0.00K,0.96%
11/1/21," $208,000.00 ","208,500","209,500","207,000",0.16K,0.00%
10/31/21," $208,000.00 ","208,000","208,000","208,000",,0.00%
10/29/21," $208,000.00 ","211,500","212,500","206,500",616.26K,-0.95%
10/28/21," $210,000.00 ","212,500","214,000","209,500",0.00K,-1.64%
10/27/21," $213,500.00 ","214,500","215,000","212,500",0.50K,0.00%
10/26/21," $213,500.00 ","213,000","214,500","209,000",0.43K,1.18%
10/25/21," $211,000.00 ","207,500","212,000","206,000",0.00K,1.69%
10/24/21," $207,500.00 ","207,500","207,500","207,500",,0.00%
10/22/21," $207,500.00 ","207,000","209,500","206,000",359.41K,0.00%
10/21/21," $207,500.00 ","210,000","211,000","206,000",0.07K,-0.72%
10/20/21," $209,000.00 ","210,000","211,000","208,000",0.17K,0.00%
10/19/21," $209,000.00 ","210,500","212,000","208,000",426.63K,-0.24%
10/18/21," $209,500.00 ","208,500","210,500","205,000",0.14K,0.48%
10/17/21," $208,500.00 ","208,500","208,500","208,500",,0.00%
10/15/21," $208,500.00 ","210,500","211,500","208,000",528.28K,-0.24%
10/14/21," $209,000.00 ","211,000","212,000","208,000",0.05K,-0.95%
10/13/21," $211,000.00 ","206,500","211,500","206,500",0.08K,3.18%
10/12/21," $204,500.00 ","205,000","206,500","202,000",817.53K,-0.24%
10/11/21," $205,000.00 ","205,000","205,000","205,000",,0.00%
10/8/21," $205,000.00 ","203,500","206,500","202,500",990.16K,1.99%
10/7/21," $201,000.00 ","195,000","203,000","195,000",0.01K,3.61%
10/6/21," $194,000.00 ","195,000","197,500","192,500",0.38K,0.26%
10/5/21," $193,500.00 ","190,500","195,000","189,000",0.01K,0.00%
10/4/21," $193,500.00 ","193,500","193,500","193,500",,0.00%
10/1/21," $193,500.00 ","198,000","199,000","192,000",1.18M,-3.25%
9/30/21," $200,000.00 ","200,500","201,000","199,000",0.08K,-0.74%
9/29/21," $201,500.00 ","198,000","201,500","197,500",0.20K,0.00%
9/28/21," $201,500.00 ","204,000","204,000","200,500",0.05K,-1.23%
9/27/21," $204,000.00 ","205,000","206,000","203,500",580.64K,-1.45%
9/26/21," $207,000.00 ","207,000","207,000","207,000",,0.00%
9/24/21," $207,000.00 ","209,500","210,500","206,000",409.94K,-0.72%
9/23/21," $208,500.00 ","205,000","209,000","204,500",0.03K,-0.24%
9/22/21," $209,000.00 ","209,000","209,000","209,000",,0.00%
9/17/21," $209,000.00 ","208,000","210,000","207,000",693.21K,0.48%
9/16/21," $208,000.00 ","210,000","211,000","206,500",413.00K,-0.72%
9/15/21," $209,500.00 ","208,500","211,500","208,000",0.03K,0.24%
9/14/21," $209,000.00 ","206,500","211,500","206,000",0.42K,1.95%
9/13/21," $205,000.00 ","206,000","206,500","204,000",0.08K,-0.73%
9/12/21," $206,500.00 ","206,500","206,500","206,500",,0.00%
9/10/21," $206,500.00 ","208,500","209,500","204,000",675.19K,-0.96%
9/9/21," $208,500.00 ","212,500","212,500","208,000",0.22K,-2.11%
9/8/21," $213,000.00 ","211,000","214,500","210,500",0.06K,0.24%
9/7/21," $212,500.00 ","214,500","214,500","211,500",0.39K,-1.16%
9/6/21," $215,000.00 ","214,500","215,500","213,500",0.04K,0.23%
9/5/21," $214,500.00 ","214,500","214,500","214,500",,0.00%
9/3/21," $214,500.00 ","213,000","215,500","212,000",604.50K,1.42%
9/2/21," $211,500.00 ","214,000","214,500","210,000",0.07K,-1.63%
9/1/21," $215,000.00 ","213,500","218,000","213,500",0.15K,1.18%
8/31/21," $212,500.00 ","210,500","212,500","208,000",0.15K,1.19%
8/30/21," $210,000.00 ","211,000","212,500","210,000",408.40K,0.72%
8/29/21," $208,500.00 ","208,500","208,500","208,500",,0.00%
8/27/21," $208,500.00 ","209,000","209,500","205,000",500.56K,-0.71%
8/26/21," $210,000.00 ","209,500","212,000","208,000",0.61K,0.24%
8/25/21," $209,500.00 ","210,000","212,500","207,500",474.70K,0.00%
8/24/21," $209,500.00 ","206,000","211,000","206,000",740.47K,2.70%
8/23/21," $204,000.00 ","203,000","206,000","201,500",844.40K,1.24%
8/22/21," $201,500.00 ","201,500","201,500","201,500",,0.00%
8/20/21," $201,500.00 ","207,000","208,000","200,000",1.30M,-2.42%
8/19/21," $206,500.00 ","212,500","212,500","205,000",0.84K,-2.82%
8/18/21," $212,500.00 ","211,000","214,000","209,000",668.60K,-0.23%
8/17/21," $213,000.00 ","216,000","217,000","211,000",0.13K,-1.84%
8/16/21," $217,000.00 ","217,000","217,000","217,000",,0.00%
8/13/21," $217,000.00 ","221,500","221,500","214,000",859.83K,-0.91%
8/12/21," $219,000.00 ","220,000","224,000","219,000",0.12K,0.23%
8/11/21," $218,500.00 ","219,000","220,500","218,000",487.46K,-0.23%
8/10/21," $219,000.00 ","221,000","221,000","218,500",0.12K,-0.90%
8/9/21," $221,000.00 ","220,500","222,000","220,000",0.24K,-0.67%
8/8/21," $222,500.00 ","222,500","222,500","222,500",,0.00%
8/6/21," $222,500.00 ","224,500","225,000","222,500",380.63K,-0.22%
8/5/21," $223,000.00 ","223,000","224,500","222,500",469.27K,-0.89%
8/4/21," $225,000.00 ","224,500","225,000","222,500",1.18K,0.67%
8/3/21," $223,500.00 ","219,000","223,500","218,000",0.10K,1.59%
8/2/21," $220,000.00 ","218,000","220,500","217,000",0.26K,0.92%
8/1/21," $218,000.00 ","218,000","218,000","218,000",,0.00%
7/30/21," $218,000.00 ","222,000","222,000","218,000",900.63K,-1.80%
7/29/21," $222,000.00 ","223,000","224,000","222,000",0.33K,-0.22%
7/28/21," $222,500.00 ","225,000","225,000","221,000",0.09K,-1.11%
7/27/21," $225,000.00 ","225,500","226,500","224,000",0.51K,0.22%
7/26/21," $224,500.00 ","225,500","226,500","224,000",711.93K,-0.44%
7/25/21," $225,500.00 ","225,500","225,500","225,500",,0.00%
7/23/21," $225,500.00 ","229,000","229,000","224,000",1.57M,-1.31%
7/22/21," $228,500.00 ","228,500","231,500","227,500",784.76K,0.22%
7/21/21," $228,000.00 ","232,000","232,000","227,500",0.00K,0.44%
7/20/21," $227,000.00 ","225,500","229,500","225,000",0.00K,-0.22%
7/19/21," $227,500.00 ","228,000","228,500","227,000",0.08K,-1.09%
7/18/21," $230,000.00 ","230,000","230,000","230,000",,0.00%
7/16/21," $230,000.00 ","230,000","230,500","228,000",465.03K,-0.65%
7/15/21," $231,500.00 ","229,500","232,500","229,500",0.47K,0.65%
7/14/21," $230,000.00 ","230,500","232,500","228,500",0.14K,0.00%
7/13/21," $230,000.00 ","230,000","231,500","229,000",512.48K,0.00%
7/12/21," $230,000.00 ","228,500","232,000","228,500",0.21K,1.77%
7/11/21," $226,000.00 ","226,000","226,000","226,000",,0.00%
7/9/21," $226,000.00 ","227,500","229,000","225,000",1.13M,-1.53%
7/8/21," $229,500.00 ","232,500","233,000","229,000",0.08K,-1.08%
7/7/21," $232,000.00 ","235,000","235,000","232,000",0.74K,-1.69%
7/6/21," $236,000.00 ","236,500","238,000","235,500",0.36K,0.00%
7/5/21," $236,000.00 ","239,000","239,500","235,500",0.03K,-1.26%
7/4/21," $239,000.00 ","239,000","239,000","239,000",,0.00%
7/2/21," $239,000.00 ","243,500","243,500","239,000",819.75K,-1.24%
7/1/21," $242,000.00 ","238,500","242,500","236,500",0.35K,1.04%
6/30/21," $239,500.00 ","240,000","240,500","238,500",0.63K,0.00%
6/29/21," $239,500.00 ","240,500","242,500","239,000",0.27K,-0.62%
6/28/21," $241,000.00 ","244,000","244,500","240,000",0.80K,-0.82%
6/27/21," $243,000.00 ","243,000","243,000","243,000",,0.00%
6/25/21," $243,000.00 ","243,500","244,000","241,000",533.92K,0.21%
6/24/21," $242,500.00 ","243,000","249,000","241,000",0.13K,0.00%
6/23/21," $242,500.00 ","242,000","243,000","239,000",0.62K,0.62%
6/22/21," $241,000.00 ","235,000","243,000","235,000",0.04K,3.43%
6/21/21," $233,000.00 ","234,000","236,000","232,000",819.40K,-0.85%
6/20/21," $235,000.00 ","235,000","235,000","235,000",,0.00%
6/18/21," $235,000.00 ","237,000","238,000","235,000",992.95K,-0.63%
6/17/21," $236,500.00 ","238,500","239,500","236,000",0.20K,-1.25%
6/16/21," $239,500.00 ","237,000","243,000","237,000",1.28K,1.05%
6/15/21," $237,000.00 ","238,000","239,000","235,500",1.05K,-0.42%
6/14/21," $238,000.00 ","239,000","239,500","235,000",0.03K,-0.21%
6/13/21," $238,500.00 ","238,500","238,500","238,500",,0.00%
6/11/21," $238,500.00 ","237,500","241,500","237,000",677.30K,1.06%
6/10/21," $236,000.00 ","238,500","240,000","236,000",0.08K,-1.46%
6/9/21," $239,500.00 ","242,500","245,500","239,000",0.34K,-1.64%
6/8/21," $243,500.00 ","241,500","245,000","238,500",1.66K,0.83%
6/7/21," $241,500.00 ","244,500","247,500","240,500",0.06K,0.00%
6/6/21," $241,500.00 ","241,500","241,500","241,500",,0.00%
6/4/21," $241,500.00 ","241,500","243,000","238,000",1.33M,1.26%
6/3/21," $238,500.00 ","238,500","240,500","236,500",1.03M,0.21%
6/2/21," $238,000.00 ","239,000","243,000","235,500",0.03K,0.42%
6/1/21," $237,000.00 ","235,000","237,500","233,000",0.31K,0.85%
5/31/21," $235,000.00 ","233,000","235,500","230,500",1.13M,1.29%
5/30/21," $232,000.00 ","232,000","232,000","232,000",,0.00%
5/28/21," $232,000.00 ","223,500","232,500","223,000",2.39M,5.22%
5/27/21," $220,500.00 ","223,000","223,500","220,000",0.08K,-1.34%
5/26/21," $223,500.00 ","228,000","229,000","222,500",0.17K,-1.76%
5/25/21," $227,500.00 ","230,000","230,000","225,000",0.16K,-0.22%
5/24/21," $228,000.00 ","227,500","231,000","226,000",0.01K,0.22%
5/23/21," $227,500.00 ","227,500","227,500","227,500",,0.00%
5/21/21," $227,500.00 ","227,000","233,000","225,500",1.33M,1.34%
5/20/21," $224,500.00 ","228,500","230,500","224,000",0.00K,-2.81%
5/19/21," $231,000.00 ","231,000","231,000","231,000",,0.00%
5/18/21," $231,000.00 ","227,500","232,500","226,000",1.03M,1.76%
5/17/21," $227,000.00 ","232,000","232,500","225,000",0.61K,-0.87%
5/16/21," $229,000.00 ","229,000","229,000","229,000",,0.00%
5/14/21," $229,000.00 ","234,000","236,000","226,500",1.35M,-0.22%
5/13/21," $229,500.00 ","224,000","232,000","222,500",0.05K,0.88%
5/12/21," $227,500.00 ","226,500","233,000","223,000",0.28K,0.44%
5/11/21," $226,500.00 ","227,000","228,500","223,500",1.96K,-1.31%
5/10/21," $229,500.00 ","226,000","230,000","225,500",0.50K,2.46%
5/9/21," $224,000.00 ","224,000","224,000","224,000",,0.00%
5/7/21," $224,000.00 ","223,500","227,000","221,000",598.37K,0.22%
5/6/21," $223,500.00 ","223,000","225,000","221,000",643.13K,0.00%
5/5/21," $223,500.00 ","223,500","223,500","223,500",,0.00%
5/4/21," $223,500.00 ","220,000","224,500","217,500",946.55K,2.52%
5/3/21," $218,000.00 ","212,000","222,500","211,000",1.18M,2.83%
5/2/21," $212,000.00 ","212,000","212,000","212,000",,0.00%
4/30/21," $212,000.00 ","216,000","216,500","211,000",1.16M,-2.53%
4/29/21," $217,500.00 ","221,000","221,000","217,000",0.99K,-1.81%
4/28/21," $221,500.00 ","220,000","223,500","219,500",0.29K,0.68%
4/27/21," $220,000.00 ","222,500","222,500","218,000",0.13K,-0.68%
4/26/21," $221,500.00 ","222,000","222,500","220,000",0.14K,0.23%
4/25/21," $221,000.00 ","221,000","221,000","221,000",,0.00%
4/23/21," $221,000.00 ","225,500","225,500","220,500",1.18M,-2.21%
4/22/21," $226,000.00 ","226,500","231,000","225,500",0.66K,0.22%
4/21/21," $225,500.00 ","228,000","228,000","224,000",0.02K,-1.53%
4/20/21," $229,000.00 ","230,000","231,000","228,500",0.27K,-0.43%
4/19/21," $230,000.00 ","231,500","232,500","229,500",0.52K,-0.65%
4/18/21," $231,500.00 ","231,500","231,500","231,500",,0.00%
4/16/21," $231,500.00 ","231,500","233,500","230,500",572.37K,0.43%
4/15/21," $230,500.00 ","232,500","232,500","229,000",0.49K,-0.86%
4/14/21," $232,500.00 ","231,000","236,500","230,500",0.59K,1.09%
4/13/21," $230,000.00 ","226,500","230,000","226,500",0.07K,1.77%
4/12/21," $226,000.00 ","228,000","228,500","225,500",0.23K,-1.09%
4/11/21," $228,500.00 ","228,500","228,500","228,500",,0.00%
4/9/21," $228,500.00 ","231,500","232,000","227,000",721.75K,-1.30%
4/8/21," $231,500.00 ","229,000","233,500","227,000",909.70K,0.65%
4/7/21," $230,000.00 ","228,500","232,500","226,500",0.55K,0.00%
4/6/21," $230,000.00 ","234,500","235,000","229,500",0.68K,-1.71%
4/5/21," $234,000.00 ","236,000","236,500","230,000",0.38K,0.21%
4/4/21," $233,500.00 ","233,500","233,500","233,500",,0.00%
4/2/21," $233,500.00 ","225,500","238,500","225,000",3.63M,6.62%
4/1/21," $219,000.00 ","220,500","224,000","218,500",0.00K,0.46%
3/31/21," $218,000.00 ","221,000","221,000","218,000",0.08K,-0.68%
3/30/21," $219,500.00 ","215,500","221,000","215,000",926.61K,1.86%
3/29/21," $215,500.00 ","215,500","217,500","211,000",1.17M,0.00%
3/28/21," $215,500.00 ","215,500","215,500","215,500",,0.00%
3/26/21," $215,500.00 ","219,500","219,500","212,000",1.47M,-1.15%
3/25/21," $218,000.00 ","218,500","220,500","216,000",1.07M,-1.36%
3/24/21," $221,000.00 ","225,000","225,500","220,000",0.71K,-2.43%
3/23/21," $226,500.00 ","230,000","231,000","225,500",0.10K,-1.09%
3/22/21," $229,000.00 ","230,000","230,500","227,500",0.05K,-0.22%
3/21/21," $229,500.00 ","229,500","229,500","229,500",,0.00%
3/19/21," $229,500.00 ","230,000","232,000","229,000",1.02M,-1.92%
3/18/21," $234,000.00 ","234,500","238,000","233,500",0.01K,0.86%
3/17/21," $232,000.00 ","234,000","234,000","230,000",0.41K,-0.85%
3/16/21," $234,000.00 ","233,000","235,000","232,000",1.26K,0.86%
3/15/21," $232,000.00 ","233,000","236,000","230,000",0.01K,-0.22%
3/14/21," $232,500.00 ","232,500","232,500","232,500",,0.00%
3/12/21," $232,500.00 ","231,500","233,500","229,000",813.92K,1.75%
3/11/21," $228,500.00 ","228,000","232,000","227,500",0.00K,0.44%
3/10/21," $227,500.00 ","236,000","236,500","227,000",0.66K,-1.73%
3/9/21," $231,500.00 ","230,500","234,000","228,000",0.09K,0.43%
3/8/21," $230,500.00 ","237,000","237,500","230,000",1.23K,-1.91%
3/7/21," $235,000.00 ","235,000","235,000","235,000",,0.00%
3/5/21," $235,000.00 ","230,500","237,000","228,500",1.15M,0.00%
3/4/21," $235,000.00 ","236,000","238,000","232,500",0.55K,-2.08%
3/3/21," $240,000.00 ","239,000","241,500","236,500",0.31K,0.42%
3/2/21," $239,000.00 ","244,500","249,000","237,000",0.71K,0.84%
3/1/21," $237,000.00 ","237,000","237,000","237,000",,0.00%
2/26/21," $237,000.00 ","238,500","248,500","235,500",2.68M,-3.27%
2/25/21," $245,000.00 ","239,000","245,000","235,000",1.23K,4.26%
2/24/21," $235,000.00 ","246,500","248,500","235,000",0.17K,-3.89%
2/23/21," $244,500.00 ","243,000","247,500","237,000",4.82K,1.24%
2/22/21," $241,500.00 ","243,000","247,000","240,000",1.22K,-0.21%
2/21/21," $242,000.00 ","242,000","242,000","242,000",,0.00%
2/19/21," $242,000.00 ","236,500","242,000","235,500",1.16M,2.76%
2/18/21," $235,500.00 ","241,000","243,500","235,500",1.14K,-3.29%
2/17/21," $243,500.00 ","248,000","248,000","242,500",0.67K,-1.62%
2/16/21," $247,500.00 ","249,000","251,000","245,000",2.90K,0.00%
2/15/21," $247,500.00 ","247,000","248,500","244,000",0.15K,1.02%
2/14/21," $245,000.00 ","245,000","245,000","245,000",,0.00%
2/10/21," $245,000.00 ","239,000","246,000","235,000",1.22M,3.59%
2/9/21," $236,500.00 ","233,000","240,500","232,500",0.05K,1.07%
2/8/21," $234,000.00 ","239,000","240,500","228,500",0.92K,-6.21%
2/7/21," $249,500.00 ","249,500","249,500","249,500",,0.00%
2/5/21," $249,500.00 ","249,500","250,500","243,000",1.53M,0.40%
2/4/21," $248,500.00 ","251,000","253,000","244,000",0.94K,1.22%
2/3/21," $245,500.00 ","245,000","252,000","243,000",0.23K,2.08%
2/2/21," $240,500.00 ","241,000","243,500","236,000",0.17K,0.84%
2/1/21," $238,500.00 ","229,000","238,500","224,500",0.26K,4.15%
1/31/21," $229,000.00 ","229,000","229,000","229,000",,0.00%
1/29/21," $229,000.00 ","242,000","242,500","227,000",2.64M,-3.98%
1/28/21," $238,500.00 ","238,000","243,500","236,500",0.18K,-2.85%
1/27/21," $245,500.00 ","252,500","254,500","245,000",0.17K,-2.39%
1/26/21," $251,500.00 ","260,000","260,500","250,500",0.74K,-3.27%
1/25/21," $260,000.00 ","253,000","261,500","251,500",1.89K,1.17%
1/24/21," $257,000.00 ","257,000","257,000","257,000",,0.00%
1/22/21," $257,000.00 ","261,000","263,000","257,000",2.07M,-2.84%
1/21/21," $264,500.00 ","264,000","266,500","259,500",2.57M,2.12%
1/20/21," $259,000.00 ","271,000","276,500","254,000",2.64K,-0.96%
1/19/21," $261,500.00 ","244,000","261,500","244,000",0.21K,8.51%
1/18/21," $241,000.00 ","237,500","246,500","234,000",1.99K,0.42%
1/17/21," $240,000.00 ","240,000","240,000","240,000",,0.00%
1/15/21," $240,000.00 ","252,000","255,000","239,000",3.86M,-4.19%
1/14/21," $250,500.00 ","251,500","255,000","248,500",4.53K,-3.28%
1/13/21," $259,000.00 ","260,000","265,000","250,000",19.21K,-0.77%
1/12/21," $261,000.00 ","263,000","274,500","250,500",11.26K,-2.43%
1/11/21," $267,500.00 ","257,000","288,500","256,000",18.10K,8.74%
1/10/21," $246,000.00 ","246,000","246,000","246,000",,0.00%
1/8/21," $246,000.00 ","240,500","257,000","225,000",19.72M,19.42%
1/7/21," $206,000.00 ","205,500","210,500","204,500",0.18K,1.48%
1/6/21," $203,000.00 ","209,500","211,000","202,500",1.09K,-3.10%
1/5/21," $209,500.00 ","207,000","213,000","205,000",1.31K,0.96%
1/4/21," $207,500.00 ","192,000","211,000","192,000",3.13K,8.07%
12/30/20," $192,000.00 ","190,500","193,500","189,000",1.35M,0.79%
12/29/20," $190,500.00 ","191,500","191,500","188,000",0.49K,0.53%
12/28/20," $189,500.00 ","189,000","193,000","187,500",2.35M,1.34%
12/27/20," $187,000.00 ","187,000","187,000","187,000",,0.00%
12/24/20," $187,000.00 ","185,000","189,000","185,000",1.05M,1.08%
12/23/20," $185,000.00 ","183,000","188,500","183,000",0.07K,0.54%
12/22/20," $184,000.00 ","186,000","186,500","183,000",1.57K,-1.60%
12/21/20," $187,000.00 ","189,000","189,000","185,000",0.11K,-1.06%
12/20/20," $189,000.00 ","189,000","189,000","189,000",,0.00%
12/18/20," $189,000.00 ","191,000","191,000","189,000",918.15K,-0.79%
12/17/20," $190,500.00 ","190,000","190,500","188,000",1.32K,0.26%
12/16/20," $190,000.00 ","190,500","193,000","189,500",0.15K,0.80%
12/15/20," $188,500.00 ","189,000","190,500","186,000",0.12K,-0.26%
12/14/20," $189,000.00 ","190,500","191,000","187,000",0.69K,-0.53%
12/13/20," $190,000.00 ","190,000","190,000","190,000",,0.00%
12/11/20," $190,000.00 ","193,000","194,500","190,000",1.57M,-0.78%
12/10/20," $191,500.00 ","189,000","193,500","188,500",0.19K,0.00%
12/9/20," $191,500.00 ","188,000","192,000","187,000",0.63K,2.68%
12/8/20," $186,500.00 ","191,500","192,000","186,000",0.39K,-3.62%
12/7/20," $193,500.00 ","195,000","198,500","190,500",0.89K,-1.53%
12/6/20," $196,500.00 ","196,500","196,500","196,500",,0.00%
12/4/20," $196,500.00 ","198,000","199,000","195,000",3.21M,0.00%
12/3/20," $196,500.00 ","182,500","196,500","182,000",0.48K,7.67%
12/2/20," $182,500.00 ","183,500","184,500","181,500",1.68M,-0.54%
12/1/20," $183,500.00 ","183,000","184,500","179,500",1.79M,1.10%
11/30/20," $181,500.00 ","181,500","188,500","181,500",3.94M,0.28%
11/29/20," $181,000.00 ","181,000","181,000","181,000",,0.00%
11/27/20," $181,000.00 ","179,000","181,000","178,000",1.03M,1.12%
11/26/20," $179,000.00 ","179,500","181,000","178,000",0.96K,-0.28%
11/25/20," $179,500.00 ","183,500","184,000","178,000",0.42K,-0.83%
11/24/20," $181,000.00 ","181,000","183,000","179,500",1.50M,1.12%
11/23/20," $179,000.00 ","175,500","179,500","175,000",0.07K,1.13%
11/22/20," $177,000.00 ","177,000","177,000","177,000",,0.00%
11/20/20," $177,000.00 ","179,000","179,500","177,000",1.26M,-1.67%
11/19/20," $180,000.00 ","179,000","181,500","177,500",0.89K,0.28%
11/18/20," $179,500.00 ","183,500","185,500","179,000",1.85K,-1.64%
11/17/20," $182,500.00 ","179,500","185,000","178,000",2.56K,1.96%
11/16/20," $179,000.00 ","182,500","183,500","178,000",0.08K,0.85%
11/15/20," $177,500.00 ","177,500","177,500","177,500",,0.00%
11/13/20," $177,500.00 ","174,000","178,500","173,500",2.39M,2.01%
11/12/20," $174,000.00 ","175,500","177,000","173,500",1.23K,-0.85%
11/11/20," $175,500.00 ","174,500","179,000","173,000",2.27K,1.15%
11/10/20," $173,500.00 ","174,500","174,500","172,000",1.04K,0.58%
11/9/20," $172,500.00 ","172,500","174,500","172,000",1.51M,1.17%
11/8/20," $170,500.00 ","170,500","170,500","170,500",,0.00%
11/6/20," $170,500.00 ","176,500","177,000","169,500",2.22M,-2.57%
11/5/20," $175,000.00 ","173,000","175,000","173,000",0.53K,2.04%
11/4/20," $171,500.00 ","172,500","175,000","170,500",0.68K,0.59%
11/3/20," $170,500.00 ","171,000","172,000","169,000",994.03K,0.00%
11/2/20," $170,500.00 ","166,000","170,500","166,000",1.05M,3.65%
11/1/20," $164,500.00 ","164,500","164,500","164,500",,0.00%
10/30/20," $164,500.00 ","169,000","169,500","164,500",1.44M,-3.24%
10/29/20," $170,000.00 ","169,000","171,000","168,000",2.38K,-2.02%
10/28/20," $173,500.00 ","172,000","174,000","169,500",0.01K,0.58%
10/27/20," $172,500.00 ","173,500","178,000","171,000",0.26K,0.58%
10/26/20," $171,500.00 ","167,000","174,000","164,000",4.48K,2.69%
10/25/20," $167,000.00 ","167,000","167,000","167,000",,0.00%
10/23/20," $167,000.00 ","163,500","168,000","163,000",1.88M,2.77%
10/22/20," $162,500.00 ","163,000","163,500","161,000",0.54K,-1.81%
10/21/20," $165,500.00 ","166,500","167,500","163,500",0.18K,-1.19%
10/20/20," $167,500.00 ","157,500","168,500","157,000",0.35K,-0.30%
10/19/20," $168,000.00 ","170,000","172,000","167,500",0.33K,-2.33%
10/18/20," $172,000.00 ","172,000","172,000","172,000",,0.00%
10/16/20," $172,000.00 ","176,500","177,500","169,000",3.18M,-2.27%
10/15/20," $176,000.00 ","177,000","178,500","175,000",0.83K,-1.12%
10/14/20," $178,000.00 ","181,000","183,500","177,000",0.97K,-0.56%
10/13/20," $179,000.00 ","181,000","181,000","176,500",0.21K,-0.56%
10/12/20," $180,000.00 ","178,000","181,500","176,500",0.19K,-0.28%
10/11/20," $180,500.00 ","180,500","180,500","180,500",,0.00%
10/8/20," $180,500.00 ","185,500","186,000","180,000",1.71M,-1.37%
10/7/20," $183,000.00 ","180,500","183,500","178,500",0.01K,0.27%
10/6/20," $182,500.00 ","188,000","188,500","181,500",0.42K,-2.41%
10/5/20," $187,000.00 ","183,000","187,000","181,500",0.06K,4.76%
10/4/20," $178,500.00 ","178,500","178,500","178,500",,0.00%
9/29/20," $178,500.00 ","178,500","180,000","177,500",1.40M,1.71%
9/28/20," $175,500.00 ","173,000","176,000","172,000",0.07K,3.24%
9/27/20," $170,000.00 ","170,000","170,000","170,000",,0.00%
9/25/20," $170,000.00 ","172,500","174,000","166,000",2.06M,-0.87%
9/24/20," $171,500.00 ","174,000","175,500","171,000",1.26K,-4.46%
9/23/20," $179,500.00 ","183,000","183,000","170,500",0.66K,0.00%
9/22/20," $179,500.00 ","185,000","186,000","178,000",0.01K,-2.97%
9/21/20," $185,000.00 ","181,000","188,500","181,000",3.23K,2.21%
9/20/20," $181,000.00 ","181,000","181,000","181,000",,0.00%
9/18/20," $181,000.00 ","184,000","186,000","179,000",2.56M,-1.63%
9/17/20," $184,000.00 ","186,000","191,000","183,000",1.41K,0.27%
9/16/20," $183,500.00 ","180,000","186,000","177,500",0.05K,2.51%
9/15/20," $179,000.00 ","183,500","185,000","178,500",0.25K,-0.56%
9/14/20," $180,000.00 ","174,500","180,000","174,000",0.03K,4.96%
9/13/20," $171,500.00 ","171,500","171,500","171,500",,0.00%
9/11/20," $171,500.00 ","167,500","171,500","167,500",1.52M,1.48%
9/10/20," $169,000.00 ","170,500","171,500","168,000",1.82K,0.90%
9/9/20," $167,500.00 ","167,000","172,000","166,000",0.09K,-0.30%
9/8/20," $168,000.00 ","171,500","172,500","168,000",11.60K,-1.18%
9/7/20," $170,000.00 ","173,000","173,000","169,000",1.64K,-1.45%
9/6/20," $172,500.00 ","172,500","172,500","172,500",,0.00%
9/4/20," $172,500.00 ","167,500","174,000","167,500",2.87M,-2.27%
9/3/20," $176,500.00 ","177,500","177,500","174,000",0.92K,0.28%
9/2/20," $176,000.00 ","177,500","178,500","173,500",1.52K,-2.22%
9/1/20," $180,000.00 ","178,500","180,500","176,000",0.41K,1.98%
8/31/20," $176,500.00 ","177,000","182,000","175,000",0.09K,2.62%
8/30/20," $172,000.00 ","172,000","172,000","172,000",,0.00%
8/28/20," $172,000.00 ","165,500","176,500","164,500",5.53M,5.20%
8/27/20," $163,500.00 ","169,000","169,000","163,500",1.27K,-2.39%
8/26/20," $167,500.00 ","166,500","169,500","163,500",1.22K,0.90%
8/25/20," $166,000.00 ","167,500","170,500","165,000",0.41K,2.79%
8/24/20," $161,500.00 ","157,500","163,000","152,500",0.11K,3.53%
8/23/20," $156,000.00 ","156,000","156,000","156,000",,0.00%
8/21/20," $156,000.00 ","158,000","161,500","154,000",3.33M,0.65%
8/20/20," $155,000.00 ","163,000","165,500","154,000",8.08K,-5.78%
8/19/20," $164,500.00 ","158,000","165,500","158,000",7.74K,4.11%
8/18/20," $158,000.00 ","163,500","167,500","155,500",4.28K,-5.39%
8/17/20," $167,000.00 ","167,000","167,000","167,000",,0.00%
8/14/20," $167,000.00 ","171,000","172,000","161,000",4.42M,-1.76%
8/13/20," $170,000.00 ","175,000","177,500","167,000",1.04K,-1.16%
8/12/20," $172,000.00 ","174,000","178,000","170,500",0.73K,-3.91%
8/11/20," $179,000.00 ","172,000","180,500","164,500",4.10K,5.29%
8/10/20," $170,000.00 ","151,500","172,000","151,500",0.84K,15.65%
8/9/20," $147,000.00 ","147,000","147,000","147,000",,0.00%
8/7/20," $147,000.00 ","145,500","149,500","144,500",3.19M,1.73%
8/6/20," $144,500.00 ","136,500","145,500","136,500",0.87K,7.84%
8/5/20," $134,000.00 ","133,000","135,500","132,000",0.11K,1.13%
8/4/20," $132,500.00 ","129,500","134,000","129,000",0.31K,4.33%
8/3/20," $127,000.00 ","126,500","128,500","123,500",1.86M,0.40%
8/2/20," $126,500.00 ","126,500","126,500","126,500",,0.00%
7/31/20," $126,500.00 ","128,000","129,500","125,000",1.71M,-0.78%
7/30/20," $127,500.00 ","127,000","130,500","126,000",4.39K,2.00%
7/29/20," $125,000.00 ","122,000","125,500","120,000",0.01K,1.63%
7/28/20," $123,000.00 ","125,000","125,500","122,000",2.52K,-0.40%
7/27/20," $123,500.00 ","122,500","126,500","122,500",1.08K,0.82%
7/26/20," $122,500.00 ","122,500","122,500","122,500",,0.00%
7/24/20," $122,500.00 ","123,500","129,000","121,500",3.89M,-1.61%
7/23/20," $124,500.00 ","118,500","125,500","116,000",4.48M,5.06%
7/22/20," $118,500.00 ","122,000","124,000","118,500",1.63K,-2.47%
7/21/20," $121,500.00 ","122,000","124,500","118,000",0.13K,0.00%
7/20/20," $121,500.00 ","119,000","125,000","118,000",11.90K,3.40%
7/19/20," $117,500.00 ","117,500","117,500","117,500",,0.00%
7/17/20," $117,500.00 ","109,500","119,000","109,500",4.21M,6.82%
7/16/20," $110,000.00 ","110,500","113,000","109,000",1.29K,0.92%
7/15/20," $109,000.00 ","104,500","110,000","104,000",0.06K,7.39%
7/14/20," $101,500.00 ","101,500","102,000","99,900",1.04M,0.00%
7/13/20," $101,500.00 ","101,000","101,500","100,000",4.25K,3.26%
7/10/20," $98,300.00 ","99,400","99,500","98,000",1.09M,-1.31%
7/9/20," $99,600.00 ","100,000","101,000","99,600",2.14K,0.00%
7/8/20," $99,600.00 ","99,200","101,000","99,100",0.31K,0.40%
7/7/20," $99,200.00 ","103,000","103,500","99,200",2.11K,-2.27%
7/6/20," $101,500.00 ","99,700","102,500","98,800",0.08K,2.32%
7/5/20," $99,200.00 ","99,200","99,200","99,200",,0.00%
7/3/20," $99,200.00 ","99,900","100,500","98,600",566.56K,0.20%
7/2/20," $99,000.00 ","98,300","99,700","98,300",0.00K,0.81%
7/1/20," $98,200.00 ","98,700","99,500","98,000",0.40K,0.51%
6/30/20," $97,700.00 ","99,100","99,300","97,700",0.12K,0.00%
6/29/20," $97,700.00 ","97,700","98,700","97,600",939.17K,-2.30%
6/28/20," $100,000.00 ","100,000","100,000","100,000",,0.00%
6/26/20," $100,000.00 ","100,500","101,000","99,500",668.02K,0.60%
6/25/20," $99,400.00 ","100,500","101,000","99,400",0.02K,-3.50%
6/24/20," $103,000.00 ","100,500","103,500","99,900",0.12K,4.36%
6/23/20," $98,700.00 ","99,200","101,000","98,000",0.01K,0.20%
6/22/20," $98,500.00 ","99,100","100,000","98,500",0.01K,-1.50%
6/21/20," $100,000.00 ","100,000","100,000","100,000",,0.00%
6/19/20," $100,000.00 ","101,000","101,500","99,100",871.40K,0.00%
6/18/20," $100,000.00 ","99,100","102,000","98,400",0.59K,-0.50%
6/17/20," $100,500.00 ","100,000","100,500","99,400",0.20K,-0.99%
6/16/20," $101,500.00 ","99,100","101,500","99,100",1.36M,4.64%
6/15/20," $97,000.00 ","102,000","102,500","97,000",0.27K,-6.28%
6/14/20," $103,500.00 ","103,500","103,500","103,500",,0.00%
6/12/20," $103,500.00 ","101,500","105,000","101,500",1.95M,-4.61%
6/11/20," $108,500.00 ","110,500","111,000","107,000",0.25K,-2.69%
6/10/20," $111,500.00 ","111,000","112,000","109,000",1.99K,-0.45%
6/9/20," $112,000.00 ","114,000","115,000","110,500",1.01K,-0.88%
6/8/20," $113,000.00 ","114,000","114,500","111,500",0.00K,1.80%
6/7/20," $111,000.00 ","111,000","111,000","111,000",,0.00%
6/5/20," $111,000.00 ","108,000","112,000","106,500",2.01M,2.30%
6/4/20," $108,500.00 ","111,500","113,000","105,000",0.01K,0.00%
6/3/20," $108,500.00 ","105,500","110,000","105,500",0.17K,5.85%
6/2/20," $102,500.00 ","99,500","103,000","98,700",0.20K,2.50%
6/1/20," $100,000.00 ","98,000","101,500","98,000",1.89M,2.04%
5/31/20," $98,000.00 ","98,000","98,000","98,000",,0.00%
5/29/20," $98,000.00 ","96,300","99,200","96,300",1.98M,0.82%
5/28/20," $97,200.00 ","99,600","99,600","96,200",0.26K,-0.92%
5/27/20," $98,100.00 ","98,800","99,400","97,300",0.23K,0.31%
5/26/20," $97,800.00 ","95,900","99,500","95,600",0.53K,1.88%
5/25/20," $96,000.00 ","94,900","96,200","94,000",0.23K,1.59%
5/24/20," $94,500.00 ","94,500","94,500","94,500",,0.00%
5/22/20," $94,500.00 ","97,100","97,200","94,000",1.61M,-2.78%
5/21/20," $97,200.00 ","98,600","98,700","96,600",1.46M,-0.10%
5/20/20," $97,300.00 ","98,100","98,100","96,400",0.09K,-1.82%
5/19/20," $99,100.00 ","95,100","99,300","94,700",0.73K,7.83%
5/18/20," $91,900.00 ","92,200","92,200","91,000",0.07K,-0.43%
5/17/20," $92,300.00 ","92,300","92,300","92,300",,0.00%
5/15/20," $92,300.00 ","92,000","92,700","91,200",819.54K,0.00%
5/14/20," $92,300.00 ","92,500","92,900","91,500",0.28K,-0.86%
5/13/20," $93,100.00 ","90,800","93,100","90,500",1.71K,1.31%
5/12/20," $91,900.00 ","93,200","93,800","91,100",1.25M,-1.92%
5/11/20," $93,700.00 ","95,800","96,500","93,500",1.68M,-0.85%
5/10/20," $94,500.00 ","94,500","94,500","94,500",,0.00%
5/8/20," $94,500.00 ","93,000","95,400","93,000",1.74M,2.05%
5/7/20," $92,600.00 ","92,800","93,000","91,800",823.24K,-0.64%
5/6/20," $93,200.00 ","93,300","94,200","92,600",1.03M,1.86%
5/5/20," $91,500.00 ","91,500","91,500","91,500",,0.00%
5/4/20," $91,500.00 ","91,100","92,900","90,700",1.26M,-2.24%
5/3/20," $93,600.00 ","93,600","93,600","93,600",,0.00%
4/29/20," $93,600.00 ","93,500","94,000","92,400",1.18M,0.43%
4/28/20," $93,200.00 ","92,500","94,400","92,200",1.44M,1.75%
4/27/20," $91,600.00 ","90,300","92,500","90,200",1.21M,1.66%
4/26/20," $90,100.00 ","90,100","90,100","90,100",,0.00%
4/24/20," $90,100.00 ","91,300","92,300","90,100",1.85M,-2.49%
4/23/20," $92,400.00 ","93,700","95,100","92,100",3.15M,-0.22%
4/22/20," $92,600.00 ","90,800","95,200","89,400",3.10M,-0.96%
4/21/20," $93,500.00 ","96,100","96,500","91,300",3.62M,-4.20%
4/20/20," $97,600.00 ","100,000","100,500","97,100",2.13M,-2.89%
4/19/20," $100,500.00 ","100,500","100,500","100,500",,0.00%
4/17/20," $100,500.00 ","101,000","103,500","100,000",1.48M,1.41%
4/16/20," $99,100.00 ","98,900","100,500","98,300",1.34M,-0.90%
4/15/20," $100,000.00 ","100,000","100,000","100,000",,0.00%
4/14/20," $100,000.00 ","98,600","101,500","97,700",1.58M,2.25%
4/13/20," $97,800.00 ","98,800","99,000","97,400",1.33M,-1.91%
4/12/20," $99,700.00 ","99,700","99,700","99,700",,0.00%
4/10/20," $99,700.00 ","97,400","101,500","96,200",2.80M,2.68%
4/9/20," $97,100.00 ","92,300","97,900","91,100",3.76M,7.89%
4/8/20," $90,000.00 ","89,800","91,900","88,900",1.78M,-0.44%
4/7/20," $90,400.00 ","92,100","92,500","88,600",2.58M,1.80%
4/6/20," $88,800.00 ","86,500","88,800","85,900",1.67M,2.90%
4/5/20," $86,300.00 ","86,300","86,300","86,300",,0.00%
4/3/20," $86,300.00 ","86,600","87,000","85,600",1.16M,-0.35%
4/2/20," $86,600.00 ","85,300","86,800","83,000",1.48M,1.41%
4/1/20," $85,400.00 ","88,500","90,100","85,300",2.11M,-3.72%
3/31/20," $88,700.00 ","87,700","88,700","86,000",2.11M,3.86%
3/30/20," $85,400.00 ","82,800","86,400","82,100",1.73M,-1.16%
3/29/20," $86,400.00 ","86,400","86,400","86,400",,0.00%
3/27/20," $86,400.00 ","89,700","90,000","84,500",2.50M,1.77%
3/26/20," $84,900.00 ","85,500","90,200","82,600",0.33K,0.47%
3/25/20," $84,500.00 ","79,800","85,500","78,900",0.96K,12.97%
3/24/20," $74,800.00 ","71,400","75,700","70,000",0.02K,8.56%
3/23/20," $68,900.00 ","67,200","71,000","66,300",1.17K,-3.09%
3/22/20," $71,100.00 ","71,100","71,100","71,100",,0.00%
3/20/20," $71,100.00 ","67,500","72,400","65,000",3.32M,7.89%
3/19/20," $65,900.00 ","75,200","75,900","65,100",0.13K,-10.34%
3/18/20," $73,500.00 ","80,500","81,200","73,500",2.66M,-8.24%
3/17/20," $80,100.00 ","78,100","83,400","78,100",2.37M,-3.38%
3/16/20," $82,900.00 ","88,300","89,500","82,900",2.66M,-4.93%
3/15/20," $87,200.00 ","87,200","87,200","87,200",,0.00%
3/13/20," $87,200.00 ","86,500","90,200","83,500",4.77M,-8.21%
3/12/20," $95,000.00 ","100,000","100,500","94,500",2.31M,-5.00%
3/11/20," $100,000.00 ","103,000","103,000","99,700",1.72M,-1.96%
3/10/20," $102,000.00 ","102,500","105,000","101,000",2.08M,-1.92%
3/9/20," $104,000.00 ","108,000","108,000","103,500",1.65M,-5.88%
3/8/20," $110,500.00 ","110,500","110,500","110,500",,0.00%
3/6/20," $110,500.00 ","113,000","113,500","110,000",1.38M,-3.07%
3/5/20," $114,000.00 ","115,500","116,000","113,000",1.13M,0.88%
3/4/20," $113,000.00 ","112,000","114,000","112,000",1.31M,0.44%
3/3/20," $112,500.00 ","116,000","116,500","112,000",1.36M,-0.88%
3/2/20," $113,500.00 ","116,000","116,000","113,000",1.18M,-1.30%
3/1/20," $115,000.00 ","115,000","115,000","115,000",,0.00%
2/28/20," $115,000.00 ","118,500","119,000","114,000",1.77M,-4.96%
2/27/20," $121,000.00 ","122,500","123,500","120,000",776.62K,-1.22%
2/26/20," $122,500.00 ","121,000","124,000","120,000",1.00M,0.00%
2/25/20," $122,500.00 ","122,500","124,500","122,000",793.86K,0.00%
2/24/20," $122,500.00 ","124,500","125,000","122,000",909.40K,-4.30%
2/23/20," $128,000.00 ","128,000","128,000","128,000",,0.00%
2/21/20," $128,000.00 ","128,000","129,500","127,000",628.97K,-1.54%
2/20/20," $130,000.00 ","132,500","133,000","129,000",709.44K,-1.14%
2/19/20," $131,500.00 ","133,000","134,000","130,500",775.62K,-0.75%
2/18/20," $132,500.00 ","134,000","134,500","131,000",743.67K,-2.21%
2/17/20," $135,500.00 ","133,500","136,000","132,500",524.94K,1.50%
2/16/20," $133,500.00 ","133,500","133,500","133,500",,0.00%
2/14/20," $133,500.00 ","132,500","135,000","131,500",449.54K,0.38%
2/13/20," $133,000.00 ","137,000","137,500","133,000",1.03M,-2.21%
2/12/20," $136,000.00 ","132,500","137,500","132,500",1.37M,2.64%
2/11/20," $132,500.00 ","131,000","135,000","130,500",948.65K,1.92%
2/10/20," $130,000.00 ","129,500","132,000","129,000",668.16K,-0.76%
2/9/20," $131,000.00 ","131,000","131,000","131,000",,0.00%
2/7/20," $131,000.00 ","130,500","131,000","127,500",996.60K,-0.76%
2/6/20," $132,000.00 ","125,500","133,000","125,500",1.66M,6.45%
2/5/20," $124,000.00 ","125,000","126,000","123,500",962.74K,0.00%
2/4/20," $124,000.00 ","123,500","126,000","122,500",1.20M,0.40%
2/3/20," $123,500.00 ","123,000","125,000","121,000",1.26M,-1.20%
2/2/20," $125,000.00 ","125,000","125,000","125,000",,0.00%
1/31/20," $125,000.00 ","128,500","129,500","124,500",1.03M,-1.96%
1/30/20," $127,500.00 ","130,000","130,500","126,500",1.03M,-2.67%
1/29/20," $131,000.00 ","132,000","133,000","129,000",1.32M,0.00%
1/28/20," $131,000.00 ","127,000","132,500","127,000",1.65M,0.38%
1/27/20," $130,500.00 ","130,500","130,500","130,500",,0.00%
1/23/20," $130,500.00 ","130,000","131,500","128,000",2.25M,2.76%
1/22/20," $127,000.00 ","117,500","127,000","117,500",2.60M,8.55%
1/21/20," $117,000.00 ","118,000","118,500","116,500",544.83K,-0.85%
1/20/20," $118,000.00 ","119,500","119,500","117,500",445.23K,-0.42%
1/19/20," $118,500.00 ","118,500","118,500","118,500",,0.00%
1/17/20," $118,500.00 ","118,500","120,000","118,000",573.46K,0.00%
1/16/20," $118,500.00 ","117,000","120,000","116,500",1.59M,3.04%
1/15/20," $115,000.00 ","116,000","116,000","114,000",562.97K,-0.86%
1/14/20," $116,000.00 ","115,500","117,000","115,500",739.64K,0.87%
1/13/20," $115,000.00 ","113,500","115,500","113,000",686.42K,1.32%
1/12/20," $113,500.00 ","113,500","113,500","113,500",,0.00%
1/10/20," $113,500.00 ","112,500","114,500","112,000",895.31K,1.79%
1/9/20," $111,500.00 ","113,000","114,500","110,000",1.37M,-0.45%
1/8/20," $112,000.00 ","115,000","115,500","111,500",1.03M,-3.03%
1/7/20," $115,500.00 ","116,500","117,000","115,500",642.10K,-0.43%
1/6/20," $116,000.00 ","116,000","117,000","115,500",332.98K,0.00%
1/5/20," $116,000.00 ","116,000","116,000","116,000",,0.00%
1/3/20," $116,000.00 ","118,500","119,000","115,000",1.14M,-1.69%
1/2/20," $118,000.00 ","121,000","121,000","118,000",551.70K,-2.07%
12/30/19," $120,500.00 ","120,500","121,500","120,000",467.35K,0.00%
12/29/19," $120,500.00 ","120,500","120,500","120,500",,0.00%
12/27/19," $120,500.00 ","121,000","121,000","120,000",421.54K,-1.63%
12/26/19," $122,500.00 ","122,500","123,000","121,500",546.75K,0.41%
12/24/19," $122,000.00 ","123,000","123,000","121,500",439.65K,-0.41%
12/23/19," $122,500.00 ","124,000","125,000","122,000",938.05K,-1.21%
12/22/19," $124,000.00 ","124,000","124,000","124,000",,0.00%
12/20/19," $124,000.00 ","124,000","124,000","122,500",1.00M,0.40%
12/19/19," $123,500.00 ","122,500","123,500","122,000",904.74K,0.41%
12/18/19," $123,000.00 ","122,000","123,500","120,500",1.13M,0.82%
12/17/19," $122,000.00 ","119,500","123,000","119,000",1.43M,2.52%
12/16/19," $119,000.00 ","120,500","121,000","119,000",978.69K,-1.65%
12/15/19," $121,000.00 ","121,000","121,000","121,000",,0.00%
12/13/19," $121,000.00 ","121,500","122,500","119,500",982.52K,0.83%
12/12/19," $120,000.00 ","119,500","120,500","119,000",1.53M,0.84%
12/11/19," $119,000.00 ","120,500","120,500","119,000",1.01M,-0.83%
12/10/19," $120,000.00 ","119,500","120,500","119,000",783.91K,0.42%
12/9/19," $119,500.00 ","119,500","120,500","119,000",841.78K,0.84%
12/6/19," $118,500.00 ","118,500","119,500","118,000",982.48K,0.42%
12/5/19," $118,000.00 ","121,500","122,500","117,500",1.56M,-3.28%
12/4/19," $122,000.00 ","120,000","124,000","120,000",1.50M,0.41%
12/3/19," $121,500.00 ","120,000","121,500","119,000",849.38K,0.00%
12/2/19," $121,500.00 ","121,000","121,500","118,500",861.53K,0.41%
11/29/19," $121,000.00 ","123,500","124,500","120,000",1.02M,-2.42%
11/28/19," $124,000.00 ","123,500","125,000","123,000",742.17K,0.40%
11/27/19," $123,500.00 ","123,000","124,000","123,000",696.08K,0.82%
11/26/19," $122,500.00 ","124,500","125,500","122,500",1.65M,-2.00%
11/25/19," $125,000.00 ","124,000","125,500","123,500",640.60K,1.21%
11/22/19," $123,500.00 ","124,000","125,500","123,500",702.33K,-0.80%
11/21/19," $124,500.00 ","124,000","124,500","123,000",724.11K,0.00%
11/20/19," $124,500.00 ","124,500","124,500","123,500",567.81K,-0.40%
11/19/19," $125,000.00 ","125,000","126,000","124,500",537.69K,-0.79%
11/18/19," $126,000.00 ","125,000","126,000","124,500",596.16K,0.40%
11/17/19," $125,500.00 ","125,500","125,500","125,500",,0.00%
11/15/19," $125,500.00 ","124,500","125,500","124,000",469.03K,0.80%
11/14/19," $124,500.00 ","125,000","125,000","124,000",539.29K,0.00%
11/13/19," $124,500.00 ","125,000","126,000","124,500",524.67K,-0.80%
11/12/19," $125,500.00 ","123,500","125,500","123,500",598.23K,1.62%
11/11/19," $123,500.00 ","124,000","124,500","123,500",370.19K,-0.40%
11/10/19," $124,000.00 ","124,000","124,000","124,000",,0.00%
11/8/19," $124,000.00 ","124,000","124,500","123,500",334.18K,0.40%
11/7/19," $123,500.00 ","123,500","124,500","123,000",577.24K,0.00%
11/6/19," $123,500.00 ","125,500","126,000","123,500",681.70K,-1.20%
11/5/19," $125,000.00 ","124,000","125,500","124,000",471.14K,0.81%
11/4/19," $124,000.00 ","123,500","125,000","123,000",471.01K,0.00%
11/3/19," $124,000.00 ","124,000","124,000","124,000",,0.00%
11/1/19," $124,000.00 ","121,500","124,000","121,000",434.02K,1.64%
10/31/19," $122,000.00 ","122,500","123,500","121,500",441.27K,-0.41%
10/30/19," $122,500.00 ","122,500","123,000","121,500",398.68K,0.00%
10/29/19," $122,500.00 ","122,000","123,000","121,500",546.89K,0.82%
10/28/19," $121,500.00 ","124,500","125,000","121,500",563.67K,-1.62%
10/25/19," $123,500.00 ","122,000","124,000","121,500",748.26K,1.23%
10/24/19," $122,000.00 ","121,000","122,500","120,000",652.31K,0.83%
10/23/19," $121,000.00 ","121,500","122,500","120,500",509.37K,-0.82%
10/22/19," $122,000.00 ","121,500","122,500","120,000",522.73K,0.00%
10/21/19," $122,000.00 ","124,000","124,000","122,000",371.22K,-0.81%
10/20/19," $123,000.00 ","123,000","123,000","123,000",,0.00%
10/18/19," $123,000.00 ","123,500","124,500","122,500",416.54K,0.00%
10/17/19," $123,000.00 ","123,000","124,500","122,000",509.08K,0.00%
10/16/19," $123,000.00 ","123,000","124,000","122,000",407.27K,0.82%
10/15/19," $122,000.00 ","122,000","123,000","120,500",657.67K,0.00%
10/14/19," $122,000.00 ","125,000","126,000","122,000",1.26M,-3.17%
10/13/19," $126,000.00 ","126,000","126,000","126,000",,0.00%
10/11/19," $126,000.00 ","127,000","127,500","126,000",364.18K,-0.40%
10/10/19," $126,500.00 ","127,000","128,000","125,500",770.52K,-2.32%
10/9/19," $129,500.00 ","129,500","129,500","129,500",,0.00%
10/8/19," $129,500.00 ","128,000","130,500","127,500",390.58K,1.17%
10/7/19," $128,000.00 ","128,000","129,000","127,000",257.03K,1.19%
10/6/19," $126,500.00 ","126,500","126,500","126,500",,0.00%
10/4/19," $126,500.00 ","129,500","130,000","126,500",488.21K,-1.56%
10/3/19," $128,500.00 ","128,500","128,500","128,500",,0.00%
10/2/19," $128,500.00 ","131,000","131,500","128,000",447.29K,-3.02%
10/1/19," $132,500.00 ","134,000","134,000","131,500",387.73K,-1.12%
9/30/19," $134,000.00 ","133,500","135,500","133,000",428.66K,0.37%
9/29/19," $133,500.00 ","133,500","133,500","133,500",,0.00%
9/27/19," $133,500.00 ","134,000","134,000","131,000",347.95K,0.38%
9/26/19," $133,000.00 ","136,000","136,500","132,000",439.33K,-1.12%
9/25/19," $134,500.00 ","133,000","135,000","131,500",447.65K,0.37%
9/24/19," $134,000.00 ","134,000","135,000","132,000",615.17K,0.75%
9/23/19," $133,000.00 ","129,500","133,500","129,000",1.01M,2.70%
9/20/19," $129,500.00 ","128,500","130,500","128,000",713.71K,0.39%
9/19/19," $129,000.00 ","127,500","129,000","126,500",597.02K,1.18%
9/18/19," $127,500.00 ","126,000","128,500","125,500",537.20K,1.19%
9/17/19," $126,000.00 ","127,500","128,000","125,500",609.09K,-1.56%
9/16/19," $128,000.00 ","128,500","129,500","126,000",777.34K,-0.78%
9/15/19," $129,000.00 ","129,000","129,000","129,000",,0.00%
9/11/19," $129,000.00 ","128,500","129,000","127,500",755.84K,0.78%
9/10/19," $128,000.00 ","127,000","128,500","126,500",458.27K,0.79%
9/9/19," $127,000.00 ","127,500","128,500","126,000",377.91K,-0.39%
9/8/19," $127,500.00 ","127,500","127,500","127,500",,0.00%
9/6/19," $127,500.00 ","128,000","128,500","126,500",379.95K,-0.39%
9/5/19," $128,000.00 ","128,000","129,000","127,000",456.76K,-0.39%
9/4/19," $128,500.00 ","128,000","129,000","127,000",496.04K,0.00%
9/3/19," $128,500.00 ","131,500","132,000","127,500",505.03K,-1.91%
9/2/19," $131,000.00 ","128,000","132,000","127,500",383.70K,1.95%
9/1/19," $128,500.00 ","128,500","128,500","128,500",,0.00%
8/30/19," $128,500.00 ","127,500","129,000","127,000",405.75K,1.58%
8/29/19," $126,500.00 ","127,500","128,000","126,000",364.66K,-0.78%
8/28/19," $127,500.00 ","128,500","130,500","127,000",766.18K,2.00%
8/27/19," $125,000.00 ","125,000","126,500","124,000",538.60K,0.40%
8/26/19," $124,500.00 ","124,000","126,000","123,500",391.38K,-1.19%
8/23/19," $126,000.00 ","123,000","126,000","123,000",252.71K,1.61%
8/22/19," $124,000.00 ","126,000","126,500","124,000",384.08K,-1.20%
8/21/19," $125,500.00 ","126,500","127,500","124,000",529.57K,-0.79%
8/20/19," $126,500.00 ","127,500","128,500","125,000",479.78K,-1.17%
8/19/19," $128,000.00 ","127,500","129,500","127,500",241.85K,0.00%
8/18/19," $128,000.00 ","128,000","128,000","128,000",,0.00%
8/16/19," $128,000.00 ","126,500","128,000","125,000",351.61K,0.39%
8/15/19," $127,500.00 ","127,500","127,500","127,500",,0.00%
8/14/19," $127,500.00 ","130,000","131,500","127,000",565.89K,-1.16%
8/13/19," $129,000.00 ","129,500","131,000","129,000",333.96K,-1.53%
8/12/19," $131,000.00 ","131,000","132,500","130,000",344.79K,-1.13%
8/9/19," $132,500.00 ","131,500","132,500","129,000",512.31K,1.92%
8/8/19," $130,000.00 ","129,000","132,500","128,500",1.11M,2.36%
8/7/19," $127,000.00 ","126,500","129,000","126,500",677.53K,0.79%
8/6/19," $126,000.00 ","126,000","127,500","123,000",762.23K,-1.18%
8/5/19," $127,500.00 ","127,500","128,000","125,500",728.19K,0.00%
8/4/19," $127,500.00 ","127,500","127,500","127,500",,0.00%
8/2/19," $127,500.00 ","126,000","128,500","124,500",597.90K,1.59%
8/1/19," $125,500.00 ","126,500","130,000","125,000",467.91K,-0.79%
7/31/19," $126,500.00 ","126,500","129,000","126,500",487.85K,-1.17%
7/30/19," $128,000.00 ","129,000","129,500","126,500",320.63K,0.00%
7/29/19," $128,000.00 ","130,000","131,000","126,500",464.01K,-1.92%
7/28/19," $130,500.00 ","130,500","130,500","130,500",,0.00%
7/26/19," $130,500.00 ","130,500","132,500","130,000",393.68K,-0.76%
7/25/19," $131,500.00 ","131,500","133,500","130,000",613.07K,-0.75%
7/24/19," $132,500.00 ","131,500","133,500","131,500",418.40K,0.38%
7/23/19," $132,000.00 ","133,500","133,500","128,500",1.13M,-0.75%
7/22/19," $133,000.00 ","134,000","135,500","132,000",606.14K,-1.12%
7/19/19," $134,500.00 ","135,500","135,500","132,000",363.11K,0.37%
7/18/19," $134,000.00 ","133,000","134,500","132,500",345.39K,0.37%
7/17/19," $133,500.00 ","133,000","134,500","132,000",375.47K,0.38%
7/16/19," $133,000.00 ","139,000","139,000","132,000",902.01K,-3.62%
7/15/19," $138,000.00 ","139,500","140,000","137,000",279.65K,-1.08%
7/12/19," $139,500.00 ","138,500","142,000","138,000",549.23K,0.36%
7/11/19," $139,000.00 ","136,500","140,500","135,000",1.07M,1.46%
7/10/19," $137,000.00 ","139,000","140,000","135,500",566.98K,-0.36%
7/9/19," $137,500.00 ","139,500","141,500","137,000",435.20K,-0.72%
7/8/19," $138,500.00 ","140,500","142,000","138,000",338.35K,-2.12%
7/5/19," $141,500.00 ","139,000","142,000","138,500",338.12K,1.80%
7/4/19," $139,000.00 ","135,500","139,500","135,000",305.63K,2.21%
7/3/19," $136,000.00 ","136,000","138,000","134,000",582.35K,-0.73%
7/2/19," $137,000.00 ","139,500","140,000","136,500",444.55K,-2.84%
7/1/19," $141,000.00 ","141,500","142,500","139,500",328.31K,0.71%
6/30/19," $140,000.00 ","140,000","140,000","140,000",,0.00%
6/28/19," $140,000.00 ","140,000","141,000","139,000",273.93K,-0.36%
6/27/19," $140,500.00 ","141,000","142,500","139,500",343.05K,-0.71%
6/26/19," $141,500.00 ","141,000","142,000","140,000",239.18K,0.00%
6/25/19," $141,500.00 ","142,500","142,500","140,500",294.73K,-0.70%
6/24/19," $142,500.00 ","142,000","143,500","141,500",287.87K,1.42%
6/21/19," $140,500.00 ","140,000","141,000","139,500",291.57K,0.00%
6/20/19," $140,500.00 ","139,500","141,000","139,000",259.55K,0.36%
6/19/19," $140,000.00 ","140,500","141,000","139,000",301.58K,-0.71%
6/18/19," $141,000.00 ","140,500","141,500","139,500",222.60K,0.71%
6/17/19," $140,000.00 ","140,000","141,500","139,500",228.45K,-0.36%
6/14/19," $140,500.00 ","140,000","142,500","139,500",339.75K,-0.35%
6/13/19," $141,000.00 ","140,500","141,500","137,500",906.13K,0.00%
6/12/19," $141,000.00 ","143,500","143,500","139,500",535.71K,-1.74%
6/11/19," $143,500.00 ","142,500","143,500","140,500",361.91K,0.35%
6/10/19," $143,000.00 ","142,000","143,000","140,000",463.61K,2.14%
6/7/19," $140,000.00 ","141,500","142,000","139,500",460.45K,-0.71%
6/5/19," $141,000.00 ","139,500","142,000","139,000",606.07K,1.44%
6/4/19," $139,000.00 ","137,000","140,500","137,000",570.72K,0.36%
6/3/19," $138,500.00 ","134,000","138,500","132,500",650.22K,2.97%
5/31/19," $134,500.00 ","134,500","135,000","131,000",924.60K,-0.74%
5/30/19," $135,500.00 ","132,500","136,500","132,500",495.62K,1.12%
5/29/19," $134,000.00 ","135,000","135,500","131,500",635.20K,-1.83%
5/28/19," $136,500.00 ","135,000","136,500","133,000",1.21M,1.11%
5/27/19," $135,000.00 ","130,000","135,500","130,000",716.35K,3.45%
5/24/19," $130,500.00 ","127,000","130,500","126,000",479.71K,2.35%
5/23/19," $127,500.00 ","129,000","129,500","126,500",621.31K,0.39%
5/22/19," $127,000.00 ","127,000","129,000","126,000",368.70K,0.00%
5/21/19," $127,000.00 ","129,000","129,500","125,000",733.38K,-1.55%
5/20/19," $129,000.00 ","125,500","129,500","125,500",709.35K,2.79%
5/17/19," $125,500.00 ","127,000","128,500","125,000",297.56K,-1.57%
5/16/19," $127,500.00 ","133,000","135,000","127,000",1.00M,-0.39%
5/15/19," $128,000.00 ","127,500","130,000","125,500",457.25K,0.00%
5/14/19," $128,000.00 ","128,500","129,500","127,000",442.31K,-0.78%
5/13/19," $129,000.00 ","128,000","131,000","128,000",383.80K,-0.77%
5/10/19," $130,000.00 ","131,500","134,000","128,000",544.25K,-0.76%
5/9/19," $131,000.00 ","135,000","135,500","131,000",803.91K,-3.32%
5/8/19," $135,500.00 ","134,500","136,000","134,000",424.05K,-0.37%
5/7/19," $136,000.00 ","134,500","137,000","134,000",544.67K,-1.09%
5/3/19," $137,500.00 ","137,500","138,500","136,500",430.75K,-0.72%
5/2/19," $138,500.00 ","138,000","140,500","137,000",429.66K,0.00%
4/30/19," $138,500.00 ","139,500","140,500","138,000",575.89K,-0.36%
4/29/19," $139,000.00 ","136,500","139,500","136,500",587.56K,2.58%
4/26/19," $135,500.00 ","138,000","138,500","134,500",538.44K,-1.81%
4/25/19," $138,000.00 ","138,500","139,000","136,500",550.76K,-0.36%
4/24/19," $138,500.00 ","139,000","140,000","136,000",1.33M,1.84%
4/23/19," $136,000.00 ","134,000","137,000","133,000",480.16K,1.49%
4/22/19," $134,000.00 ","133,000","134,500","132,000",231.07K,0.00%
4/19/19," $134,000.00 ","135,000","135,500","133,000",335.42K,0.00%
4/18/19," $134,000.00 ","133,500","137,000","132,500",1.46M,2.29%
4/17/19," $131,000.00 ","128,500","131,000","127,500",535.57K,1.95%
4/16/19," $128,500.00 ","126,500","130,500","125,500",733.53K,2.39%
4/15/19," $125,500.00 ","126,000","127,000","125,000",222.55K,-0.79%
4/12/19," $126,500.00 ","127,000","128,000","125,500",286.48K,-1.17%
4/11/19," $128,000.00 ","127,500","128,000","125,500",548.77K,0.39%
4/10/19," $127,500.00 ","126,500","128,500","126,500",349.26K,0.39%
4/9/19," $127,000.00 ","125,500","128,000","125,500",274.93K,-0.78%
4/8/19," $128,000.00 ","126,500","128,500","125,500",455.08K,1.59%
4/5/19," $126,000.00 ","124,500","126,500","124,000",468.52K,2.02%
4/4/19," $123,500.00 ","123,000","125,000","122,500",464.56K,-0.40%
4/3/19," $124,000.00 ","118,500","124,000","118,000",651.23K,4.20%
4/2/19," $119,000.00 ","119,500","120,000","117,500",374.13K,-1.24%
4/1/19," $120,500.00 ","120,000","121,000","119,000",264.65K,0.84%
3/29/19," $119,500.00 ","120,000","122,000","119,000",432.84K,0.00%
3/28/19," $119,500.00 ","118,500","120,000","118,000",303.40K,0.84%
3/27/19," $118,500.00 ","118,500","119,500","118,000",236.18K,0.00%
3/26/19," $118,500.00 ","120,000","121,000","118,500",462.91K,-1.25%
3/25/19," $120,000.00 ","121,000","122,000","119,000",414.10K,-2.83%
3/22/19," $123,500.00 ","124,000","125,500","121,500",485.68K,-0.80%
3/21/19," $124,500.00 ","124,000","126,000","122,500",321.36K,0.40%
3/20/19," $124,000.00 ","123,000","124,000","121,000",316.07K,0.00%
3/19/19," $124,000.00 ","124,000","125,000","123,000",303.88K,0.00%
3/18/19," $124,000.00 ","122,000","124,000","121,500",383.26K,2.48%
3/15/19," $121,000.00 ","119,000","122,000","118,000",739.47K,1.68%
3/14/19," $119,000.00 ","124,000","124,000","117,000",1.32M,-2.86%
3/13/19," $122,500.00 ","126,000","126,000","120,500",797.48K,-2.39%
3/12/19," $125,500.00 ","121,500","125,500","121,500",616.23K,3.72%
3/11/19," $121,000.00 ","121,000","121,500","119,000",281.39K,0.83%
3/8/19," $120,000.00 ","125,000","125,000","120,000",467.05K,-4.38%
3/7/19," $125,500.00 ","126,500","129,000","123,000",791.37K,0.80%
3/6/19," $124,500.00 ","122,500","126,500","121,500",599.12K,2.47%
3/5/19," $121,500.00 ","121,500","122,000","119,500",428.58K,-0.41%
3/4/19," $122,000.00 ","125,000","126,000","121,000",916.71K,-3.56%
2/28/19," $126,500.00 ","127,500","129,000","126,000",945.59K,-1.94%
2/27/19," $129,000.00 ","128,000","130,000","126,000",1.23M,5.31%
2/26/19," $122,500.00 ","121,500","124,000","121,500",777.50K,1.24%
2/25/19," $121,000.00 ","120,500","122,500","120,000",313.82K,0.00%
2/22/19," $121,000.00 ","119,500","121,500","119,500",353.42K,0.83%
2/21/19," $120,000.00 ","118,500","121,000","118,500",588.44K,0.84%
2/20/19," $119,000.00 ","119,500","121,500","119,000",734.34K,-0.42%
2/19/19," $119,500.00 ","119,500","120,500","119,000",469.06K,-0.83%
2/18/19," $120,500.00 ","121,000","122,000","118,500",556.50K,-0.41%
2/15/19," $121,000.00 ","121,000","121,500","120,000",445.95K,-0.41%
2/14/19," $121,500.00 ","123,500","124,000","119,500",1.07M,-2.41%
2/13/19," $124,500.00 ","128,500","128,500","124,000",619.40K,-3.11%
2/12/19," $128,500.00 ","129,000","129,000","126,500",442.74K,0.78%
2/11/19," $127,500.00 ","126,000","129,000","126,000",425.73K,1.59%
2/8/19," $125,500.00 ","125,500","126,500","124,500",364.68K,-0.40%
2/7/19," $126,000.00 ","128,500","129,000","125,500",528.10K,-2.70%
2/1/19," $129,500.00 ","129,500","130,000","128,500",391.59K,0.00%
1/31/19," $129,500.00 ","130,000","131,000","128,500",509.45K,0.00%
1/30/19," $129,500.00 ","128,500","129,500","126,500",404.00K,1.17%
1/29/19," $128,000.00 ","126,500","128,500","126,000",445.08K,1.19%
1/28/19," $126,500.00 ","128,500","130,000","125,500",540.81K,-1.56%