Date,Price_AUD,Percent_AUD,Cumfactor,Logarithmic_Changes_Daily,Present Value,Years,Present_Value
2019-01-28,127.77390584123714,-0.011718750000000111,0.9882812499999999,-0.011787955752042353,118.99227588120425,0.0,127.77390584123714
2019-01-29,129.28901144409767,-0.011583011583011449,0.9884169884169886,-0.011650617219975139,120.4032514845387,0.0027378507871321013,129.26380961972652
2019-01-30,130.80411704695817,0.0,1.0,0.0,121.81422708787312,0.0054757015742642025,130.753127700523
2019-01-31,130.80411704695817,0.0,1.0,0.0,121.81422708787312,0.008213552361396304,130.7276404814355
2019-02-01,130.80411704695817,0.02777777777777768,1.0277777777777777,0.027398974188114347,121.81422708787312,0.010951403148528405,130.7021582304764
2019-02-07,127.26887064028364,0.003984063745019917,1.00398406374502,0.003976148379639417,118.52195068009279,0.02737850787132101,127.02100767684487
2019-02-08,126.76383543933012,-0.015686274509803866,0.9843137254901961,-0.015810606026642204,118.0516254789813,0.030116358658453114,126.49229458111672
2019-02-11,128.78397624314414,-0.0077821011673152585,0.9922178988326847,-0.007812539736793736,119.93292628342721,0.038329911019849415,128.43297387074603
2019-02-12,129.79404664505117,0.03212851405622508,1.032128514056225,0.03162318843051236,120.87357668565018,0.04106776180698152,129.41506000007828
2019-02-13,125.75376503742311,0.024691358024691246,1.0246913580246912,0.024391453124159048,117.11097507675834,0.04380561259411362,125.3621345049713
2019-02-14,122.72355383170208,0.004132231404958775,1.0041322314049588,0.004123717183862156,114.28902387008947,0.04654346338124572,122.31751263490489
2019-02-15,122.21851863074856,0.004149377593360981,1.004149377593361,0.004140792666031387,113.81869866897797,0.049281314168377825,121.7904036081601
2019-02-18,121.71348342979506,0.008368200836819994,1.00836820083682,0.00833338155914424,113.34837346786651,0.057494866529774126,121.21622515517019
2019-02-19,120.70341302788805,0.004201680672268893,1.004201680672269,0.004192878260035958,112.40772306564354,0.06023271731690623,120.18684923653905
2019-02-20,120.19837782693455,-0.008333333333333193,0.9916666666666668,-0.008368249670516466,111.93739786453207,0.06297056810403832,119.66064583981273
2019-02-21,121.20844822884155,-0.008264462809917328,0.9917355371900827,-0.008298802814695066,112.87804826675502,0.06570841889117043,120.64267647409066
2019-02-22,122.21851863074856,0.0,1.0,0.0,113.81869866897797,0.06844626967830253,121.62431971458152
2019-02-25,122.21851863074856,-0.01224489795918371,0.9877551020408163,-0.012320484388040624,113.81869866897797,0.07665982203969883,121.55321025361198
2019-02-26,123.73362423360909,-0.050387596899224785,0.9496124031007752,-0.051701374376890416,115.22967427231242,0.07939767282683094,123.0360805922394
2019-02-27,130.29908184600467,0.019762845849802257,1.0197628458498023,0.019570096194097077,121.34390188676164,0.08213552361396304,129.5392701555552
2019-02-28,127.77390584123714,0.03688524590163933,1.0368852459016393,0.036221263434318356,118.99227588120425,0.08487337440109514,127.00405793001731
2019-03-04,123.22858903265558,0.00411522633744843,1.0041152263374484,0.004106781952653281,114.75934907120094,0.09582477754962354,122.39065188194556
2019-03-05,122.72355383170208,-0.02409638554216864,0.9759036144578314,-0.024391453124159124,114.28902387008947,0.09856262833675565,121.86529147196633
2019-03-06,125.75376503742311,-0.007968127490039834,0.9920318725099602,-0.008000042667076265,117.11097507675834,0.10130047912388775,124.84996973118773
2019-03-07,126.76383543933012,0.04583333333333339,1.0458333333333334,0.04481401578979264,118.0516254789813,0.10403832991101986,125.82824872029873
2019-03-08,121.20844822884155,-0.008264462809917328,0.9917355371900827,-0.008298802814695066,112.87804826675502,0.10677618069815195,120.29041098596315
2019-03-11,122.21851863074856,-0.03585657370517925,0.9641434262948207,-0.03651521297509745,113.81869866897797,0.11498973305954825,121.22191542628755
2019-03-12,126.76383543933012,0.024489795918367196,1.0244897959183672,0.024194728587056756,118.0516254789813,0.11772758384668036,125.70566036693428
2019-03-13,123.73362423360909,0.02941176470588225,1.0294117647058822,0.028987536873252187,115.22967427231242,0.12046543463381246,122.67682658483656
2019-03-14,120.19837782693455,-0.016528925619834656,0.9834710743801653,-0.016667052485211647,111.93739786453207,0.12320328542094455,119.14854468757768
2019-03-15,122.21851863074856,-0.024193548387096864,0.9758064516129031,-0.02449102000829587,113.81869866897797,0.12594113620807665,121.12742571673141
2019-03-18,125.24872983646961,0.0,1.0,0.0,116.64064987564686,0.13415468856947296,124.05801024589255
2019-03-19,125.24872983646961,0.0,1.0,0.0,116.64064987564686,0.13689253935660506,124.03382808105786
2019-03-20,125.24872983646961,-0.004016064257028051,0.995983935742972,-0.00402415029972538,116.64064987564686,0.13963039014373715,124.00965062996231
2019-03-21,125.75376503742311,0.00809716599190291,1.008097165991903,0.008064559836730495,117.11097507675834,0.14236824093086928,124.48541933479869
2019-03-22,124.74369463551609,0.029166666666666563,1.0291666666666666,0.028749413285985792,116.17032467453537,0.14510609171800137,123.46146587392103
2019-03-25,121.20844822884155,0.012658227848101333,1.0126582278481013,0.012578782206860185,112.87804826675502,0.15331964407939766,119.89242004685666
2019-03-26,119.69334262598103,0.0,1.0,0.0,111.46707266342058,0.15605749486652978,118.37068674165742
2019-03-27,119.69334262598103,-0.008368200836820106,0.9916317991631799,-0.008403410796379504,111.46707266342058,0.15879534565366188,118.34761318556293
2019-03-28,120.70341302788805,0.0,1.0,0.0,112.40772306564354,0.16153319644079397,119.32306348683306
2019-03-29,120.70341302788805,-0.008298755186721962,0.991701244813278,-0.0083333815591443,112.40772306564354,0.16427104722792607,119.2998042874948
2019-04-01,121.71348342979506,0.012605042016806678,1.0126050420168067,0.012526259819180256,113.34837346786651,0.17248459958932238,120.22779492564592
2019-04-02,120.19837782693455,-0.040322580645161255,0.9596774193548387,-0.04115807249350744,111.93739786453207,0.17522245037645448,118.70803954419826
2019-04-03,125.24872983646961,0.004048582995951566,1.0040485829959516,0.004040409537005127,116.64064987564686,0.17796030116358658,123.67166074301242
2019-04-04,124.74369463551609,-0.019841269841269882,0.9801587301587301,-0.020040750883446153,116.17032467453537,0.1806981519507187,123.14897504152218
2019-04-05,127.26887064028364,-0.015625,0.984375,-0.015748356968139168,118.52195068009279,0.1834360027378508,125.61737837256955
2019-04-08,129.28901144409767,0.007874015748031704,1.0078740157480317,0.007843177461026099,120.4032514845387,0.19164955509924708,127.53669517275358
2019-04-09,128.27894104219064,-0.0039215686274509665,0.996078431372549,-0.00392927813988955,119.46260108231573,0.1943874058863792,126.5156487105327
2019-04-10,128.78397624314414,-0.003906250000000222,0.9960937499999998,-0.003913899321136552,119.93292628342721,0.1971252566735113,126.98898350113632
2019-04-11,129.28901144409767,0.011857707509881577,1.0118577075098816,0.011787955752042393,120.4032514845387,0.1998631074606434,127.46212895385219
2019-04-12,127.77390584123714,0.007968127490039834,1.0079681274900398,0.007936549595736342,118.99227588120425,0.2026009582477755,125.94387757393316
2019-04-15,126.76383543933012,-0.023346303501945553,0.9766536964980544,-0.02362314576343594,118.0516254789813,0.2108145106091718,124.87522093866002
2019-04-16,129.79404664505117,-0.01908396946564883,0.9809160305343512,-0.019268418865877032,120.87357668565018,0.2135523613963039,127.83536265276842
2019-04-17,132.3192226498187,-0.02238805970149249,0.9776119402985075,-0.022642476749759777,123.22520269120757,0.216290212183436,130.2970286999035
2019-04-18,135.34943385553973,0.0,1.0,0.0,126.04715389787644,0.2190280629705681,133.25495016633485
2019-04-19,135.34943385553973,0.0,1.0,0.0,126.04715389787644,0.22176591375770022,133.22897527633322
2019-04-22,135.34943385553973,-0.014705882352941235,0.9852941176470588,-0.0148150857851407,126.04715389787644,0.2299794661190965,133.1510809815108
2019-04-23,137.36957465935376,-0.018050541516245522,0.9819494584837545,-0.018215439891341216,127.92845470232236,0.2327173169062286,135.112068522496
2019-04-24,139.8947506641213,0.0036231884057971175,1.0036231884057971,0.003616640470188515,130.28008070787976,0.23545516769336072,137.5689252275102
2019-04-25,139.3897154631678,0.01845018450184499,1.018450184501845,0.018282044837449073,129.80975550676828,0.23819301848049282,137.04556751915248
2019-04-26,136.86453945840026,-0.025179856115107868,0.9748201438848921,-0.02550229281093612,127.45812950121089,0.24093086926762491,134.53662812706008
2019-04-29,140.3997858650748,0.0036101083032491488,1.0036101083032491,0.003603607503298618,130.75040590899124,0.24914442162902123,137.9310533713143
2019-04-30,139.8947506641213,0.0,1.0,0.0,130.28008070787976,0.2518822724161533,137.40810883134478
2019-05-02,139.8947506641213,0.0072727272727270975,1.007272727272727,0.007246408520767033,130.28008070787976,0.25735797399041754,137.35454515290428
2019-05-03,138.8846802622143,0.011029411764706065,1.011029411764706,0.010969031370574157,129.3394303056568,0.2600958247775496,136.33623489040713
2019-05-07,137.36957465935376,0.0036900369003689537,1.003690036900369,0.003683245416296368,127.92845470232236,0.27104722792607805,134.74381885375246
2019-05-08,136.86453945840026,0.03435114503816794,1.034351145038168,0.03377431711860405,127.45812950121089,0.2737850787132101,134.22226862007616
2019-05-09,132.3192226498187,0.007692307692307887,1.0076923076923079,0.0076628727455693175,123.22520269120757,0.27652292950034224,129.73940795448863
2019-05-10,131.30915224791167,0.007751937984496138,1.0077519379844961,0.0077220460939103185,122.2845522889846,0.2792607802874743,128.7239342265718
2019-05-13,130.29908184600467,0.0078125,1.0078125,0.007782140442054949,121.34390188676164,0.2874743326488706,127.65906868714174
2019-05-14,129.28901144409767,0.0,1.0,0.0,120.4032514845387,0.29021218343600275,126.64477229785072
2019-05-15,129.28901144409767,0.0039215686274511885,1.0039215686274512,0.003913899321136536,120.4032514845387,0.2929500342231348,126.62008590514553
2019-05-16,128.78397624314414,0.015936254980079667,1.0159362549800797,0.015810606026642245,119.93292628342721,0.29568788501026694,126.10089102632423
2019-05-17,126.76383543933012,-0.027131782945736482,0.9728682170542635,-0.027506645789833587,118.0516254789813,0.29842573579739906,124.0986430323201
2019-05-20,130.29908184600467,0.015748031496062964,1.015748031496063,0.015625317903080815,121.34390188676164,0.3066392881587953,127.4849817759398
2019-05-21,128.27894104219064,0.0,1.0,0.0,119.46260108231573,0.30937713894592744,125.48400553295244
2019-05-22,128.27894104219064,-0.0039215686274509665,0.996078431372549,-0.00392927813988955,119.46260108231573,0.31211498973305957,125.45954540417962
2019-05-23,128.78397624314414,-0.02298850574712663,0.9770114942528734,-0.023256862164267464,119.93292628342721,0.31485284052019163,125.92892898050688
2019-05-24,131.8141874488652,-0.033333333333333326,0.9666666666666667,-0.03390155167568134,122.75487749009609,0.31759069130732376,128.86683817445478
2019-05-27,136.35950425744676,-0.010989010989010839,0.9890109890109892,-0.011049836186584823,126.98780430009941,0.3258042436687201,133.23258027696724
2019-05-28,137.87460986030726,0.018656716417910335,1.0186567164179103,0.018484814674102942,128.39877990343382,0.32854209445585214,134.6866831890829
2019-05-29,135.34943385553973,-0.011070110701107083,0.9889298892988929,-0.011131840368844294,126.04715389787644,0.33127994524298426,132.19412098929553
2019-05-30,136.86453945840026,0.0074349442379182396,1.0074349442379182,0.007407441277861818,127.45812950121089,0.33401779603011633,133.64784937025902
2019-05-31,135.85446905649323,-0.028880866425992857,0.9711191335740071,-0.029306126585499474,126.5174790989879,0.33675564681724846,132.63565916403806
2019-06-03,139.8947506641213,-0.003597122302158251,0.9964028776978417,-0.0036036075032985443,130.28008070787976,0.34496919917864477,136.500360437159
2019-06-04,140.3997858650748,-0.014184397163120588,0.9858156028368794,-0.014285957247476541,130.75040590899124,0.34770704996577684,136.96643796008163
2019-06-05,142.41992666888882,0.0071428571428571175,1.0071428571428571,0.007117467768863955,132.63170671343715,0.35044490075290896,138.91009556913886
2019-06-07,141.40985626698182,-0.020979020979020935,0.9790209790209791,-0.021202207650602937,131.6910563112142,0.35592060232717315,137.87115244837253
2019-06-10,144.44006747270285,-0.0034843205574912606,0.9965156794425087,-0.003490404939768491,134.51300751788307,0.36413415468856947,140.7431985509247
2019-06-11,144.94510267365635,0.01773049645390068,1.0177304964539007,0.01757514482150749,134.98333271899455,0.3668720054757016,141.207777165474
2019-06-12,142.41992666888882,0.0,1.0,0.0,132.63170671343715,0.36960985626283366,138.72066578776034
2019-06-13,142.41992666888882,0.003558718861209842,1.0035587188612098,0.0035524016043677006,132.63170671343715,0.3723477070499658,138.69362548621586
2019-06-14,141.91489146793532,0.0035714285714285587,1.0035714285714286,0.0035650661644961446,132.16138151232568,0.3750855578370979,138.17486495746718
2019-06-17,141.40985626698182,-0.007092198581560183,0.9929078014184398,-0.0071174677688638785,131.6910563112142,0.38329911019849416,137.60264097147603
2019-06-18,142.41992666888882,0.0071428571428571175,1.0071428571428571,0.007117467768863955,132.63170671343715,0.3860369609856263,138.55850302092358
2019-06-19,141.40985626698182,-0.003558718861209953,0.99644128113879,-0.003565066164496146,131.6910563112142,0.3887748117727584,137.54900146157922
2019-06-20,141.91489146793532,0.0,1.0,0.0,132.16138151232568,0.3915126625598905,138.0133402251459
2019-06-21,141.91489146793532,-0.01403508771929829,0.9859649122807017,-0.014134510934904806,132.16138151232568,0.3942505133470226,137.98643779993296
2019-06-24,143.93503227174935,0.007067137809187329,1.0070671378091873,0.007042282625412951,134.0426823167716,0.4024640657084189,139.86883332911145
2019-06-25,142.92496186984232,0.0,1.0,0.0,133.10203191454863,0.405201916495551,138.86022487415383
2019-06-26,142.92496186984232,0.007117437722419906,1.00711743772242,0.007092228309491837,133.10203191454863,0.4079397672826831,138.8331573688776
2019-06-27,141.91489146793532,0.0035714285714285587,1.0035714285714286,0.0035650661644961446,132.16138151232568,0.4106776180698152,137.82513333666125
2019-06-28,141.40985626698182,0.0,1.0,0.0,131.6910563112142,0.4134154688569473,137.30788230397175
2019-06-30,141.40985626698182,-0.007092198581560183,0.9929078014184398,-0.0071174677688638785,131.6910563112142,0.4188911704312115,137.2543576952887
2019-07-01,142.41992666888882,0.029197080291970767,1.0291970802919708,0.028778964550043327,132.63170671343715,0.4216290212183436,138.2078003815335
2019-07-02,138.37964506126076,0.007352941176470562,1.0073529411764706,0.007326040092072881,128.8691051045453,0.4243668720054757,134.26083565232028
2019-07-03,137.36957465935376,-0.021582733812949617,0.9784172661870504,-0.021819047394639725,127.92845470232236,0.4271047227926078,133.2548496180945
2019-07-04,140.3997858650748,-0.017667844522968212,0.9823321554770318,-0.017825783952600573,130.75040590899124,0.42984257357973993,136.16774698477386
2019-07-05,142.92496186984232,0.02166064981949445,1.0216606498194944,0.02142939145589899,133.10203191454863,0.432580424366872,138.5897871255675
2019-07-08,139.8947506641213,0.0072727272727270975,1.007272727272727,0.007246408520767033,130.28008070787976,0.4407939767282683,135.5721770992382
2019-07-09,138.8846802622143,0.0036496350364965124,1.0036496350364965,0.00364299127850123,129.3394303056568,0.44353182751540043,134.5670808419898
2019-07-10,138.37964506126076,-0.014388489208633115,0.9856115107913669,-0.014493007302566864,128.8691051045453,0.4462696783025325,134.05161072804182
2019-07-11,140.3997858650748,-0.0035842293906811484,0.9964157706093189,-0.0035906681307287074,130.75040590899124,0.4490075290896646,135.98205690633534
2019-07-12,140.90482106602832,0.010869565217391353,1.0108695652173914,0.010810916104215676,131.22073111010272,0.4517453798767967,136.44459917415676
2019-07-15,139.3897154631678,0.03759398496240607,1.037593984962406,0.03690455693545098,129.80975550676828,0.459958932238193,134.8985363782733
2019-07-16,134.33936345363273,-0.0037453183520599342,0.9962546816479401,-0.003752349618550464,125.10650349565348,0.46269678302532513,129.98556570760525
2019-07-17,134.84439865458623,-0.003731343283582045,0.996268656716418,-0.003738322110607104,125.57682869676496,0.4654346338124572,130.44880039262642
2019-07-18,135.34943385553973,-0.0037174721189590088,0.996282527881041,-0.003724399090982328,126.04715389787644,0.4681724845995893,130.91184954546776
2019-07-19,135.85446905649323,0.011278195488721776,1.0112781954887218,0.011215070820140003,126.5174790989879,0.47091033538672145,131.37471322085824
2019-07-22,134.33936345363273,0.007575757575757791,1.0075757575757578,0.007547205635383124,125.10650349565348,0.4791238877481177,129.83361416625212
2019-07-23,133.3292930517257,-0.0037735849056605986,0.9962264150943394,-0.003780722839906267,124.16585309343051,0.48186173853524983,128.83230388236612
2019-07-24,133.83432825267923,0.0076045627376426506,1.0076045627376427,0.007575793808457723,124.63617829454202,0.48459958932238195,129.295097109122
2019-07-25,132.8242578507722,0.007662835249041988,1.007662835249042,0.007633624855070985,123.69552789231905,0.487337440109514,128.29427225624207
2019-07-26,131.8141874488652,0.0,1.0,0.0,122.75487749009609,0.49007529089664614,127.29383266473847
2019-07-28,131.8141874488652,0.01953125,1.01953125,0.019342962843130935,122.75487749009609,0.49555099247091033,127.2442116781875
2019-07-29,129.28901144409767,0.0,1.0,0.0,120.4032514845387,0.49828884325804246,124.78225502062989
2019-07-30,129.28901144409767,0.011857707509881577,1.0118577075098816,0.011787955752042393,120.4032514845387,0.5010266940451745,124.75793168146485
2019-07-31,127.77390584123714,0.007968127490039834,1.0079681274900398,0.007936549595736342,118.99227588120425,0.5037645448323066,123.27189105523458
2019-08-01,126.76383543933012,-0.015686274509803866,0.9843137254901961,-0.015810606026642204,118.0516254789813,0.5065023956194388,122.27357072547619
2019-08-02,128.78397624314414,0.0,1.0,0.0,119.93292628342721,0.5092402464065708,124.19793936521069
2019-08-04,128.78397624314414,0.0,1.0,0.0,119.93292628342721,0.5147159479808351,124.14952520287548
2019-08-05,128.78397624314414,0.011904761904761862,1.0119047619047619,0.011834457647002798,119.93292628342721,0.5174537987679672,124.12532519937189
2019-08-06,127.26887064028364,-0.007874015748031371,0.9921259842519686,-0.00790517950711315,118.52195068009279,0.5201916495550992,122.64111661998952
2019-08-07,128.27894104219064,-0.023076923076922995,0.976923076923077,-0.023347363996991062,119.46260108231573,0.5229295003422314,123.59036311037617
2019-08-08,131.30915224791167,-0.018867924528302105,0.9811320754716979,-0.019048194970694703,122.2845522889846,0.5256673511293635,126.48516041962795
2019-08-09,133.83432825267923,0.011450381679389388,1.0114503816793894,0.011385322225125429,124.63617829454202,0.5284052019164955,128.89243793061405
2019-08-12,132.3192226498187,0.015503875968992276,1.0155038759689923,0.015384918839479456,123.22520269120757,0.5366187542778919,127.35877250125947
2019-08-13,130.29908184600467,0.011764705882353121,1.0117647058823531,0.011696039763191456,121.34390188676164,0.5393566050650239,125.38991720702012
2019-08-14,128.78397624314414,0.0,1.0,0.0,119.93292628342721,0.5420944558521561,123.90773733227141
2019-08-15,128.78397624314414,-0.003906250000000222,0.9960937499999998,-0.003913899321136552,119.93292628342721,0.5448323066392882,123.88358445957483
2019-08-16,129.28901144409767,0.0,1.0,0.0,120.4032514845387,0.5475701574264202,124.34515957449547
2019-08-18,129.28901144409767,0.0,1.0,0.0,120.4032514845387,0.5530458590006845,124.29668802358243
2019-08-19,129.28901144409767,0.011857707509881577,1.0118577075098816,0.011787955752042393,120.4032514845387,0.5557837097878165,124.27245933417953
2019-08-20,127.77390584123714,0.007968127490039834,1.0079681274900398,0.007936549595736342,118.99227588120425,0.5585215605749486,122.79220135937072
2019-08-21,126.76383543933012,0.012096774193548265,1.0120967741935483,0.012024192966801591,118.0516254789813,0.5612594113620808,121.79776580797713
2019-08-22,125.24872983646961,-0.015873015873015928,0.9841269841269841,-0.01600034134644119,116.64064987564686,0.5639972621492129,120.31855779916347
2019-08-23,127.26887064028364,0.012048192771084487,1.0120481927710845,0.01197619104671584,118.52195068009279,0.5667351129363449,122.23534817363884
2019-08-26,125.75376503742311,-0.004000000000000115,0.9959999999999999,-0.004008021397538934,117.11097507675834,0.5749486652977412,120.7095495436132
2019-08-27,126.25880023837662,-0.019607843137254832,0.9803921568627452,-0.019802627296179643,117.58130027786981,0.5776865160848734,121.17070289329676
2019-08-28,128.78397624314414,0.007905138339920903,1.007905138339921,0.007874056430905866,119.93292628342721,0.5804243668720055,123.57002521131626
2019-08-29,127.77390584123714,-0.015564202334630406,0.9844357976653696,-0.01568659616769962,118.99227588120425,0.5831622176591376,122.57695041724881
2019-08-30,129.79404664505117,0.0,1.0,0.0,120.87357668565018,0.5859000684462696,124.49065468821581
2019-09-01,129.79404664505117,-0.01908396946564883,0.9809160305343512,-0.019268418865877032,120.87357668565018,0.5913757700205339,124.44212642119224
2019-09-02,132.3192226498187,0.01945525291828787,1.0194552529182879,0.019268418865876987,123.22520269120757,0.5941136208076659,126.83845049840723
2019-09-03,129.79404664505117,0.0,1.0,0.0,120.87357668565018,0.5968514715947981,124.39361707119266
2019-09-04,129.79404664505117,0.00390625,1.00390625,0.003898640415657323,120.87357668565018,0.5995893223819302,124.36936948777236
2019-09-05,129.28901144409767,0.0039215686274511885,1.0039215686274512,0.003913899321136536,120.4032514845387,0.6023271731690623,123.86129345329104
2019-09-06,128.78397624314414,0.0,1.0,0.0,119.93292628342721,0.6050650239561944,123.35341076796966
2019-09-08,128.78397624314414,0.003937007874015741,1.0039370078740157,0.003929278139889557,119.93292628342721,0.6105407255304586,123.30532581515929
2019-09-09,128.27894104219064,-0.007812500000000111,0.9921874999999999,-0.007843177461026005,119.46260108231573,0.6132785763175906,122.79783432763102
2019-09-10,129.28901144409767,-0.007751937984496027,0.992248062015504,-0.007782140442054851,120.4032514845387,0.6160164271047228,123.74062140894128
2019-09-11,130.29908184600467,0.0,1.0,0.0,121.34390188676164,0.6187542778918549,124.6830362764616
2019-09-15,130.29908184600467,0.0078125,1.0078125,0.007782140442054949,121.34390188676164,0.6297056810403833,124.58584870239206
2019-09-16,129.28901144409767,0.015873015873015817,1.0158730158730158,0.015748356968139112,120.4032514845387,0.6324435318275154,123.59597013132651
2019-09-17,127.26887064028364,-0.011764705882352788,0.9882352941176472,-0.011834457647002685,118.52195068009279,0.6351813826146475,121.64106743602399
2019-09-18,128.78397624314414,-0.011627906976744318,0.9883720930232557,-0.011696039763191411,119.93292628342721,0.6379192334017796,123.0651820682197
2019-09-19,130.29908184600467,-0.0038610038610038533,0.9961389961389961,-0.0038684767779203176,121.34390188676164,0.6406570841889117,124.48873688381292
2019-09-20,130.80411704695817,-0.026315789473684292,0.9736842105263157,-0.02666824708216141,121.81422708787312,0.6433949349760438,124.9468911883412
2019-09-23,134.33936345363273,-0.00746268656716409,0.9925373134328359,-0.007490671729157514,125.10650349565348,0.6516084873374401,128.24880776203645
2019-09-24,135.34943385553973,-0.0037174721189590088,0.996282527881041,-0.003724399090982328,126.04715389787644,0.6543463381245722,129.18789748790917
2019-09-25,135.85446905649323,0.011278195488721776,1.0112781954887218,0.011215070820140003,126.5174790989879,0.6570841889117043,129.64466580380144
2019-09-26,134.33936345363273,-0.0037453183520599342,0.9962546816479401,-0.003752349618550464,125.10650349565348,0.6598220396988365,128.17382519595637
2019-09-27,134.84439865458623,0.0,1.0,0.0,125.57682869676496,0.6625598904859685,128.6306033098907
2019-09-29,134.84439865458623,-0.003731343283582045,0.996268656716418,-0.003738322110607104,125.57682869676496,0.6680355920602327,128.58046123070847
2019-09-30,135.34943385553973,0.011320754716980908,1.011320754716981,0.011257154524634248,126.04715389787644,0.6707734428473648,129.03687841097863
2019-10-01,133.83432825267923,0.031128404669260812,1.0311284046692608,0.03065374109100252,124.63617829454202,0.6735112936344969,127.5675646249962
2019-10-02,129.79404664505117,0.0,1.0,0.0,120.87357668565018,0.676249144421629,123.69235274508543
2019-10-03,129.79404664505117,0.015810276679842028,1.015810276679842,0.01568659616769969,120.87357668565018,0.6789869952087612,123.66824185650242
2019-10-04,127.77390584123714,0.0,1.0,0.0,118.99227588120425,0.6817248459958932,121.71971332274134
2019-10-06,127.77390584123714,-0.011718750000000111,0.9882812499999999,-0.011787955752042353,118.99227588120425,0.6872005475701575,121.67226520894555
2019-10-07,129.28901144409767,-0.011583011583011449,0.9884169884169886,-0.011650617219975139,120.4032514845387,0.6899383983572895,123.09102099072007
2019-10-08,130.80411704695817,0.0,1.0,0.0,121.81422708787312,0.6926762491444216,124.50921904386803
2019-10-09,130.80411704695817,0.02371541501976271,1.0237154150197627,0.02343857297201738,121.81422708787312,0.6954140999315537,124.48494892658671
2019-10-10,127.77390584123714,0.003968253968253954,1.003968253968254,0.003960401216096914,118.99227588120425,0.6981519507186859,121.57742446203767
2019-10-11,127.26887064028364,0.0,1.0,0.0,118.52195068009279,0.7008898015058179,121.07327631932627
2019-10-13,127.26887064028364,0.032786885245901676,1.0327868852459017,0.03226086221822148,118.52195068009279,0.7063655030800822,121.02608019607224
2019-10-14,123.22858903265558,0.0,1.0,0.0,114.75934907120094,0.7091033538672142,117.16114017582049
2019-10-15,123.22858903265558,-0.008130081300813052,0.991869918699187,-0.008163310639160981,114.75934907120094,0.7118412046543463,117.13830239212292
2019-10-16,124.23865943456259,0.0,1.0,0.0,115.6999994734239,0.7145790554414785,118.07543192125767
2019-10-17,124.23865943456259,0.0,1.0,0.0,115.6999994734239,0.7173169062286106,118.05241591808317
2019-10-18,124.23865943456259,0.0,1.0,0.0,115.6999994734239,0.7200547570157426,118.02940440133222
2019-10-20,124.23865943456259,0.00819672131147553,1.0081967213114755,0.008163310639161056,115.6999994734239,0.7255304585900069,117.98339482360316
2019-10-21,123.22858903265558,0.0,1.0,0.0,114.75934907120094,0.7282683093771389,117.00136914493443
2019-10-22,123.22858903265558,0.008264462809917328,1.0082644628099173,0.008230499136515444,114.75934907120094,0.731006160164271,116.97856250480747
2019-10-23,122.21851863074856,-0.008196721311475419,0.9918032786885246,-0.00823049913651548,113.81869866897797,0.7337440109514032,115.99710653725853
2019-10-24,123.22858903265558,-0.012145748987854255,0.9878542510121457,-0.012220111334775333,114.75934907120094,0.7364818617385352,116.93296256052665
2019-10-25,124.74369463551609,0.016460905349794164,1.0164609053497942,0.016326893287428666,116.17032467453537,0.7392197125256673,118.34758936842638
2019-10-28,122.72355383170208,-0.008163265306122436,0.9918367346938776,-0.008196767204178515,114.28902387008947,0.7474332648870636,116.36295608999457
2019-10-29,123.73362423360909,0.0,1.0,0.0,115.22967427231242,0.7501711156741958,117.29780701180498
2019-10-30,123.73362423360909,0.004098360655737876,1.0040983606557379,0.0040899852515252876,115.22967427231242,0.7529089664613279,117.27494258815119
2019-10-31,123.22858903265558,-0.016129032258064502,0.9838709677419355,-0.01626052087178029,114.75934907120094,0.75564681724846,116.77350269230736
2019-11-01,125.24872983646961,0.0,1.0,0.0,116.64064987564686,0.758384668035592,118.66468703440852
2019-11-03,125.24872983646961,0.0,1.0,0.0,116.64064987564686,0.7638603696098563,118.61842981427341
2019-11-04,125.24872983646961,-0.008000000000000007,0.992,-0.008032171697264267,116.64064987564686,0.7665982203969883,118.5953079665466
2019-11-05,126.25880023837662,0.012145748987854255,1.0121457489878543,0.01207258123426924,117.58130027786981,0.7693360711841205,119.52841796963232
2019-11-06,124.74369463551609,0.0,1.0,0.0,116.17032467453537,0.7720739219712526,118.07105731641555
2019-11-07,124.74369463551609,-0.0040322580645162365,0.9959677419354838,-0.004040409537005086,116.17032467453537,0.7748117727583846,118.04804216596642
2019-11-08,125.24872983646961,0.0,1.0,0.0,116.64064987564686,0.7775496235455168,118.50286563740937
2019-11-10,125.24872983646961,0.004048582995951566,1.0040485829959516,0.004040409537005127,116.64064987564686,0.783025325119781,118.45667149760739
2019-11-11,124.74369463551609,-0.015936254980079667,0.9840637450199203,-0.016064602503806674,116.17032467453537,0.785763175906913,117.95602641799948
2019-11-12,126.76383543933012,0.008032128514056325,1.0080321285140563,0.00800004266707637,118.0516254789813,0.7885010266940452,119.84288038952869
2019-11-13,125.75376503742311,0.0,1.0,0.0,117.11097507675834,0.7912388774811773,118.86478265414857
2019-11-14,125.75376503742311,-0.007968127490039834,0.9920318725099602,-0.008000042667076265,117.11097507675834,0.7939767282683093,118.84161278578229
2019-11-15,126.76383543933012,0.0,1.0,0.0,118.0516254789813,0.7967145790554415,119.77281247346114
2019-11-17,126.76383543933012,-0.003968253968254065,0.9960317460317459,-0.003976148379639517,118.0516254789813,0.8021902806297057,119.72612328992015
2019-11-18,127.26887064028364,0.008000000000000007,1.008,0.007968169649176881,118.52195068009279,0.8049281314168378,120.17968905162172
2019-11-19,126.25880023837662,0.004016064257028162,1.0040160642570282,0.004008021397538868,117.58130027786981,0.8076659822039699,119.20264173954354
2019-11-20,125.75376503742311,0.0,1.0,0.0,117.11097507675834,0.810403832991102,118.70268838951266
2019-11-21,125.75376503742311,0.00809716599190291,1.008097165991903,0.008064559836730495,117.11097507675834,0.813141683778234,118.67955011757631
2019-11-22,124.74369463551609,-0.012000000000000122,0.9879999999999999,-0.01207258123426936,116.17032467453537,0.8158795345653662,117.70335277070899
2019-11-25,126.25880023837662,0.020408163265306145,1.0204081632653061,0.02020270731751947,117.58130027786981,0.8240930869267625,119.06329530482911
2019-11-26,123.73362423360909,-0.008097165991902688,0.9919028340080973,-0.008130126083250065,115.22967427231242,0.8268309377138946,116.65928500631023
2019-11-27,124.74369463551609,-0.0040322580645162365,0.9959677419354838,-0.004040409537005086,116.17032467453537,0.8295687885010267,117.58868010897856
2019-11-28,125.24872983646961,0.024793388429752206,1.0247933884297522,0.02449102000829591,116.64064987564686,0.8323066392881588,118.04173371925673
2019-11-29,122.21851863074856,-0.004115226337448652,0.9958847736625513,-0.004123717183862152,113.81869866897797,0.8350444900752909,115.16343256818045
2019-12-02,122.72355383170208,0.0,1.0,0.0,114.28902387008947,0.8432580424366872,115.57170428195508
2019-12-03,122.72355383170208,-0.004098360655737654,0.9959016393442623,-0.004106781952653359,114.28902387008947,0.8459958932238193,115.54917632106299
2019-12-04,123.22858903265558,0.03389830508474567,1.0338983050847457,0.03333642026759171,114.75934907120094,0.8487337440109514,116.00207107554232
2019-12-05,119.18830742502753,-0.00421940928270037,0.9957805907172996,-0.004228336109521064,110.99674746230912,0.8514715947980835,112.17685400437055
2019-12-06,119.69334262598103,-0.008368200836820106,0.9916317991631799,-0.008403410796379504,111.46707266342058,0.8542094455852156,112.63022078807606
2019-12-09,120.70341302788805,-0.004166666666666652,0.9958333333333333,-0.0041753714104806215,112.40772306564354,0.8624229979466119,113.51428015451471
2019-12-10,121.20844822884155,0.008403361344537785,1.0084033613445378,0.00836824967051658,112.87804826675502,0.865160848733744,113.96701580548371
2019-12-11,120.19837782693455,-0.008333333333333193,0.9916666666666668,-0.008368249670516466,111.93739786453207,0.8678986995208761,112.99526063518842
2019-12-12,121.20844822884155,-0.008264462809917328,0.9917355371900827,-0.008298802814695066,112.87804826675502,0.8706365503080082,113.9225898058877
2019-12-13,122.21851863074856,0.0,1.0,0.0,113.81869866897797,0.8733744010951403,114.84955316156373
2019-12-15,122.21851863074856,0.01680672268907557,1.0168067226890756,0.016667052485211643,113.81869866897797,0.8788501026694046,114.80478313607614
2019-12-16,120.19837782693455,-0.024590163934426146,0.9754098360655739,-0.024897551621727087,111.93739786453207,0.8815879534565366,112.8851748390327
2019-12-17,123.22858903265558,-0.008130081300813052,0.991869918699187,-0.008163310639160981,114.75934907120094,0.8843258042436687,115.70846056724486
2019-12-18,124.23865943456259,-0.004048582995951344,0.9959514170040487,-0.004056800695614318,115.6999994734239,0.8870636550308009,116.63415107968977
2019-12-19,124.74369463551609,-0.0040322580645162365,0.9959677419354838,-0.004040409537005086,116.17032467453537,0.8898015058179329,117.08544616643226
2019-12-20,125.24872983646961,0.0,1.0,0.0,116.64064987564686,0.892539356605065,117.53656088298126
2019-12-22,125.24872983646961,0.012244897959183598,1.0122448979591836,0.012170535620255114,116.64064987564686,0.8980150581793293,117.49074342282054
2019-12-23,123.73362423360909,0.004098360655737876,1.0040983606557379,0.0040899852515252876,115.22967427231242,0.9007529089664613,116.04685943848442
2019-12-24,123.22858903265558,-0.004081632653061273,0.9959183673469387,-0.004089985251525166,114.75934907120094,0.9034907597535934,115.55067053550458
2019-12-26,123.73362423360909,0.016597510373443924,1.016597510373444,0.01646127705407193,115.22967427231242,0.9089664613278576,115.97901092232217
2019-12-27,121.71348342979506,0.0,1.0,0.0,113.34837346786651,0.9117043121149897,114.06323779415013
2019-12-29,121.71348342979506,0.0,1.0,0.0,113.34837346786651,0.917180013689254,114.01877428582405
2019-12-30,121.71348342979506,0.021186440677966045,1.021186440677966,0.02096512846504487,113.34837346786651,0.919917864476386,113.99654903177911
2020-01-02,119.18830742502753,0.017241379310344973,1.017241379310345,0.017094433359300255,110.99674746230912,0.9281314168377823,111.56620840396513
2020-01-03,117.1681666212135,0.0,1.0,0.0,109.11544665786319,0.9308692676249144,109.65387713096726
2020-01-05,117.1681666212135,0.0,1.0,0.0,109.11544665786319,0.9363449691991786,109.61113245553032
2020-01-06,117.1681666212135,0.0043290043290042934,1.0043290043290043,0.00431966114451638,109.11544665786319,0.9390828199863107,109.58976636665385
2020-01-07,116.66313142026,0.03125,1.03125,0.030771658666753687,108.64512145675171,0.9418206707734429,109.0961268372333
2020-01-08,113.12788501358546,0.004484304932735439,1.0044843049327354,0.004474280394921107,105.35284504897136,0.944558521560575,105.76956231416194
2020-01-09,112.62284981263194,-0.017621145374449365,0.9823788546255506,-0.017778246021283944,104.88251984785987,0.947296372347707,105.27685154353318
2020-01-10,114.64299061644597,0.0,1.0,0.0,106.7638206523058,0.9500342231348392,107.14433624487502
2020-01-12,114.64299061644597,-0.01304347826086949,0.9869565217391305,-0.013129291441792623,106.7638206523058,0.9555099247091033,107.1025698249588
2020-01-13,116.15809621930649,-0.008620689655172487,0.9913793103448275,-0.008658062743114654,108.17479625564023,0.9582477754962354,108.49686927661348
2020-01-14,117.1681666212135,0.008695652173912993,1.008695652173913,0.008658062743114531,109.11544665786319,0.9609856262833676,109.41898752069808
2020-01-15,116.15809621930649,-0.029535864978902926,0.9704641350210971,-0.029980832211935784,108.17479625564023,0.9637234770704997,108.45457561965857
2020-01-16,119.69334262598103,0.0,1.0,0.0,111.46707266342058,0.9664613278576317,111.73358299503926
2020-01-17,119.69334262598103,0.0,1.0,0.0,111.46707266342058,0.9691991786447639,111.71180318480208
2020-01-19,119.69334262598103,0.004237288135593209,1.0042372881355932,0.004228336109521105,111.46707266342058,0.974674880219028,111.66825629987156
2020-01-20,119.18830742502753,0.008547008547008517,1.0085470085470085,0.00851068966790861,110.99674746230912,0.9774127310061602,111.1754069905126
2020-01-21,118.17823702312052,-0.07874015748031493,0.9212598425196851,-0.08201315166083513,110.05609706008615,0.9801505817932923,110.21175517002139
2020-01-22,128.27894104219064,-0.026819923371647625,0.9731800766283524,-0.027186140304156947,119.46260108231573,0.9828884325804244,119.6082439701552
2020-01-23,131.8141874488652,0.0,1.0,0.0,122.75487749009609,0.9856262833675564,122.88057683626229
2020-01-27,131.8141874488652,-0.003816793893129722,0.9961832061068703,-0.0038240964384033942,122.75487749009609,0.9965776865160849,122.7847942380867
2020-01-28,132.3192226498187,0.0,1.0,0.0,123.22520269120757,0.999315537303217,123.23120838008369
2020-01-29,132.3192226498187,0.027450980392156987,1.027450980392157,0.02708095860267083,123.22520269120757,1.002053388090349,123.20718738065031
2020-01-30,128.78397624314414,0.019999999999999796,1.0199999999999998,0.01980262729617951,119.93292628342721,1.0047912388774811,119.89201763817888
2020-01-31,126.25880023837662,0.0,1.0,0.0,117.58130027786981,1.0075290896646132,117.5182818967959
2020-02-02,126.25880023837662,0.012145748987854255,1.0121457489878543,0.01207258123426924,117.58130027786981,1.0130047912388775,117.47247156204972
2020-02-03,124.74369463551609,-0.0040322580645162365,0.9959677419354838,-0.004040409537005086,116.17032467453537,1.0157426420260096,116.04017821458696
2020-02-04,125.24872983646961,0.0,1.0,0.0,116.64064987564686,1.0184804928131417,116.48726565215932
2020-02-05,125.24872983646961,-0.06060606060606055,0.9393939393939394,-0.06252035698133393,116.64064987564686,1.0212183436002737,116.46455922430707
2020-02-06,133.3292930517257,0.007633587786259444,1.0076335877862594,0.0076045993852192125,124.16585309343051,1.0239561943874058,123.95423510785884
2020-02-07,132.3192226498187,0.0,1.0,0.0,123.22520269120757,1.0266940451745379,122.99120898083106
2020-02-09,132.3192226498187,0.007692307692307887,1.0076923076923079,0.0076628727455693175,123.22520269120757,1.0321697467488022,122.94326521954297
2020-02-10,131.30915224791167,-0.018867924528302105,0.9811320754716979,-0.019048194970694703,122.2845522889846,1.0349075975359343,121.98098507796449
2020-02-11,133.83432825267923,-0.025735294117646967,0.974264705882353,-0.026072240309775015,124.63617829454202,1.0376454483230664,124.30253869873647
2020-02-12,137.36957465935376,0.022556390977443552,1.0225563909774436,0.022305757514298186,127.92845470232236,1.0403832991101984,127.56113212202362
2020-02-13,134.33936345363273,-0.0037453183520599342,0.9962546816479401,-0.003752349618550464,125.10650349565348,1.0431211498973305,124.72296709701159
2020-02-14,134.84439865458623,0.0,1.0,0.0,125.57682869676496,1.0458590006844628,125.1674472518932
2020-02-16,134.84439865458623,-0.014760147601476037,0.985239852398524,-0.014870162479451393,125.57682869676496,1.051334702258727,125.1186551612892
2020-02-17,136.86453945840026,0.02264150943396226,1.0226415094339623,0.022388994893478686,127.45812950121089,1.054072553045859,126.96833765337844
2020-02-18,133.83432825267923,0.0076045627376426506,1.0076045627376427,0.007575793808457723,124.63617829454202,1.056810403832991,124.13302904118406
2020-02-19,132.8242578507722,0.01153846153846172,1.0115384615384617,0.011472401162237,123.69552789231905,1.0595482546201231,123.17216182111592
2020-02-20,131.30915224791167,0.015624999999999778,1.0156249999999998,0.015504186535965036,122.2845522889846,1.0622861054072552,121.74342055576443
2020-02-21,129.28901144409767,0.0,1.0,0.0,120.4032514845387,1.0650239561943875,119.84707895656153
2020-02-23,129.28901144409767,0.044897959183673564,1.0448979591836736,0.04391923393483558,120.4032514845387,1.0704996577686516,119.80036082286578
2020-02-24,123.73362423360909,0.0,1.0,0.0,115.22967427231242,1.0732375085557837,114.63034024807105
2020-02-25,123.73362423360909,0.0,1.0,0.0,115.22967427231242,1.0759753593429158,114.607995783756
2020-02-26,123.73362423360909,0.012396694214876103,1.012396694214876,0.012320484388040657,115.22967427231242,1.0787132101300478,114.585655674964
2020-02-27,122.21851863074856,0.05217391304347818,1.0521739130434782,0.050858417233490945,113.81869866897797,1.08145106091718,113.16050375854991
2020-02-28,116.15809621930649,0.0,1.0,0.0,108.17479625564023,1.0841889117043122,107.52827493766216
2020-03-01,116.15809621930649,0.013215859030836885,1.0132158590308369,0.013129291441792581,108.17479625564023,1.0896646132785763,107.48635885286184
2020-03-02,114.64299061644597,0.008888888888888946,1.008888888888889,0.0088496152769826,106.7638206523058,1.0924024640657084,106.0636842389785
2020-03-03,113.63292021453896,-0.004424778761061843,0.9955752212389382,-0.004434597067865641,105.82317025008284,1.0951403148528405,105.10870999652683
2020-03-04,114.13795541549246,-0.00877192982456143,0.9912280701754386,-0.00881062968215492,106.2934954511943,1.0978781656399725,105.55528031048874
2020-03-05,115.14802581739947,0.03167420814479649,1.0316742081447965,0.03118292743668806,107.23414585341727,1.1006160164271048,106.46864025456006
2020-03-06,111.61277941072493,0.0,1.0,0.0,103.94186944563691,1.103353867214237,103.17974984697638
2020-03-08,111.61277941072493,0.0625,1.0625,0.06062462181643484,103.94186944563691,1.108829568788501,103.13952888047461
2020-03-09,105.04732179832935,0.019607843137254832,1.0196078431372548,0.019418085857101516,97.82764183118769,1.111567419575633,97.05357579023514
2020-03-10,103.02718099451532,0.020000000000000018,1.02,0.01980262729617973,95.94634102674176,1.1143052703627652,95.1686063932526
2020-03-11,101.00704019070129,0.05263157894736836,1.0526315789473684,0.05129329438755048,94.06504022229585,1.1170431211498972,93.2843681686943
2020-03-12,95.95668818116623,0.08944954128440363,1.0894495412844036,0.08567256068560686,89.36178821118106,1.1197809719370295,88.60287536528155
2020-03-13,88.07813904629153,0.0,1.0,0.0,82.02471507384197,1.1225188227241616,81.31225998140226
2020-03-15,88.07813904629153,0.05186972255729794,1.051869722557298,0.050569268773684645,82.02471507384197,1.1279945242984257,81.2805632803563
2020-03-16,83.73483631809137,0.03495630461922583,1.0349563046192258,0.03435920806693562,77.97991834428326,1.1307323750855578,77.25739967683668
2020-03-17,80.90663919275174,0.0897959183673469,1.089795918367347,0.08599044785552251,75.34609721805899,1.1334702258726899,74.63343122368273
2020-03-18,74.24017454016546,0.11532625189681345,1.1153262518968134,0.10914696471032954,69.13780456338745,1.136208076659822,68.47051080841436
2020-03-19,66.56363948567216,-0.07313642756680727,0.9268635724331927,-0.07594889530073361,61.98886150649297,1.1389459274469542,61.378600199641895
2020-03-20,71.81600557558862,0.0,1.0,0.0,66.88024359805235,1.1416837782340863,66.20891976273192
2020-03-22,71.81600557558862,0.0319303338171264,1.0319303338171264,0.031431158789582435,66.88024359805235,1.1471594798083504,66.18311056327327
2020-03-23,69.59385069139319,-0.07887700534759368,0.9211229946524063,-0.08216170696081877,64.81081271316184,1.1498973305954825,64.122748957117
2020-03-24,75.55326606264457,-0.11479289940828397,0.885207100591716,-0.12193364938269653,70.3606500862773,1.1526351813826146,69.60009696991928
2020-03-25,85.35094896114259,-0.004711425206124886,0.9952885747938751,-0.004722558954173503,79.48495898783999,1.1553730321697468,78.61045176469514
2020-03-26,85.7549771219054,-0.01736111111111105,0.982638888888889,-0.017513582492708242,79.86121914872918,1.158110882956879,78.96717646845164
2020-03-27,87.27008272476591,0.0,1.0,0.0,81.27219475206361,1.160848733744011,80.34669153059615
2020-03-29,87.27008272476591,0.01170960187353609,1.011709601873536,0.011641575015485552,81.27219475206361,1.1663244353182751,80.3153712221696
2020-03-30,86.26001232285891,-0.03720405862457721,0.9627959413754228,-0.03791378852100961,80.33154434984067,1.1690622861054072,79.37032078964904
2020-03-31,89.59324464915206,0.03864168618266972,1.0386416861826697,0.03791378852100956,83.43569067717642,1.1718001368925393,82.42125461802324
2020-04-01,86.26001232285891,-0.01385681293302532,0.9861431870669747,-0.013953714773865207,80.33154434984067,1.1745379876796715,79.33938108473166
2020-04-02,87.47209680514732,0.0034762456546928444,1.0034762456546928,0.0034702174790071237,81.4603248325082,1.1772758384668036,80.43853752240094
2020-04-03,87.16907568457522,0.0,1.0,0.0,81.17812971184132,1.1800136892539357,80.14425681405642
2020-04-05,87.16907568457522,-0.028153153153153143,0.9718468468468469,-0.02855705190874211,81.17812971184132,1.1854893908281998,80.11301541762536
2020-04-06,89.69425168934275,-0.017699115044247815,0.9823008849557522,-0.01785761740000646,83.52975571739871,1.1882272416153319,82.41771792177306
2020-04-07,91.31036433239397,0.004444444444444473,1.0044444444444445,0.004434597067865775,85.03479636095545,1.1909650924024642,83.88636700392642
2020-04-08,90.90633617163117,-0.07312049433573631,0.9268795056642637,-0.07593170496701411,84.65853620006627,1.1937029431895962,83.49890908495033
2020-04-09,98.07783602517095,-0.026078234704112413,0.9739217652958876,-0.026424301670513496,91.33715405584927,1.1964407939767283,90.06848510958345
2020-04-10,100.70401907012919,0.0,1.0,0.0,93.78284510162896,1.1991786447638604,92.4621787958953
2020-04-12,100.70401907012919,0.01942740286298572,1.0194274028629857,0.01924109992702103,93.78284510162896,1.2046543463381245,92.42613569439966
2020-04-13,98.78488530650587,-0.02199999999999991,0.9780000000000001,-0.022245608947319622,91.99560933740534,1.2073921971252566,90.64708203180507
2020-04-14,101.00704019070129,0.0,1.0,0.0,94.06504022229585,1.2101300479123889,92.66811097595682
2020-04-15,101.00704019070129,0.00908173562058523,1.0090817356205852,0.009040744652149024,94.06504022229585,1.212867898699521,92.65004752700986
2020-04-16,100.09797682898498,-0.013930348258706537,0.9860696517412935,-0.014028286163188207,93.2184548602952,1.215605749486653,91.79829971071166
2020-04-17,101.5120753916548,0.0,1.0,0.0,94.53536542340733,1.218343600273785,93.0770008475094
2020-04-19,101.5120753916548,0.029713114754098324,1.0297131147540983,0.029280234080083605,94.53536542340733,1.2238193018480492,93.04071807943984
2020-04-20,98.58287122612447,0.04385026737967923,1.0438502673796792,0.04291605712440557,91.80747925696076,1.2265571526351813,90.33834829014047
2020-04-21,94.44158257830571,0.009719222462203136,1.0097192224622031,0.009672294642507727,87.95081260784663,1.2292950034223136,86.5265276023392
2020-04-22,93.53251921658939,0.0021645021645022577,1.0021645021645023,0.0021621630044953172,87.10422724584595,1.2320328542094456,85.67694799189718
2020-04-23,93.33050513620799,0.025527192008879096,1.025527192008879,0.025206814033346316,86.91609716540137,1.2347707049965777,85.47523597098251
2020-04-24,91.00734321182186,0.0,1.0,0.0,84.75260124028856,1.2375085557837098,83.33135900073698
2020-04-26,91.00734321182186,-0.01637554585152845,0.9836244541484715,-0.01651110706579242,84.75260124028856,1.242984257357974,83.29887522553993
2020-04-27,92.52244881468239,-0.01716738197424883,0.9828326180257512,-0.01731645001146082,86.163576843623,1.2457221081451062,84.66914149551222
2020-04-28,94.1385614577336,-0.004273504273504258,0.9957264957264957,-0.004282661792000848,87.66861748717973,1.2484599589322383,86.13128594151759
2020-04-29,94.54258961849641,0.0,1.0,0.0,88.04487764806892,1.2511978097193703,86.48408680602861
2020-05-03,94.54258961849641,0.022950819672131084,1.022950819672131,0.02269141120207067,88.04487764806892,1.2621492128678986,86.41667443909157
2020-05-04,92.42144177449168,0.0,1.0,0.0,86.0695118034007,1.264887063655031,84.46137184486022
2020-05-05,92.42144177449168,-0.018240343347639465,0.9817596566523605,-0.018408749410069848,86.0695118034007,1.267624914442163,84.44490810493672
2020-05-06,94.1385614577336,0.00647948164146861,1.0064794816414686,0.0064585800394117284,87.66861748717973,1.270362765229295,85.99706354008859
2020-05-07,93.53251921658939,-0.020105820105820182,0.9798941798941798,-0.020310692847563448,87.10422724584595,1.273100616016427,85.42677920596077
2020-05-08,95.45165298021273,0.0,1.0,0.0,88.89146301006959,1.2758384668035592,87.16260289657782
2020-05-10,95.45165298021273,0.008537886872999056,1.008537886872999,0.008501645255320689,88.89146301006959,1.2813141683778233,87.12862564681217
2020-05-11,94.64359665868712,0.019586507072905324,1.0195865070729053,0.01939715988273513,88.13894268829122,1.2840520191649556,86.37418893518614
2020-05-12,92.82546993525449,-0.012889366272824998,0.987110633727175,-0.0129731549213801,86.44577196428989,1.2867898699520877,84.698406400932
2020-05-13,94.0375544175429,0.008667388949079147,1.0086673889490791,0.00863004277421497,87.57455244695744,1.2895277207392197,85.78764483267875
2020-05-14,93.2294980960173,0.0,1.0,0.0,86.82203212517908,1.2922655715263518,85.03390067629385
2020-05-15,93.2294980960173,0.0,1.0,0.0,86.82203212517908,1.2950034223134839,85.01732533546246
2020-05-17,93.2294980960173,0.0043525571273121955,1.0043525571273122,0.004343112147165008,86.82203212517908,1.3004791238877482,84.98418434607784
2020-05-18,92.82546993525449,-0.07265388496468217,0.9273461150353178,-0.07542841197430097,86.44577196428989,1.3032169746748803,84.59939499660632
2020-05-19,100.09797682898498,0.018499486125385545,1.0184994861253855,0.018330452143983062,93.2184548602952,1.3059548254620124,91.20963896972142
2020-05-20,98.27985010555236,0.0010288065843619965,1.001028806584362,0.0010282777255658433,91.52528413629386,1.3086926762491444,89.53549909209458
2020-05-21,98.17884306536166,0.02857142857142847,1.0285714285714285,0.028170876966696224,91.43121909607157,1.3114305270362765,89.4260441684343
2020-05-22,95.45165298021273,0.0,1.0,0.0,88.89146301006959,1.3141683778234086,86.9250401089269
2020-05-24,95.45165298021273,-0.015625,0.984375,-0.015748356968139168,88.89146301006959,1.319644079397673,86.8911554645895
2020-05-25,96.96675858307324,-0.018404907975460127,0.9815950920245399,-0.01857638557293542,90.30243861340402,1.322381930184805,88.25317393880917
2020-05-26,98.78488530650587,-0.003058103975535076,0.9969418960244649,-0.003062789530545656,91.99560933740534,1.325119780971937,89.89039553475295
2020-05-27,99.08790642707797,0.0092592592592593,1.0092592592592593,0.009216655104924048,92.27780445807223,1.3278576317590691,90.14855719665974
2020-05-28,98.17884306536166,-0.008163265306122436,0.9918367346938776,-0.008196767204178515,91.43121909607157,1.3305954825462012,89.30409510543089
2020-05-29,98.98689938688727,0.0,1.0,0.0,92.18373941784994,1.3333333333333333,90.02155724661426
2020-05-31,98.98689938688727,-0.019999999999999907,0.9800000000000001,-0.020202707317519355,92.18373941784994,1.3388090349075976,89.98646553487991
2020-06-01,101.00704019070129,-0.024390243902439157,0.9756097560975608,-0.024692612590371636,94.06504022229585,1.3415468856947297,91.80502531537581
2020-06-02,103.53221619546883,-0.055299539170506895,0.9447004608294931,-0.056887374402051355,96.41666622785326,1.3442847364818618,94.0818083571072
2020-06-03,109.59263860691091,0.0,1.0,0.0,102.06056864119101,1.3470225872689938,99.56962364431864
2020-06-04,109.59263860691091,-0.022522522522522515,0.9774774774774775,-0.022780028331819885,102.06056864119101,1.3497604380561259,99.55021490927025
2020-06-05,112.11781461167844,0.0,1.0,0.0,104.4121946467484,1.352498288843258,101.82414659245943
2020-06-07,112.11781461167844,-0.017699115044247704,0.9823008849557523,-0.017857617400006347,104.4121946467484,1.3579739904175223,101.78445405981383
2020-06-08,114.13795541549246,0.008928571428571397,1.0089285714285714,0.008888947417245994,106.2934954511943,1.3607118412046544,103.59821023751229
2020-06-09,113.12788501358546,0.004484304932735439,1.0044843049327354,0.004474280394921107,105.35284504897136,1.3634496919917864,102.66139661250617
2020-06-10,112.62284981263194,0.027649769585253337,1.0276497695852533,0.02727441791965909,104.88251984785987,1.3661875427789185,102.18316474000838
2020-06-11,109.59263860691091,0.048309178743961345,1.0483091787439613,0.04717856027509047,102.06056864119101,1.3689253935660506,99.41445965426747
2020-06-12,104.54228659737583,0.0,1.0,0.0,97.3573166300762,1.3716632443531827,94.8146626779013
2020-06-14,104.54228659737583,0.0670103092783505,1.0670103092783505,0.06486063420204093,97.3573166300762,1.377138945927447,94.77770254398838
2020-06-15,97.97682898498026,-0.044334975369458185,0.9556650246305418,-0.04534781997845926,91.24308901562698,1.379876796714579,88.80816525973442
2020-06-16,102.52214579356182,0.00995024875621886,1.0099502487562189,0.009901070982711537,95.4760158256303,1.3826146475017111,92.91001755549577
2020-06-17,101.5120753916548,0.0050000000000001155,1.0050000000000001,0.004987541511039188,94.53536542340733,1.3853524982888432,91.97671575109881
2020-06-18,101.00704019070129,0.0,1.0,0.0,94.06504022229585,1.3880903490759753,91.50128066989262
2020-06-19,101.00704019070129,0.0,1.0,0.0,94.06504022229585,1.3908281998631074,91.4834446668215
2020-06-21,101.00704019070129,0.015228426395939021,1.015228426395939,0.015113637810048106,94.06504022229585,1.3963039014373717,91.44778309011805
2020-06-22,99.49193458784077,-0.0020263424518743856,0.9979736575481256,-0.0020283982613927207,92.65406461896141,1.3990417522245038,90.05850815240349
2020-06-23,99.69394866822218,-0.041747572815533984,0.958252427184466,-0.04264404179019988,92.84219469940601,1.4017796030116358,90.22377765442306
2020-06-24,104.03725139642233,0.03621730382293764,1.0362173038229376,0.03557687456710743,96.88699142896473,1.404517453798768,94.13614629215122
2020-06-25,100.40099794955708,-0.006000000000000005,0.994,-0.006018072325563021,93.50064998096207,1.4072553045859,90.82824262568235
2020-06-26,101.00704019070129,0.0,1.0,0.0,94.06504022229585,1.4099931553730323,91.35868995513559
2020-06-28,101.00704019070129,0.023541453428863823,1.0235414534288638,0.02326862693935427,94.06504022229585,1.4154688569472964,91.32307700963243
2020-06-29,98.68387826631516,0.0,1.0,0.0,91.90154429718305,1.4182067077344285,89.20525440104346
2020-06-30,98.68387826631516,-0.005091649694501155,0.9949083503054988,-0.005104656311683285,91.90154429718305,1.4209445585215605,89.18786595380196
2020-07-01,99.18891346726868,-0.008080808080808133,0.9919191919191919,-0.008113634774169775,92.37186949829453,1.4236824093086926,89.62682931412193
2020-07-02,99.99696978879429,-0.002016129032257896,0.9979838709677421,-0.0020181641562370136,93.1243898200729,1.4264202600958247,90.33937383294072
2020-07-03,100.19898386917568,0.0,1.0,0.0,93.31251990051747,1.429158110882957,90.50423252677145
2020-07-05,100.19898386917568,-0.02266009852216755,0.9773399014778325,-0.022920784191014978,93.31251990051747,1.434633812457221,90.46895266119584
2020-07-06,102.52214579356182,0.02318548387096797,1.023185483870968,0.022920784191015137,95.4760158256303,1.4373716632443532,92.54847545792275
2020-07-07,100.19898386917568,-0.004016064257028162,0.9959839357429718,-0.004024150299725491,93.31251990051747,1.4401095140314852,90.4336865482247
2020-07-08,100.60301202993848,0.0,1.0,0.0,93.68878006140666,1.4428473648186173,90.78063952893275
2020-07-09,100.60301202993848,0.013224821973550238,1.0132248219735502,0.013138137437431566,93.68878006140666,1.4455852156057496,90.76294399774912
2020-07-10,99.28992050745937,-0.03152709359605921,0.9684729064039408,-0.032034771328721255,92.46593453851682,1.4483230663928817,89.56082593706748
2020-07-13,102.52214579356182,0.0,1.0,0.0,95.4760158256303,1.4565366187542779,92.4222683784367
2020-07-14,102.52214579356182,-0.0688073394495412,0.9311926605504588,-0.0712890837473016,95.4760158256303,1.45927446954141,92.40425285066955
2020-07-15,110.09767380786441,-0.00909090909090915,0.9909090909090909,-0.009132483563272587,102.53089384230248,1.462012320328542,99.21281035440016
2020-07-16,111.10774420977143,-0.06382978723404253,0.9361702127659575,-0.0659579677917974,103.47154424452543,1.4647501711156743,100.10350301724573
2020-07-17,118.68327222407402,0.0,1.0,0.0,110.52642226119762,1.4674880219028064,106.90789863883985
2020-07-19,118.68327222407402,-0.03292181069958855,0.9670781893004115,-0.03347592919638957,110.52642226119762,1.4729637234770705,106.86622438573976
2020-07-20,122.72355383170208,0.0,1.0,0.0,114.28902387008947,1.4757015742642026,110.48268333798235
2020-07-21,122.72355383170208,0.025316455696202667,1.0253164556962027,0.0250013022054174,114.28902387008947,1.4784394250513346,110.4611473609458
2020-07-22,119.69334262598103,-0.04819277108433728,0.9518072289156627,-0.049392755329576356,111.46707266342058,1.4811772758384667,107.71271149339644
2020-07-23,125.75376503742311,0.01632653061224487,1.0163265306122449,0.016194685919980606,117.11097507675834,1.483915126625599,113.1444605430431
2020-07-24,123.73362423360909,0.0,1.0,0.0,115.22967427231242,1.486652977412731,111.30517831465664
2020-07-26,123.73362423360909,-0.008097165991902688,0.9919028340080973,-0.008130126083250065,115.22967427231242,1.4921286789869952,111.26178993801194
2020-07-27,124.74369463551609,0.00406504065040636,1.0040650406504064,0.004056800695614248,116.17032467453537,1.4948665297741273,112.14818455869653
2020-07-28,124.23865943456259,-0.016000000000000014,0.984,-0.016129381929883644,115.6999994734239,1.4976043805612593,111.67237120325574
2020-07-29,126.25880023837662,-0.019607843137254832,0.9803921568627452,-0.019802627296179643,117.58130027786981,1.5003422313483916,113.46606028943563
2020-07-30,128.78397624314414,0.007905138339920903,1.007905138339921,0.007874056430905866,119.93292628342721,1.5030800821355237,115.71282162934405
2020-07-31,127.77390584123714,0.0,1.0,0.0,118.99227588120425,1.5058179329226558,114.7828915244176
2020-08-02,127.77390584123714,-0.003937007874015741,0.9960629921259843,-0.003944778291016341,118.99227588120425,1.51129363449692,114.73814748460524
2020-08-03,128.27894104219064,-0.04150943396226425,0.9584905660377357,-0.04239555896768573,119.46260108231573,1.514031485284052,115.16920406909219
2020-08-04,133.83432825267923,-0.011194029850746134,0.9888059701492539,-0.011257154524634334,124.63617829454202,1.516769336071184,120.13342503939758
2020-08-05,135.34943385553973,-0.07266435986159181,0.9273356401384082,-0.0754397076015756,126.04715389787644,1.5195071868583163,121.4697438175632
2020-08-06,145.95517307556338,-0.017006802721088454,0.9829931972789115,-0.01715307922624947,135.9239831212175,1.5222450376454484,130.96236240388137
2020-08-07,148.4803490803309,0.0,1.0,0.0,138.2756091267749,1.5249828884325805,133.20217755515407
2020-08-09,148.4803490803309,-0.1352941176470589,0.8647058823529411,-0.14536585027152554,138.2756091267749,1.5304585900068446,133.15025340987017
2020-08-10,171.7119683241922,-0.05027932960893844,0.9497206703910616,-0.05158736879049312,159.91056837790296,1.5331964407939767,153.95327086913468
2020-08-11,180.8026019413553,0.04069767441860472,1.0406976744186047,0.039891329027302025,168.37642199790957,1.5359342915811087,162.07213987388957
2020-08-12,173.73210912800621,0.0117647058823529,1.011764705882353,0.011696039763191236,161.79186918234885,1.538672142368241,155.70376655948317
2020-08-13,171.7119683241922,0.017964071856287456,1.0179640718562875,0.017804624633506686,159.91056837790296,1.541409993155373,153.863259807764
2020-08-14,168.68175711847115,0.0,1.0,0.0,157.08861717123406,1.5441478439425051,151.11856309071328
2020-08-17,168.68175711847115,0.05696202531645578,1.0569620253164558,0.05539877938978838,157.08861717123406,1.5523613963039014,151.03020938325506
2020-08-18,159.59112350130803,-0.03951367781155024,0.9604863221884498,-0.04031553717845987,148.62276355122742,1.5550992470910336,142.86300360045445
2020-08-19,166.15658111370362,0.06129032258064515,1.0612903225806452,0.059485453286179955,154.73699116567667,1.5578370978781657,148.71128567767224
2020-08-20,156.560912295587,-0.0064102564102564985,0.9935897435897435,-0.006430890330290514,145.80081234455858,1.5605749486652978,140.09578225527358
2020-08-21,157.57098269749403,0.0,1.0,0.0,146.74146274678154,1.5633127994524298,140.97214148100556
2020-08-23,157.57098269749403,-0.034055727554179516,0.9659442724458205,-0.03464913541317413,146.74146274678154,1.568788501026694,140.91718849082486
2020-08-24,163.1263699079826,-0.027108433734939763,0.9728915662650602,-0.027482645693832006,151.9150399590078,1.571526351813826,145.8569857995735
2020-08-25,167.67168671656415,-0.008955223880596885,0.9910447761194031,-0.008995562908577762,156.1479667690111,1.5742642026009583,149.8918887761006
2020-08-26,169.18679231942465,0.024464831804281273,1.0244648318042813,0.02417036092781297,157.55894237234554,1.5770020533880904,151.21685167099338
2020-08-27,165.14651071179662,-0.049418604651162656,0.9505813953488373,-0.050681486476144816,153.7963407634537,1.5797399041752225,147.5769307456968
2020-08-28,173.73210912800621,0.0,1.0,0.0,161.79186918234885,1.5824777549623545,155.21886378950012
2020-08-30,173.73210912800621,-0.025495750708215303,0.9745042492917847,-0.025826399559898423,161.79186918234885,1.5879534565366187,155.1583572198469
2020-08-31,178.27742593658778,-0.019444444444444486,0.9805555555555555,-0.019635974516858962,166.02479599235218,1.5906913073237507,159.1866971264734
2020-09-01,181.81267234326234,0.022727272727272707,1.0227272727272727,0.022472855852058576,169.31707240013253,1.593429158110883,162.3117288521869
2020-09-02,177.77239073563427,-0.0028328611898016387,0.9971671388101984,-0.002836881335199615,165.5544707912407,1.596167008898015,158.67386580983285
2020-09-03,178.27742593658778,0.02318840579710124,1.0231884057971012,0.02292363990193681,166.02479599235218,1.5989048596851472,159.09362626488303
2020-09-04,174.23714432895974,0.0,1.0,0.0,162.26219438346035,1.6016427104722792,155.45779627388214
2020-09-06,174.23714432895974,0.014705882352941124,1.0147058823529411,0.014598799421152631,162.26219438346035,1.6071184120465434,155.39719656487293
2020-09-07,171.7119683241922,0.011904761904761862,1.0119047619047619,0.011834457647002798,159.91056837790296,1.6098562628336757,153.11521128582174
2020-09-08,169.69182752037818,0.0029850746268658135,1.0029850746268658,0.002980628138137941,158.02926757345705,1.6125941136208077,151.28436081385445
2020-09-09,169.18679231942465,-0.00887573964497046,0.9911242603550295,-0.008915363657952393,157.55894237234554,1.6153319644079398,150.80470821004852
2020-09-10,170.70189792228518,-0.014577259475218596,0.9854227405247814,-0.01468455168292107,158.96991797567998,1.6180698151950719,152.12553908953328
2020-09-11,173.22707392705271,0.0,1.0,0.0,161.32154398123737,1.620807665982204,154.34582496551485
2020-09-13,173.22707392705271,-0.047222222222222276,0.9527777777777777,-0.04837358428421583,161.32154398123737,1.626283367556468,154.2856587190873
2020-09-14,181.81267234326234,0.005586592178770999,1.005586592178771,0.0055710450494554295,169.31707240013253,1.6290212183436004,161.9009049007775
2020-09-15,180.8026019413553,-0.02452316076294281,0.9754768392370572,-0.024828861653869997,168.37642199790957,1.6317590691307324,160.97007201641037
2020-09-16,185.34791874993687,-0.0027173913043478937,0.9972826086956521,-0.0027210901143607247,172.60934880791288,1.6344969199178645,164.98463956052464
2020-09-17,185.8529539508904,0.016574585635359185,1.0165745856353592,0.01643872634315994,173.0796740090244,1.6372347707049966,165.40194151821868
2020-09-18,182.82274274516934,0.0,1.0,0.0,170.2577228023555,1.6399726214921286,162.67345522103517
2020-09-20,182.82274274516934,-0.021621621621621623,0.9783783783783784,-0.021858793812499073,170.2577228023555,1.6454483230663928,162.61004274326822
2020-09-21,186.8630243527974,0.03064066852367686,1.0306406685236769,0.030180617149991238,174.02032441124732,1.648186173853525,166.17123739398104
2020-09-22,181.30763714230883,0.0,1.0,0.0,168.84674719902105,1.6509240246406571,161.19958325821523
2020-09-23,181.30763714230883,0.04664723032069973,1.0466472303206997,0.04559194132233898,168.84674719902105,1.6536618754277892,161.16816122520095
2020-09-24,173.22707392705271,0.008823529411764675,1.0088235294117647,0.008784829555732811,161.32154398123737,1.6563997262149213,153.95516335317
2020-09-25,171.7119683241922,0.0,1.0,0.0,159.91056837790296,1.6591375770020533,152.5788693069412
2020-09-27,171.7119683241922,-0.031339031339031265,0.9686609686609687,-0.03184060585565866,159.91056837790296,1.6646132785763177,152.51939184551708
2020-09-28,177.26735553468077,-0.01680672268907557,0.9831932773109244,-0.016949558313773205,165.08414559012922,1.6673511293634498,157.4231508683649
2020-09-29,180.2975667404018,0.0,1.0,0.0,167.9060967967981,1.6700889801505818,160.0829344477357
2020-10-04,180.2975667404018,-0.045454545454545525,0.9545454545454545,-0.04652001563489293,167.9060967967981,1.6837782340862424,159.92697341724156
2020-10-05,188.88316515661143,0.024657534246575352,1.0246575342465754,0.02435844383204044,175.90162521569326,1.6865160848733745,167.5098851373755
2020-10-06,184.33784834802987,-0.002732240437158473,0.9972677595628415,-0.0027359798188747488,171.66869840568992,1.6892539356605065,163.44703226519192
2020-10-07,184.84288354898337,0.013850415512465464,1.0138504155124655,0.013755375068485419,172.1390236068014,1.6919917864476386,163.8628849457305
2020-10-08,182.31770754421584,0.0,1.0,0.0,169.787397601244,1.6947296372347707,161.5928161181939
2020-10-11,182.31770754421584,0.002777777777777768,1.0027777777777778,0.0027739268827252244,169.787397601244,1.702943189596167,161.49833848347677
2020-10-12,181.81267234326234,0.005586592178770999,1.005586592178771,0.0055710450494554295,169.31707240013253,1.7056810403832992,161.01958159966708
2020-10-13,180.8026019413553,0.00561797752808979,1.0056179775280898,0.0056022555486697516,168.37642199790957,1.7084188911704312,160.0938157945169
2020-10-14,179.7925315394483,0.011363636363636465,1.0113636363636365,0.011299555253933466,167.43577159568662,1.7111567419575633,159.16840478337167
2020-10-15,177.77239073563427,0.023255813953488413,1.0232558139534884,0.02298951822469878,165.5544707912407,1.7138945927446954,157.34931824578405
2020-10-16,173.73210912800621,0.0,1.0,0.0,161.79186918234885,1.7166324435318274,153.74322294122499
2020-10-18,173.73210912800621,0.023809523809523725,1.0238095238095237,0.023530497410194036,161.79186918234885,1.7221081451060918,153.68329159782704
2020-10-19,169.69182752037818,0.0029850746268658135,1.0029850746268658,0.002980628138137941,158.02926757345705,1.7248459958932238,150.0800013226629
2020-10-20,169.18679231942465,0.012084592145015005,1.012084592145015,0.012012156448003434,157.55894237234554,1.727583846680356,149.60416718471
2020-10-21,167.16665151561065,0.01846153846153853,1.0184615384615385,0.018293193047325483,155.67764156789966,1.730321697467488,147.7890351891003
2020-10-22,164.1364403098896,-0.026946107784431184,0.9730538922155688,-0.02731581064696298,152.85569036123076,1.73305954825462,145.08179410227208
2020-10-23,168.68175711847115,0.0,1.0,0.0,157.08861717123406,1.7357973990417521,149.07038038710823
2020-10-25,168.68175711847115,-0.026239067055393583,0.9737609329446064,-0.026589454189239498,157.08861717123406,1.7412731006160165,149.01227058567096
2020-10-26,173.22707392705271,-0.005797101449275477,0.9942028985507245,-0.005813969865419957,161.32154398123737,1.7440109514031485,152.99774219684824
2020-10-27,174.23714432895974,-0.0057636887608067955,0.9942363112391932,-0.005780362915499314,162.26219438346035,1.7467488021902806,153.85986013627632
2020-10-28,175.24721473086674,0.020588235294117574,1.0205882352941176,0.020379162336652046,163.2028447856833,1.7494866529774127,154.7216361635006
2020-10-29,171.7119683241922,0.033434650455927084,1.033434650455927,0.03288786684483521,159.91056837790296,1.7522245037645447,151.5708995096852
2020-10-30,166.15658111370362,0.0,1.0,0.0,154.73699116567667,1.754962354551677,146.63854583663718
2020-11-01,166.15658111370362,-0.035190615835777206,0.9648093841642228,-0.03582472651814498,154.73699116567667,1.7604380561259412,146.58138399966134
2020-11-02,172.2170035251457,0.0,1.0,0.0,160.38089357901444,1.7631759069130732,151.89820273629758
2020-11-03,172.2170035251457,-0.005830903790087438,0.9941690962099126,-0.0058479698824231,160.38089357901444,1.7659137577002053,151.86859378666682
2020-11-04,173.22707392705271,-0.02000000000000013,0.9799999999999999,-0.02020270731751958,161.32154398123737,1.7686516084873374,152.7295418731647
2020-11-05,176.76232033372727,0.02639296187683282,1.0263929618768328,0.02605067719994255,164.61382038901775,1.7713894592744694,155.81609272826466
2020-11-06,172.2170035251457,0.0,1.0,0.0,160.38089357901444,1.7741273100616017,151.7798015626469
2020-11-08,172.2170035251457,-0.011594202898550732,0.9884057971014493,-0.011661939747842975,160.38089357901444,1.7796030116358659,151.72063558944626
2020-11-09,174.23714432895974,-0.0057636887608067955,0.9942363112391932,-0.005780362915499314,162.26219438346035,1.782340862422998,153.47042853973383
2020-11-10,175.24721473086674,-0.01139601139601143,0.9886039886039886,-0.011461443519006652,163.2028447856833,1.78507871321013,154.33002334299331
2020-11-11,177.26735553468077,0.008620689655172376,1.0086206896551724,0.008583743691391435,165.08414559012922,1.787816563997262,156.07861403183
2020-11-12,175.75224993182024,-0.019718309859155014,0.980281690140845,-0.019915309700941543,163.6731699867948,1.7905544147843941,154.71444499475865
2020-11-13,179.2874963384948,0.0,1.0,0.0,166.96544639457514,1.7932922655715264,157.79575263036142
2020-11-15,179.2874963384948,-0.008379888268156277,0.9916201117318437,-0.008415196925284361,166.96544639457514,1.7987679671457906,157.7342415519756
2020-11-16,180.8026019413553,-0.019178082191780854,0.9808219178082191,-0.019364367181791232,168.37642199790957,1.8015058179329226,159.03620059667642
2020-11-17,184.33784834802987,0.01671309192200554,1.0167130919220055,0.0165749650942126,171.66869840568992,1.8042436687200547,162.11424049238977
2020-11-18,181.30763714230883,-0.002777777777777768,0.9972222222222222,-0.0027816429618768026,168.84674719902105,1.8069815195071868,159.41826800149926
2020-11-19,181.81267234326234,0.016949152542372836,1.0169491525423728,0.01680711831638119,169.31707240013253,1.809719370294319,159.83116866212433
2020-11-20,178.7824611375413,0.0,1.0,0.0,166.49512119346366,1.8124572210814511,157.13667981290806
2020-11-22,178.7824611375413,-0.011173184357541777,0.9888268156424582,-0.01123607326692573,166.49512119346366,1.8179329226557153,157.07542565068798
2020-11-23,180.8026019413553,-0.011049723756906049,0.988950276243094,-0.011111225425070722,168.37642199790957,1.8206707734428473,158.81932512346575
2020-11-24,182.82274274516934,0.00835654596100266,1.0083565459610027,0.008321823337492058,170.2577228023555,1.8234086242299794,160.56253876433772
2020-11-25,181.30763714230883,0.0027932960893854997,1.0027932960893855,0.0027894020875785922,168.84674719902105,1.8261464750171115,159.20087150823832
2020-11-26,180.8026019413553,-0.011049723756906049,0.988950276243094,-0.011111225425070722,168.37642199790957,1.8288843258042438,158.72646905136128
2020-11-27,182.82274274516934,0.0,1.0,0.0,170.2577228023555,1.8316221765913758,160.46866349654405
2020-11-29,182.82274274516934,-0.0027548209366390353,0.997245179063361,-0.00275862243907964,170.2577228023555,1.83709787816564,160.40611047864422
2020-11-30,183.32777794612284,-0.010899182561307952,0.989100817438692,-0.010959013789719543,170.72804800346697,1.839835728952772,160.81786754280947
2020-12-01,185.34791874993687,0.005479452054794498,1.0054794520547945,0.005464494472078745,172.60934880791288,1.842573579739904,162.55827220179282
2020-12-02,184.33784834802987,-0.07124681933842236,0.9287531806615776,-0.0739122582867697,171.66869840568992,1.8453114305270362,161.64088186235523
2020-12-03,198.47883397472805,0.0,1.0,0.0,184.83780403681135,1.8480492813141685,174.0068052241096
2020-12-04,198.47883397472805,0.0,1.0,0.0,184.83780403681135,1.8507871321013005,173.97288672712625
2020-12-06,198.47883397472805,0.015503875968992276,1.0155038759689923,0.015384918839479456,184.83780403681135,1.8562628336755647,173.90506956668884
2020-12-07,195.44862276900702,0.03753351206434319,1.0375335120643432,0.03684627338596629,182.01585283014248,1.8590006844626967,171.21664920751763
2020-12-08,188.37812995565793,-0.026109660574412552,0.9738903394255874,-0.026456569536830468,175.43130001458178,1.8617385352498288,164.9905979852486
2020-12-09,193.428481965193,0.0,1.0,0.0,180.13455202569656,1.864476386036961,169.38091518720654
2020-12-10,193.428481965193,0.007894736842105399,1.0078947368421054,0.007863736460214672,180.13455202569656,1.8672142368240932,169.3478983976999
2020-12-11,191.91337636233246,0.0,1.0,0.0,178.72357642236213,1.8699520876112252,167.98866176692547
2020-12-13,191.91337636233246,0.005291005291005124,1.0052910052910051,0.005277057100843599,178.72357642236213,1.8754277891854894,167.92317734437523
2020-12-14,190.90330596042546,0.0026525198938993633,1.0026525198938994,0.002649008171577084,177.78292602013917,1.8781656399726214,167.00681078675797
2020-12-15,190.39827075947193,-0.007894736842105288,0.9921052631578947,-0.007926065272420716,177.31260081902767,1.8809034907597535,166.532525934537
2020-12-16,191.91337636233246,-0.002624671916010457,0.9973753280839895,-0.002628122406269469,178.72357642236213,1.8836413415468858,167.82499857015253
2020-12-17,192.41841156328596,0.007936507936507908,1.007936507936508,0.007905179507113247,179.19390162347358,1.8863791923340179,168.23384371458403
2020-12-18,190.90330596042546,0.0,1.0,0.0,177.78292602013917,1.88911704312115,166.8766327988121
2020-12-20,190.90330596042546,0.010695187165775444,1.0106951871657754,0.010638398205055797,177.78292602013917,1.894592744695414,166.81158186132018
2020-12-21,188.88316515661143,0.016304347826086918,1.016304347826087,0.016172859245600968,175.90162521569326,1.8973305954825461,165.01420806213082
2020-12-22,185.8529539508904,-0.00540540540540535,0.9945945945945946,-0.005420067469339145,173.0796740090244,1.9000684462696784,162.3352717239143
2020-12-23,186.8630243527974,-0.010695187165775444,0.9893048128342246,-0.01075279177626185,174.02032441124732,1.9028062970568105,163.18571325188356
2020-12-24,188.88316515661143,0.0,1.0,0.0,175.90162521569326,1.9055441478439425,164.9177300599093
2020-12-27,188.88316515661143,-0.01319261213720313,0.9868073878627969,-0.013280407667894378,175.90162521569326,1.9137577002053388,164.8213084649816
2020-12-28,191.40834116137896,-0.005249343832020914,0.9947506561679791,-0.005263170044274533,178.25325122125065,1.9164955509924708,166.9922443725202
2020-12-29,192.41841156328596,-0.0078125,0.9921875,-0.007843177461025893,179.19390162347358,1.919233401779603,167.84074698766014
2020-12-30,193.9335171661465,-0.07469879518072298,0.925301204819277,-0.07763596764297154,180.60487722680804,1.9219712525667352,169.12935349154392
2021-01-04,209.5896083957052,-0.009546539379474805,0.9904534606205252,-0.009592399691439296,195.1849584612639,1.9356605065023955,182.60494863097992
2021-01-05,211.6097491995192,0.03201970443349733,1.0320197044334973,0.03151776032040489,197.0662592657098,1.9383983572895278,184.32905874811922
2021-01-06,205.04429158712364,-0.014563106796116498,0.9854368932038835,-0.014670189747793742,190.9520316512606,1.9411362080766599,178.57520295501743
2021-01-07,208.07450279284467,-0.16260162601626016,0.8373983739837398,-0.17745536714278173,193.77398285792947,1.943874058863792,181.17892194683503
2021-01-08,248.47731886912518,0.0,1.0,0.0,231.3999989468478,1.946611909650924,216.31712103065232
2021-01-10,248.47731886912518,-0.0803738317757009,0.9196261682242991,-0.0837880304036984,231.3999989468478,1.9520876112251881,216.23279747208937
2021-01-11,270.19383251012596,0.02490421455938696,1.024904214559387,0.024599159013367816,251.6239825946414,1.9548254620123204,235.0853591275094
2021-01-12,263.6283748977304,0.007722007722007929,1.007722007722008,0.007692345623155865,245.50975498019218,1.9575633127994525,229.32829378310444
2021-01-13,261.60823409391634,0.03393213572854292,1.033932135728543,0.03336914117461827,243.62845417574624,1.9603011635865846,227.52662928655553
2021-01-14,253.02263567770675,0.043749999999999956,1.04375,0.04281999718292814,235.6329257568511,1.9630390143737166,220.01664375173237
2021-01-15,242.4168964576831,0.0,1.0,0.0,225.75609653351003,1.9657768651608487,210.75329985981065
2021-01-17,242.4168964576831,-0.004149377593361092,0.9958506224066389,-0.004158010148663788,225.75609653351003,1.9712525667351128,210.6711451596261
2021-01-18,243.42696685959012,-0.07839388145315485,0.9216061185468452,-0.08163735001432257,226.69674693573302,1.9739904175222451,211.50770515230752
2021-01-19,264.1334100986839,0.009652509652509744,1.0096525096525097,0.009606221805439933,245.98008018130366,1.9767282683093772,229.45428908211122
2021-01-20,261.60823409391634,-0.020793950850661602,0.9792060491493384,-0.0210131895988163,243.62845417574624,1.9794661190965093,227.21635436041026
2021-01-21,267.1636213044049,0.029182879377431803,1.0291828793774318,0.028765166403134174,248.8020313879725,1.9822039698836413,231.9961811122314
2021-01-22,259.58809329010234,0.0,1.0,0.0,241.74715337130036,1.9849418206707734,225.37389963481357
2021-01-24,259.58809329010234,-0.011538461538461386,0.9884615384615386,-0.011605546120307777,241.74715337130036,1.9904175222450375,225.28604561228465
2021-01-25,262.61830449582334,0.03379721669980107,1.033797216699801,0.033238641475733716,244.5691045779692,1.9931553730321698,227.87141702545833
2021-01-26,254.03270607961375,0.024439918533604832,1.0244399185336048,0.024146042305218572,236.57357615907407,1.995893223819302,220.37880855209153
2021-01-27,247.97228366817168,0.029350104821803003,1.029350104821803,0.028927636906179426,230.92967374573632,1.998631074606434,215.07932963896528
2021-01-28,240.9017908548226,0.04148471615720517,1.0414847161572052,0.04064730677415619,224.34512093017563,2.001368925393566,208.90599225746033
2021-01-29,231.30612203670597,0.0,1.0,0.0,215.4089421090575,2.004106776180698,200.545689967378
2021-01-31,231.30612203670597,-0.03983228511530401,0.960167714884696,-0.04064730677415629,215.4089421090575,2.0095824777549622,200.46751434192615
2021-02-01,240.9017908548226,-0.008316008316008316,0.9916839916839917,-0.008350779217419963,224.34512093017563,2.0123203285420943,208.7431548161979
2021-02-02,242.92193165863662,-0.020366598778004064,0.9796334012219959,-0.020576857688759387,226.22642173462154,2.0150581793292264,210.45259078737095
2021-02-03,247.97228366817168,-0.012072434607645843,0.9879275653923542,-0.012145898302108115,230.92967374573632,2.0177960301163584,214.78602892366723
2021-02-04,251.00249487389272,-0.004008016032064243,0.9959919839679358,-0.004016069654890054,233.7516249524052,2.020533880903491,217.36832639096332
2021-02-05,252.01256527579974,0.0,1.0,0.0,234.69227535462815,2.023271731690623,218.20050672367844
2021-02-07,252.01256527579974,0.06623931623931623,1.0662393162393162,0.06413779983387191,234.69227535462815,2.028747433264887,218.115448993992
2021-02-08,236.35647404624103,-0.010570824524312905,0.9894291754756871,-0.010627092574286238,220.1121941201723,2.0314852840520192,204.5253155106764
2021-02-09,238.88165005100856,-0.03469387755102049,0.9653061224489795,-0.035310002612739415,222.46382012572968,2.0342231348391513,206.67012174580026
2021-02-10,247.46724846721818,0.0,1.0,0.0,230.45934854462485,2.0369609856262834,214.0562786302841
2021-02-14,247.46724846721818,-0.010101010101010055,0.98989898989899,-0.010152371464017962,230.45934854462485,2.0479123887748116,213.88942665863098
2021-02-15,249.99242447198571,0.0,1.0,0.0,232.81097455018224,2.0506502395619437,216.02985372573468
2021-02-16,249.99242447198571,0.01642710472279263,1.0164271047227926,0.016293639486100533,232.81097455018224,2.0533880903490758,215.98774383277697
2021-02-17,245.95214286435765,0.03397027600849256,1.0339702760084926,0.03340602906617204,229.0483729412904,2.0561259411362083,212.45561156797143
2021-02-18,237.87157964910156,-0.02685950413223137,0.9731404958677686,-0.027226812700213925,221.52316972350675,2.0588637919233403,205.43549782561678
2021-02-19,244.43703726149712,0.0,1.0,0.0,227.63739733795595,2.0616016427104724,211.06454198861718
2021-02-21,244.43703726149712,0.0020703933747412417,1.0020703933747412,0.0020682530640590605,227.63739733795595,2.0670773442847366,210.982265961726
2021-02-22,243.93200206054362,-0.012269938650306678,0.9877300613496933,-0.012345835822299266,227.16707213684447,2.0698151950718686,210.50531117460497
2021-02-23,246.96221326626465,0.04042553191489362,1.0404255319148936,0.03962979477076776,229.98902334351334,2.0725530458590007,213.07874124283808
2021-02-24,237.36654444814803,-0.04081632653061229,0.9591836734693877,-0.041672696400568074,221.05284452239525,2.0752908966461328,204.75968732440393
2021-02-25,247.46724846721818,0.03375527426160341,1.0337552742616034,0.03319806940959583,230.45934854462485,2.078028747433265,213.43125403963145
2021-02-26,239.38668525196206,0.0,1.0,0.0,222.93414532684116,2.080766598220397,206.42182535361792
2021-03-01,239.38668525196206,-0.008368200836820106,0.9916317991631799,-0.008403410796379504,222.93414532684116,2.088980150581793,206.30113777429423
2021-03-02,241.4068260557761,-0.004166666666666652,0.9958333333333333,-0.0041753714104806215,224.81544613128708,2.0917180013689256,208.00152278061265
2021-03-03,242.4168964576831,0.02127659574468077,1.0212765957446808,0.021053409197832263,225.75609653351003,2.0944558521560577,208.83110743454728
2021-03-04,237.36654444814803,0.0,1.0,0.0,221.05284452239525,2.0971937029431897,204.4406007503663
2021-03-05,237.36654444814803,0.0,1.0,0.0,221.05284452239525,2.099931553730322,204.40074990722889
2021-03-07,237.36654444814803,0.01952277657266821,1.0195227765726682,0.01933465170745585,221.05284452239525,2.105407255304586,204.32107152336823
2021-03-08,232.82122763956647,-0.004319654427645814,0.9956803455723542,-0.004329011089585581,216.81991771239194,2.108145106091718,200.36947547787955
2021-03-09,233.8312980414735,0.01758241758241752,1.0175824175824175,0.017429635135283596,217.7605681146149,2.11088295687885,201.1995306473955
2021-03-10,229.79101643384544,-0.004376367614879695,0.9956236323851203,-0.004385971943254329,213.99796650572307,2.113620807665982,197.68453945172638
2021-03-11,230.80108683575247,-0.017204301075268713,0.9827956989247313,-0.017354014693151506,214.93861690794603,2.116358658453114,198.51477919313373
2021-03-12,234.8413684433805,0.0,1.0,0.0,218.70121851683786,2.1190965092402463,201.95050066399637
2021-03-14,234.8413684433805,0.0021551724137931494,1.0021551724137931,0.0021528533611010927,218.70121851683786,2.1245722108145104,201.87177742291203
2021-03-15,234.336333242427,-0.008547008547008517,0.9914529914529915,-0.008583743691391442,218.23089331572638,2.127310061601643,201.39837908014044
2021-03-16,236.35647404624103,0.008620689655172376,1.0086206896551724,0.008583743691391435,220.1121941201723,2.130047912388775,203.09497573941607
2021-03-17,234.336333242427,-0.008547008547008517,0.9914529914529915,-0.008583743691391442,218.23089331572638,2.132785763175907,201.31987106407618
2021-03-18,236.35647404624103,0.019607843137254832,1.0196078431372548,0.019418085857101516,220.1121941201723,2.135523613963039,203.01580636530917
2021-03-19,231.81115723765947,0.0,1.0,0.0,215.87926731016898,2.138261464750171,199.07284415102214
2021-03-21,231.81115723765947,0.0021834061135370675,1.002183406113537,0.002181025946360146,215.87926731016898,2.1437371663244353,198.99524266228153
2021-03-22,231.30612203670597,0.011037527593819041,1.011037527593819,0.010977058631150994,215.4089421090575,2.1464750171115674,198.52299693727846
2021-03-23,228.78094603193844,0.024886877828054432,1.0248868778280544,0.024582243405336025,213.0573161035001,2.1492128678986995,196.3174404247264
2021-03-24,223.22555882144985,0.013761467889908285,1.0137614678899083,0.013667638728663835,207.88373889127382,2.1519507186858315,191.5130120651596
2021-03-25,220.19534761572882,0.011600928074245953,1.011600928074246,0.011534153245286545,205.06178768460495,2.1546885694729636,188.87646375746877
2021-03-26,217.6701716109613,0.0,1.0,0.0,202.71016167904756,2.1574264202600957,186.67405449394312
2021-03-28,217.6701716109613,0.0,1.0,0.0,202.71016167904756,2.16290212183436,186.60128623366253
2021-03-29,217.6701716109613,-0.018223234624145768,0.9817767653758542,-0.018391322971423544,202.71016167904756,2.1656399726214923,186.5649127415106
2021-03-30,221.71045321858935,0.006880733944954143,1.0068807339449541,0.006857169726137045,206.47276328793942,2.1683778234086244,189.99079313931298
2021-03-31,220.19534761572882,-0.004566210045662045,0.995433789954338,-0.004576667027411755,205.06178768460495,2.1711156741957565,188.65566947437244
2021-04-01,221.20541801763582,-0.06209850107066395,0.937901498929336,-0.06411034729245133,206.0024380868279,2.1738535249828885,189.48411982038155
2021-04-02,235.85143884528753,0.0,1.0,0.0,219.6418689190608,2.1765913757700206,201.99049111714177
2021-04-04,235.85143884528753,-0.002136752136752129,0.9978632478632479,-0.0021390382487494184,219.6418689190608,2.1820670773442847,201.9117522871975
2021-04-05,236.35647404624103,0.01739130434782621,1.0173913043478262,0.017241806434506173,220.1121941201723,2.184804928131417,202.30466931749
2021-04-06,232.31619243861297,0.0,1.0,0.0,216.34959251128046,2.187542778918549,198.80770944189535
2021-04-07,232.31619243861297,-0.006479481641468721,0.9935205183585313,-0.006500564603093428,216.34959251128046,2.190280629705681,198.76895659723343
2021-04-08,233.8312980414735,0.013129102844638973,1.013129102844639,0.013043663192029398,217.7605681146149,2.193018480492813,200.02627790199617
2021-04-09,230.80108683575247,0.0,1.0,0.0,214.93861690794603,2.195756331279945,197.39565961022515
2021-04-11,230.80108683575247,0.01106194690265494,1.011061946902655,0.011001211061973583,214.93861690794603,2.2012320328542097,197.31871191240123
2021-04-12,228.2759108309849,-0.017391304347826098,0.9826086956521739,-0.017544309650909508,212.5869909023886,2.2039698836413417,195.12182207710316
2021-04-13,232.31619243861297,-0.010752688172043001,0.989247311827957,-0.010810916104215617,216.34959251128046,2.206707734428474,198.53659811063
2021-04-14,234.8413684433805,0.008676789587852562,1.0086767895878526,0.00863936259070786,218.70121851683786,2.209445585215606,200.6554839617388
2021-04-15,232.82122763956647,-0.004319654427645814,0.9956803455723542,-0.004329011089585581,216.81991771239194,2.212183436002738,198.8906387141709
2021-04-16,233.8312980414735,0.0,1.0,0.0,217.7605681146149,2.21492128678987,199.7145676207037
2021-04-18,233.8312980414735,0.006521739130434856,1.0065217391304349,0.006500564603093463,217.7605681146149,2.220396988364134,199.6367159788253
2021-04-19,232.31619243861297,0.004366812227074135,1.0043668122270741,0.004357305368955626,216.34959251128046,2.223134839151266,198.30451124826422
2021-04-20,231.30612203670597,0.015521064301552201,1.0155210643015522,0.015401844611506703,215.4089421090575,2.2258726899383983,197.40383102714713
2021-04-21,227.7708756300314,-0.0022123893805309214,0.9977876106194691,-0.0022148403295527874,212.11666570127713,2.2286105407255303,194.3488508246813
2021-04-22,228.2759108309849,0.02262443438914019,1.0226244343891402,0.022372297754532984,212.5869909023886,2.2313483915126624,194.74181184515652
2021-04-23,223.22555882144985,0.0,1.0,0.0,207.88373889127382,2.2340862422997945,190.39624421554208
2021-04-25,223.22555882144985,-0.0022573363431152016,0.9977426636568848,-0.00225988796743759,207.88373889127382,2.239561943874059,190.32202499159538
2021-04-26,223.73059402240338,0.006818181818181834,1.0068181818181818,0.006795043132828808,208.35406409238533,2.242299794661191,190.7154351125994
2021-04-27,222.21548841954285,-0.006772009029345383,0.9932279909706546,-0.0067950431328288015,206.94308848905087,2.245037645448323,189.38698476861478
2021-04-28,223.73059402240338,0.01839080459770126,1.0183908045977013,0.018223738956451654,208.35406409238533,2.2477754962354553,190.64109146340073
2021-04-29,219.69031241477532,0.025943396226415283,1.0259433962264153,0.025612575856726515,204.59146248349347,2.2505133470225873,187.1618730713017
2021-04-30,214.13492520428673,0.0,1.0,0.0,199.41788527126718,2.2532511978097194,182.39348388451782
2021-05-02,214.13492520428673,-0.02752293577981657,0.9724770642201834,-0.027908788117076616,199.41788527126718,2.2587268993839835,182.32238425289108
2021-05-03,220.19534761572882,-0.02460850111856816,0.9753914988814318,-0.02491635126453444,205.06178768460495,2.2614647501711156,187.44590647729336
2021-05-04,225.75073482621738,0.0,1.0,0.0,210.23536489683121,2.2642026009582477,192.13758635521148
2021-05-05,225.75073482621738,0.0,1.0,0.0,210.23536489683121,2.2669404517453797,192.1001336927436
2021-05-06,225.75073482621738,-0.0022321428571429047,0.9977678571428571,-0.002234637801416377,210.23536489683121,2.269678302532512,192.0626883307834
2021-05-07,226.2557700271709,0.0,1.0,0.0,210.70569009794272,2.272416153319644,192.45483695754524
2021-05-09,226.2557700271709,-0.023965141612200425,0.9760348583877996,-0.024256977645559983,210.70569009794272,2.2778918548939084,192.37981526422018
2021-05-10,231.81115723765947,0.013245033112582849,1.0132450331125828,0.0131580845775112,215.87926731016898,2.2806297056810405,197.0650061645171
2021-05-11,228.78094603193844,-0.00439560439560438,0.9956043956043956,-0.0044052934679163795,213.0573161035001,2.2833675564681726,194.45108199864995
2021-05-12,229.79101643384544,-0.008714596949891074,0.9912854030501089,-0.008752791109594744,213.99796650572307,2.2861054072553046,195.2715147034794
2021-05-13,231.81115723765947,0.0021834061135370675,1.002183406113537,0.002181025946360146,215.87926731016898,2.2888432580424367,196.94978918819854
2021-05-14,231.30612203670597,0.0,1.0,0.0,215.4089421090575,2.291581108829569,196.48239763280228
2021-05-16,231.30612203670597,0.008810572687224738,1.0088105726872247,0.008771986072837041,215.4089421090575,2.297056810403833,196.40580593777398
2021-05-17,229.28598123289194,-0.017316017316017396,0.9826839826839826,-0.017467693040390947,213.5276413046116,2.299794661190965,194.65252110128154
2021-05-18,233.32626284052,0.0,1.0,0.0,217.29024291350342,2.302532511978097,198.043909986632
2021-05-19,233.32626284052,0.028953229398663627,1.0289532293986636,0.02854200333948449,217.29024291350342,2.305270362765229,198.0053060265467
2021-05-20,226.7608052281244,-0.01318681318681314,0.9868131868131869,-0.013274531208696075,211.1760152990542,2.308008213552361,192.39621776305808
2021-05-21,229.79101643384544,0.0,1.0,0.0,213.99796650572307,2.3107460643394937,194.92920976029748
2021-05-23,229.79101643384544,-0.002192982456140302,0.9978070175438597,-0.002195390563435615,213.99796650572307,2.316221765913758,194.8532235204819
2021-05-24,230.29605163479894,0.00219780219780219,1.0021978021978022,0.002195390563435656,214.46829170683455,2.31895961670089,195.24340687495257
2021-05-25,229.79101643384544,0.017897091722595126,1.0178970917225951,0.01773882433738163,213.99796650572307,2.321697467488022,194.7772669012073
2021-05-26,225.75073482621738,0.013605442176870763,1.0136054421768708,0.013513719166722855,210.23536489683121,2.324435318275154,191.31531200870762
2021-05-27,222.72052362049635,-0.04956896551724144,0.9504310344827586,-0.05083967677940933,207.41341369016234,2.327173169062286,188.71052943274472
2021-05-28,234.336333242427,0.0,1.0,0.0,218.23089331572638,2.329911019849418,198.5138720731792
2021-05-30,234.336333242427,-0.012765957446808529,0.9872340425531915,-0.012848142477849024,218.23089331572638,2.3353867214236823,198.43648847988075
2021-05-31,237.36654444814803,-0.008438818565400852,0.9915611814345991,-0.008474626990972232,221.05284452239525,2.3381245722108144,200.96329689243436
2021-06-01,239.38668525196206,-0.004201680672269004,0.995798319327731,-0.004210532536343605,222.93414532684116,2.3408624229979464,202.6341164107077
2021-06-02,240.3967556538691,-0.002096436058700135,0.9979035639412999,-0.0020986366569211382,223.87479572906415,2.3436002737850785,203.44944730936265
2021-06-03,240.9017908548226,-0.012422360248447117,0.9875776397515529,-0.012500162764231382,224.34512093017563,2.346338124572211,203.8371211589649
2021-06-04,243.93200206054362,0.0,1.0,0.0,227.16707213684447,2.349075975359343,206.36087710645342
2021-06-06,243.93200206054362,0.0,1.0,0.0,227.16707213684447,2.3545516769336072,206.28043463651449
2021-06-07,243.93200206054362,-0.008213552361396315,0.9917864476386037,-0.008247469430017114,227.16707213684447,2.3572895277207393,206.2402251614257
2021-06-08,245.95214286435765,0.016701461377870652,1.0167014613778707,0.016563525671674642,229.0483729412904,2.3600273785078714,207.9076841745239
2021-06-09,241.9118612567296,0.01483050847457612,1.0148305084745761,0.014721611825359708,225.28577133239855,2.3627652292950034,204.4525019409808
2021-06-10,238.37661485005506,-0.010482180293501009,0.989517819706499,-0.010537505302785799,221.99349492461823,2.3655030800821355,201.4254075641142
2021-06-11,240.9017908548226,0.0,1.0,0.0,224.34512093017563,2.3682409308692676,203.51947226282616
2021-06-13,240.9017908548226,0.0021008403361344463,1.0021008403361344,0.0020986366569212054,224.34512093017563,2.3737166324435317,203.44013741380317
2021-06-14,240.3967556538691,0.0042194092827005925,1.0042194092827006,0.004210532536343679,223.87479572906415,2.3764544832306638,202.97406548329283
2021-06-15,239.38668525196206,-0.01043841336116913,0.9895615866388309,-0.010493275715838768,222.93414532684116,2.379192334017796,202.08183453788624
2021-06-16,241.9118612567296,0.012684989429175397,1.0126849894291754,0.01260520891898219,225.28577133239855,2.3819301848049284,204.17369288404154
2021-06-17,238.88165005100856,0.006382978723404209,1.0063829787234042,0.00636269378782865,222.46382012572968,2.3846680355920604,201.57689330748667
2021-06-18,237.36654444814803,0.0,1.0,0.0,221.05284452239525,2.3874058863791925,200.25934950907185
2021-06-20,237.36654444814803,0.008583690987124415,1.0085836909871244,0.008547060578458348,221.05284452239525,2.3928815879534566,200.18128550329345
2021-06-21,235.346403644334,-0.03319502074688807,0.9668049792531119,-0.03375847992495454,219.17154371794933,2.3956194387405887,198.43892648778947
2021-06-22,243.42696685959012,-0.006185567010309367,0.9938144329896906,-0.0062047768868829815,226.69674693573302,2.3983572895277208,205.21227112616108
2021-06-23,244.94207246245065,0.0,1.0,0.0,228.10772253906745,2.401095140314853,206.44927569322823
2021-06-24,244.94207246245065,-0.002057613168724215,0.9979423868312758,-0.0020597329630105046,228.10772253906745,2.403832991101985,206.40903330658256
2021-06-25,245.44710766340415,0.0,1.0,0.0,228.57804774017893,2.406570841889117,206.79430144209945
2021-06-27,245.44710766340415,0.008298755186721962,1.008298755186722,0.008264509849893431,228.57804774017893,2.412046543463381,206.71369001705344
2021-06-28,243.42696685959012,0.006263048016701411,1.0062630480167014,0.00624351663968502,226.69674693573302,2.414784394250513,204.9723804834389
2021-06-29,241.9118612567296,0.0,1.0,0.0,225.28577133239855,2.4175222450376452,203.65691295767616
2021-06-30,241.9118612567296,-0.010330578512396715,0.9896694214876033,-0.010384309305716493,225.28577133239855,2.4202600958247777,203.61721487587474
2021-07-01,244.43703726149712,0.012552301255229992,1.01255230125523,0.012474174225175598,227.63739733795595,2.42299794661191,205.7025508843836
2021-07-02,241.4068260557761,0.0,1.0,0.0,224.81544613128708,2.425735797399042,203.11291949962876
2021-07-04,241.4068260557761,0.012711864406779627,1.0127118644067796,0.012631746905900564,224.81544613128708,2.431211498973306,203.0337431307833
2021-07-05,238.37661485005506,0.0,1.0,0.0,221.99349492461823,2.433949349760438,200.44612258992214
2021-07-06,238.37661485005506,0.017241379310344973,1.017241379310345,0.017094433359300255,221.99349492461823,2.43668720054757,200.4070503755014
2021-07-07,234.336333242427,0.01089324618736387,1.0108932461873639,0.010834342165710146,218.23089331572638,2.439425051334702,196.9719182217344
2021-07-08,231.81115723765947,0.015486725663716783,1.0154867256637168,0.015368030228313937,215.87926731016898,2.4421629021218343,194.81139473801716
2021-07-09,228.2759108309849,0.0,1.0,0.0,212.5869909023886,2.4449007529089664,191.80302012590022
2021-07-11,228.2759108309849,-0.017391304347826098,0.9826086956521739,-0.017544309650909508,212.5869909023886,2.4503764544832305,191.72825252025217
2021-07-12,232.31619243861297,0.0,1.0,0.0,216.34959251128046,2.4531143052703626,195.08363857951844
2021-07-13,232.31619243861297,0.0,1.0,0.0,216.34959251128046,2.455852156057495,195.04561165408793
2021-07-14,232.31619243861297,-0.006479481641468721,0.9935205183585313,-0.006500564603093428,216.34959251128046,2.458590006844627,195.00759214110406
2021-07-15,233.8312980414735,0.006521739130434856,1.0065217391304349,0.006500564603093463,217.7605681146149,2.461327857631759,196.2411207785075
2021-07-16,232.31619243861297,0.0,1.0,0.0,216.34959251128046,2.4640657084188913,194.93157534669695
2021-07-18,232.31619243861297,0.01098901098901095,1.010989010989011,0.01092907053219023,216.34959251128046,2.4695414099931554,194.85558818474138
2021-07-19,229.79101643384544,0.0022026431718060735,1.002202643171806,0.0022002209096023376,213.99796650572307,2.4722792607802875,192.70002304153692
2021-07-20,229.28598123289194,-0.004385964912280604,0.9956140350877194,-0.0043956114730379975,213.5276413046116,2.4750171115674195,192.23902676572513
2021-07-21,230.29605163479894,-0.002188183807439903,0.9978118161925601,-0.002190581379818698,214.46829170683455,2.4777549623545516,193.04825721236705
2021-07-22,230.80108683575247,0.01330376940133049,1.0133037694013305,0.013216051391526462,214.93861690794603,2.4804928131416837,193.43389595516757
2021-07-23,227.7708756300314,0.0,1.0,0.0,212.11666570127713,2.4832306639288158,190.8570721316558
2021-07-25,227.7708756300314,0.00445434298440972,1.0044543429844097,0.004444451760423976,212.11666570127713,2.48870636550308,190.782673270288
2021-07-26,226.7608052281244,-0.0022222222222222365,0.9977777777777778,-0.0022246950221111624,211.1760152990542,2.4914442162902124,189.89960673496785
2021-07-27,227.2658404290779,0.011235955056179803,1.0112359550561798,0.011173300598125255,211.64634050016568,2.4941820670773445,190.28544686209548
2021-07-28,224.74066442431038,0.0022522522522521182,1.0022522522522521,0.0022497197340153245,209.2947144946083,2.4969199178644765,188.13448461659544
2021-07-29,224.23562922335688,0.01834862385321112,1.0183486238532111,0.018182319083190547,208.8243892934968,2.4996577686516086,187.67512055085368
2021-07-30,220.19534761572882,0.0,1.0,0.0,205.06178768460495,2.5023956194387407,184.25766318630963
2021-08-01,220.19534761572882,-0.00909090909090915,0.9909090909090909,-0.009132483563272587,205.06178768460495,2.507871321013005,184.1858368704899
2021-08-02,222.21548841954285,-0.015659955257270597,0.9843400447427294,-0.01578386770126189,206.94308848905087,2.510609171800137,185.83938315059828
2021-08-03,225.75073482621738,-0.00666666666666671,0.9933333333333333,-0.006688988150796652,210.23536489683121,2.513347022587269,188.75911750794654
2021-08-04,227.2658404290779,0.008968609865470878,1.0089686098654709,0.008928630744301398,211.64634050016568,2.516084873374401,189.98891617228125
2021-08-05,225.24569962526388,0.0022471910112358273,1.0022471910112358,0.002244669853823728,209.76503969571974,2.518822724161533,188.26342116569728
2021-08-06,224.74066442431038,0.0,1.0,0.0,209.2947144946083,2.521560574948665,187.8046906670528
2021-08-08,224.74066442431038,0.006787330316742057,1.006787330316742,0.006764400088542063,209.2947144946083,2.5270362765229293,187.73148166835492
2021-08-09,223.22555882144985,0.009132420091324311,1.0091324200913243,0.009090971701252105,207.88373889127382,2.529774127310062,186.42952907678702
2021-08-10,221.20541801763582,0.0022883295194506825,1.0022883295194507,0.002285715280855861,206.0024380868279,2.532511978097194,184.7063728739865
2021-08-11,220.70038281668232,-0.0022831050228310223,0.997716894977169,-0.002285715280855951,205.53211288571643,2.535249828884326,184.24874690376046
2021-08-12,221.20541801763582,0.009216589861751112,1.0092165898617511,0.00917437627604123,206.0024380868279,2.537987679671458,184.63437164460726
2021-08-13,219.18527721382182,0.0,1.0,0.0,204.12113728238202,2.54072553045859,182.91255158722788
2021-08-16,219.18527721382182,0.018779342723004744,1.0187793427230047,0.018605187831034486,204.12113728238202,2.5489390828199863,182.8056090532145
2021-08-17,215.14499560619376,0.0023529411764706687,1.0023529411764707,0.002350177344953673,200.35853567349017,2.5516769336071183,179.40094363293298
2021-08-18,214.63996040524026,0.029055690072639306,1.0290556900726393,0.028641575963384153,199.8882104723787,2.5544147843942504,178.9449267901207
2021-08-19,208.57953799379817,0.02481389578163773,1.0248138957816377,0.024511031014349784,194.24430805904092,2.5571526351813825,173.8584679619286
2021-08-20,203.5291859842631,0.0,1.0,0.0,189.54105604792613,2.5598904859685145,169.6157508160991
2021-08-22,203.5291859842631,-0.01225490196078427,0.9877450980392157,-0.012330612457478674,189.54105604792613,2.565366187542779,169.54963213058318
2021-08-23,206.05436198903064,-0.026252983293556076,0.9737470167064439,-0.02660374551797602,191.89268205348353,2.568104038329911,171.61976585884545
2021-08-24,211.6097491995192,0.0,1.0,0.0,197.0662592657098,2.5708418891170433,176.21241422530912
2021-08-25,211.6097491995192,-0.0023809523809524835,0.9976190476190475,-0.002383791355276362,197.0662592657098,2.5735797399041753,176.1780657971966
2021-08-26,212.11478440047273,0.007194244604316502,1.0071942446043165,0.007168489478612497,197.5365844668213,2.5763175906913074,176.5641148140523
2021-08-27,210.5996787976122,0.0,1.0,0.0,196.12560886348686,2.5790554414784395,175.2687714171836
2021-08-29,210.5996787976122,-0.0071428571428572285,0.9928571428571428,-0.007168489478612628,196.12560886348686,2.5845311430527036,175.20044910205462
2021-08-30,212.11478440047273,-0.0117647058823529,0.9882352941176471,-0.011834457647002796,197.5365844668213,2.5872689938398357,176.42648712628517
2021-08-31,214.63996040524026,-0.011627906976744207,0.9883720930232558,-0.011696039763191298,199.8882104723787,2.5900068446269677,178.49200288604763
2021-09-01,217.1651364100078,0.01654846335697413,1.0165484633569741,0.01641302964133027,202.23983647793608,2.5927446954141,180.5567066957121
2021-09-02,213.62989000333323,-0.013986013986014068,0.9860139860139859,-0.014084739881739085,198.94756007015573,2.595482546201232,177.58278917145233
2021-09-03,216.6601012090543,0.0,1.0,0.0,201.7695112768246,2.598220396988364,180.0665874314979
2021-09-05,216.6601012090543,-0.0023255813953487747,0.9976744186046512,-0.0023282897595910735,201.7695112768246,2.6036960985626285,179.9963948579366
2021-09-06,217.1651364100078,0.0117647058823529,1.011764705882353,0.011696039763191236,202.23983647793608,2.6064339493497606,180.38079906298384
2021-09-07,214.63996040524026,-0.0023474178403755097,0.9976525821596245,-0.0023501773449535156,199.8882104723787,2.6091718001368926,178.24859580360348
2021-09-08,215.14499560619376,0.021582733812949728,1.0215827338129497,0.02135312447056906,200.35853567349017,2.6119096509240247,178.63317717720562
2021-09-09,210.5996787976122,0.009685230024213176,1.0096852300242132,0.009638628837768793,196.12560886348686,2.614647501711157,174.8251521560158
2021-09-10,208.57953799379817,0.0,1.0,0.0,194.24430805904092,2.617385352498289,173.11442115235084
2021-09-12,208.57953799379817,0.007317073170731714,1.0073170731707317,0.007290433262679274,194.24430805904092,2.622861054072553,173.04693863427474
2021-09-13,207.06443239093767,-0.019138755980861122,0.9808612440191389,-0.0193242728264027,192.8333324557065,2.625598904859685,171.7564527084893
2021-09-14,211.1047139985657,-0.0023866348448686736,0.9976133651551313,-0.0023894873973813557,196.59593406459834,2.628336755646817,175.07366501777153
2021-09-15,211.6097491995192,0.007211538461538325,1.0072115384615383,0.007185659660874312,197.0662592657098,2.631074606433949,175.45829343873322
2021-09-16,210.0946435966587,-0.004784688995215225,0.9952153110047848,-0.004796172263492944,195.65528366237538,2.6338124572210813,174.16807225671923
2021-09-17,211.1047139985657,0.0,1.0,0.0,196.59593406459834,2.6365503080082138,174.97130560496174
2021-09-22,211.1047139985657,0.0023980815347721673,1.0023980815347722,0.00239521072595485,196.59593406459834,2.650239561943874,174.8008395573271
2021-09-23,210.5996787976122,0.007246376811594235,1.0072463768115942,0.007220247973487097,196.12560886348686,2.652977412731006,174.3486639705154
2021-09-24,209.08457319475167,0.0,1.0,0.0,194.7146332601524,2.6557152635181382,173.06061639861167
2021-09-26,209.08457319475167,0.014705882352941124,1.0147058823529411,0.014598799421152631,194.7146332601524,2.6611909650924024,172.99315485441073
2021-09-27,206.05436198903064,0.012406947890818865,1.0124069478908189,0.012330612457478725,191.89268205348353,2.6639288158795345,170.45277548154615
2021-09-28,203.5291859842631,0.0,1.0,0.0,189.54105604792613,2.6666666666666665,168.33107488382436
2021-09-29,203.5291859842631,0.007500000000000062,1.0075,0.0074720148387010564,189.54105604792613,2.6694045174537986,168.29826273576904
2021-09-30,202.01408038140258,0.03359173126614978,1.0335917312661498,0.03303985407820009,188.1300804445917,2.6721423682409307,167.01286052969056
2021-10-01,195.44862276900702,0.0,1.0,0.0,182.01585283014248,2.674880219028063,161.55344541281073
2021-10-04,195.44862276900702,0.0,1.0,0.0,182.01585283014248,2.6830937713894594,161.45899079675996
2021-10-05,195.44862276900702,-0.002577319587628857,0.9974226804123711,-0.0025806465934916254,182.01585283014248,2.6858316221765914,161.4275181984026
2021-10-06,195.95365796996052,-0.03482587064676612,0.9651741293532339,-0.03544674899574757,182.48617803125396,2.6885694729637235,161.81309579621174
2021-10-07,203.0241507833096,-0.019512195121951237,0.9804878048780488,-0.019705071079332444,189.07073084681466,2.6913073237508556,167.61903293232587
2021-10-08,207.06443239093767,0.0,1.0,0.0,192.8333324557065,2.6940451745379876,170.92141151188943
2021-10-11,207.06443239093767,0.0024449877750611915,1.0024449877750612,0.002442003655551809,192.8333324557065,2.702258726899384,170.82147977562744
2021-10-12,206.55939718998414,-0.03080568720379151,0.9691943127962085,-0.0312901579932101,192.363007254595,2.704996577686516,170.37162564033517
2021-10-13,213.12485480237973,0.009569377990430672,1.0095693779904307,0.009523881511255541,198.47723486904425,2.707734428473648,175.75259520858853
2021-10-14,211.1047139985657,0.0023980815347721673,1.0023980815347722,0.00239521072595485,196.59593406459834,2.7104722792607805,174.0527597628323
2021-10-15,210.5996787976122,0.0,1.0,0.0,196.12560886348686,2.7132101300479126,173.6025193121499
2021-10-17,210.5996787976122,-0.004773269689737458,0.9952267303102625,-0.0047846981233362704,196.12560886348686,2.7186858316221767,173.53484652631516
2021-10-18,211.6097491995192,0.0023923444976077235,1.0023923444976077,0.0023894873973814854,197.0662592657098,2.7214236824093088,174.33315921125825
2021-10-19,211.1047139985657,0.0,1.0,0.0,196.59593406459834,2.724161533196441,173.88318860981335
2021-10-20,211.1047139985657,0.0072289156626506035,1.0072289156626506,0.007202912294058016,196.59593406459834,2.726899383983573,173.84929420895517
2021-10-21,209.5896083957052,0.0,1.0,0.0,195.1849584612639,2.729637234770705,172.56792742159692
2021-10-22,209.5896083957052,0.0,1.0,0.0,195.1849584612639,2.732375085557837,172.53428939969237
2021-10-24,209.5896083957052,-0.016587677725118377,0.9834123222748816,-0.0167267938053134,195.1849584612639,2.737850787132101,172.46703302540726
2021-10-25,213.12485480237973,-0.011709601873536313,0.9882903981264637,-0.011778699192612763,198.47723486904425,2.7405886379192332,175.34193009864734
2021-10-26,215.65003080714726,0.0,1.0,0.0,200.82886087460165,2.7433264887063653,177.38485740941442
2021-10-27,215.65003080714726,0.016666666666666607,1.0166666666666666,0.016529301951210506,200.82886087460165,2.746064339493498,177.3502804413287
2021-10-28,212.11478440047273,0.009615384615384581,1.0096153846153846,0.009569451016150672,197.5365844668213,2.74880219028063,174.4088952916744
2021-10-29,210.0946435966587,0.0,1.0,0.0,195.65528366237538,2.751540041067762,172.7141850985202
2021-10-31,210.0946435966587,0.0,1.0,0.0,195.65528366237538,2.757015742642026,172.6468585982764
2021-11-01,210.0946435966587,-0.00952380952380949,0.9904761904761905,-0.009569451016150672,195.65528366237538,2.759753593429158,172.61320519061223
2021-11-02,212.11478440047273,0.007194244604316502,1.0071942446043165,0.007168489478612497,197.5365844668213,2.7624914442162902,174.23897717310123
2021-11-03,210.5996787976122,-0.025700934579439227,0.9742990654205608,-0.02603697378299532,196.12560886348686,2.7652292950034223,172.96069189528006
2021-11-04,216.15506600810076,-0.0046511627906977715,0.9953488372093022,-0.004662013105811413,201.29918607571312,2.7679671457905544,177.48860021601075
2021-11-05,217.1651364100078,0.0,1.0,0.0,202.23983647793608,2.7707049965776864,178.2832273389314
2021-11-07,217.1651364100078,0.0,1.0,0.0,202.23983647793608,2.7761806981519506,178.21372994506038
2021-11-08,217.1651364100078,0.009389671361502261,1.0093896713615023,0.009345862418237599,202.23983647793608,2.7789185489390826,178.17899140794546
2021-11-09,215.14499560619376,0.021582733812949728,1.0215827338129497,0.02135312447056906,200.35853567349017,2.7816563997262147,176.4871037386347
2021-11-10,210.5996787976122,0.017073170731707332,1.0170731707317073,0.016929062100447975,196.12560886348686,2.784394250513347,172.72482778534217
2021-11-11,207.06443239093767,-0.014423076923076872,0.9855769230769231,-0.014528100562909744,192.8333324557065,2.7871321013004793,169.79226681910916
2021-11-12,210.0946435966587,0.0,1.0,0.0,195.65528366237538,2.7898699520876113,172.2434503807015
2021-11-14,210.0946435966587,-0.004784688995215225,0.9952153110047848,-0.004796172263492944,195.65528366237538,2.7953456536618755,172.17630737969418
2021-11-15,211.1047139985657,0.012106537530266248,1.0121065375302662,0.012033839563723463,196.59593406459834,2.7980835044490076,172.9703550491245
2021-11-16,208.57953799379817,-0.0024154589371980784,0.9975845410628019,-0.002418380864281638,194.24430805904092,2.8008213552361396,170.8680185047547
2021-11-17,209.08457319475167,0.009756097560975396,1.0097560975609754,0.009708814126960685,194.7146332601524,2.8035592060232717,171.24835520982168
2021-11-18,207.06443239093767,-0.021479713603818507,0.9785202863961815,-0.021713760223784132,192.8333324557065,2.8062970568104038,169.56072344674644
2021-11-19,211.6097491995192,0.0,1.0,0.0,197.0662592657098,2.809034907597536,173.249010740743
2021-11-21,211.6097491995192,-0.041189931350114395,0.9588100686498856,-0.042062275173452394,197.0662592657098,2.8145106091718,173.18147575768864
2021-11-22,220.70038281668232,0.016279069767441756,1.0162790697674418,0.01614798640798194,205.53211288571643,2.817248459958932,180.58604493266233
2021-11-23,217.1651364100078,0.014150943396226578,1.0141509433962266,0.014051753455650507,202.23983647793608,2.8199863107460645,177.6587251869298
2021-11-24,214.13492520428673,0.00952380952380949,1.0095238095238095,0.009478743954543739,199.41788527126718,2.8227241615331966,175.1456190929393
2021-11-25,212.11478440047273,0.021897810218978186,1.0218978102189782,0.021661496781179467,197.5365844668213,2.8254620123203287,173.45948352998175
2021-11-26,207.56946759189117,0.0,1.0,0.0,193.303657656818,2.8281998631074607,169.70940732636512
2021-11-28,207.56946759189117,0.02493765586034913,1.0249376558603491,0.02463178718966542,193.303657656818,2.833675564681725,169.64325213217992
2021-11-29,202.5191155823561,0.0255754475703327,1.0255754475703327,0.02525386732120363,188.6004056457032,2.836413415468857,165.48341573413882
2021-11-30,197.46876357282102,-0.027363184079602032,0.972636815920398,-0.027744528633655334,183.8971536345884,2.839151266255989,161.3251946130516
2021-12-01,203.0241507833096,-0.021897810218978075,0.9781021897810219,-0.022141125877213518,189.07073084681466,2.841889117043121,165.83142387269592
2021-12-02,207.56946759189117,-0.0024271844660194164,0.9975728155339806,-0.002430134853291782,193.303657656818,2.844626967830253,169.51101909852622
2021-12-03,208.07450279284467,0.0,1.0,0.0,193.77398285792947,2.847364818617385,169.89033212340658
2021-12-05,208.07450279284467,-0.002421307506053294,0.9975786924939467,-0.0024242436115063915,193.77398285792947,2.8528405201916494,169.82410640210526
2021-12-06,208.57953799379817,-0.004819277108433773,0.9951807228915662,-0.00483092726966558,194.24430805904092,2.855578370978782,170.20311730848215
2021-12-07,209.5896083957052,0.0,1.0,0.0,195.1849584612639,2.858316221765914,170.99400775745008
2021-12-08,209.5896083957052,0.0024154589371980784,1.002415458937198,0.002412546405383926,195.1849584612639,2.861054072553046,170.9606765338303
2021-12-09,209.08457319475167,-0.002409638554216942,0.9975903614457831,-0.0024125464053839896,194.7146332601524,2.863791923340178,170.51547867045633
2021-12-10,209.5896083957052,0.0,1.0,0.0,195.1849584612639,2.86652977412731,170.89403357671725
2021-12-12,209.5896083957052,-0.007177033492822837,0.9928229665071772,-0.007202912294057885,195.1849584612639,2.8720054757015743,170.82741659799774
2021-12-13,211.1047139985657,-0.009478672985781977,0.990521327014218,-0.009523881511255479,196.59593406459834,2.8747433264887063,172.02877412096623
2021-12-14,213.12485480237973,0.009569377990430672,1.0095693779904307,0.009523881511255541,198.47723486904425,2.8774811772758384,173.64112866974455
2021-12-15,211.1047139985657,-0.0023866348448686736,0.9976133651551313,-0.0023894873973813557,196.59593406459834,2.8802190280629705,171.9617148038859
2021-12-16,211.6097491995192,0.0,1.0,0.0,197.0662592657098,2.8829568788501025,172.33950641991316
2021-12-17,211.6097491995192,0.0,1.0,0.0,197.0662592657098,2.8856947296372346,172.30591292326181
2021-12-19,211.6097491995192,0.02195121951219492,1.021951219512195,0.021713760223784045,197.0662592657098,2.891170431211499,172.23874557344732
2021-12-20,207.06443239093767,0.0,1.0,0.0,192.8333324557065,2.8939082819986313,168.50625394813835
2021-12-21,207.06443239093767,-0.007263922518159771,0.9927360774818402,-0.007290433262679232,192.8333324557065,2.8966461327857633,168.47340765308195
2021-12-22,208.57953799379817,-0.011961722488038284,0.9880382775119617,-0.012033839563723565,194.24430805904092,2.8993839835728954,169.67305971985536
2021-12-23,211.1047139985657,-0.030162412993039456,0.9698375870069605,-0.03062665757899149,196.59593406459834,2.9021218343600275,171.6937388406511
2021-12-24,217.6701716109613,0.0,1.0,0.0,202.71016167904756,2.9048596851471595,176.99898779013947
2021-12-26,217.6701716109613,0.00936768149882905,1.009367681498829,0.009324076875123244,202.71016167904756,2.9103353867214237,176.92999101151466
2021-12-27,215.65003080714726,-0.002336448598130758,0.9976635514018692,-0.002339182353172155,200.82886087460165,2.9130732375085557,175.25378110597165
2021-12-28,216.15506600810076,0.009433962264151052,1.009433962264151,0.009389740349839137,201.29918607571312,2.915811088295688,175.62996993768522
2021-12-29,214.13492520428673,0.014354066985645897,1.014354066985646,0.014252022707201413,199.41788527126718,2.91854893908282,173.95465340734512
2021-12-30,211.1047139985657,-0.0071258907363420665,0.9928741092636579,-0.007151401157625128,196.59593406459834,2.921286789869952,171.45960245711908
2022-01-03,212.61981960142623,0.0023809523809523725,1.0023809523809524,0.0023781224049674193,198.00690966793277,2.9322381930184807,172.55556572726474
2022-01-04,212.11478440047273,-0.016393442622950727,0.9836065573770493,-0.01652930195121047,197.5365844668213,2.9349760438056127,172.11213930710508
2022-01-05,215.65003080714726,-0.002336448598130758,0.9976635514018692,-0.002339182353172155,200.82886087460165,2.937713894592745,174.9465666324475
2022-01-06,216.15506600810076,-0.0046511627906977715,0.9953488372093022,-0.004662013105811413,201.29918607571312,2.940451745379877,175.3220960167406
2022-01-07,217.1651364100078,0.0,1.0,0.0,202.23983647793608,2.943189596167009,176.10702357024343
2022-01-09,217.1651364100078,0.026252983293556076,1.026252983293556,0.025914288765470368,202.23983647793608,2.948665297741273,176.0383744922388
2022-01-10,211.6097491995192,-0.004750593824228155,0.9952494061757718,-0.004761913760243814,197.0662592657098,2.951403148528405,171.50163054746162
2022-01-11,212.61981960142623,-0.004728132387706752,0.9952718676122932,-0.0047393453638964475,198.00690966793277,2.954140999315537,172.2866643384293
2022-01-12,213.62989000333323,0.0071428571428571175,1.0071428571428571,0.007117467768863955,198.94756007015573,2.9568788501026693,173.07138556556546
2022-01-13,212.11478440047273,0.004784688995215447,1.0047846889952154,0.004773278752657812,197.5365844668213,2.9596167008898013,171.8104320347674
2022-01-14,211.1047139985657,0.0,1.0,0.0,196.59593406459834,2.9623545516769334,170.95895623209373
2022-01-16,211.1047139985657,0.019512195121951015,1.019512195121951,0.019324272826402623,196.59593406459834,2.967830253251198,170.8923139455793
2022-01-17,207.06443239093767,0.012345679012345734,1.0123456790123457,0.012270092591814401,192.8333324557065,2.97056810403833,167.58897378791724
2022-01-18,204.5392563861701,0.009975062344139474,1.0099750623441395,0.00992563979996978,190.4817064501491,2.973305954825462,165.5129367058966
2022-01-19,202.5191155823561,-0.007425742574257321,0.9925742574257427,-0.007453450654580779,188.6004056457032,2.976043805612594,163.84629686095195
2022-01-20,204.0342211852166,0.010000000000000009,1.01,0.009950330853168092,190.0113812490376,2.9787816563997263,165.03990274620895
2022-01-21,202.01408038140258,0.0,1.0,0.0,188.1300804445917,2.9815195071868583,163.37399221193328
2022-01-23,202.01408038140258,0.015228426395939021,1.015228426395939,0.015113637810048106,188.1300804445917,2.9869952087611225,163.31030665466298
2022-01-24,198.98386917568155,0.01285347043701801,1.012853470437018,0.01277156567948754,185.30812923792283,2.9897330595482545,160.82929608842304
2022-01-25,196.45869317091402,0.023684210526315752,1.0236842105263158,0.023408090898014804,182.95650323236543,2.9924709103353866,158.75736316006768
2022-01-26,191.91337636233246,0.018766756032171594,1.0187667560321716,0.018592833076615925,178.72357642236213,2.9952087611225187,155.0540836204683
2022-01-27,188.37812995565793,-0.0158311345646438,0.9841688654353562,-0.015957785438610806,175.43130001458178,2.9979466119096507,152.16815683163313
2022-01-28,191.40834116137896,-0.010443864229765065,0.9895561357702349,-0.010498784098219695,178.25325122125065,3.0006844626967832,154.58576328114017
2022-02-03,193.428481965193,0.007894736842105399,1.0078947368421054,0.007863736460214672,180.13455202569656,3.0171115674195756,156.03465920465337
2022-02-04,191.91337636233246,0.0,1.0,0.0,178.72357642236213,3.0198494182067077,154.78227859368587
2022-02-06,191.91337636233246,0.018766756032171594,1.0187667560321716,0.018592833076615925,178.72357642236213,3.025325119780972,154.72194221128896
2022-02-07,188.37812995565793,0.01084010840108407,1.010840108401084,0.010781775603288413,175.43130001458178,3.028062970568104,151.84219736728264
2022-02-08,186.3579891518439,-0.002702702702702675,0.9972972972972973,-0.002706361597742914,173.54999921013587,3.030800821355236,150.18458218352848
2022-02-09,186.8630243527974,-0.0026954177897573484,0.9973045822102427,-0.0026990569691649467,174.02032441124732,3.033538672142368,150.562232215489
2022-02-10,187.3680595537509,0.013661202185792254,1.0136612021857923,0.013568729206068796,174.4906496123588,3.0362765229295,150.93972931317666
2022-02-11,184.84288354898337,0.0,1.0,0.0,172.1390236068014,3.0390143737166326,148.87647556183396
2022-02-13,184.84288354898337,0.03682719546742219,1.0368271954674222,0.03616527646806957,172.1390236068014,3.0444900752908968,148.81844134731656
2022-02-14,178.27742593658778,-0.02216066481994461,0.9778393351800554,-0.022409901399584164,166.02479599235218,3.047227926078029,143.50456216283908
2022-02-15,182.31770754421584,-0.008241758241758323,0.9917582417582417,-0.008275909303859822,169.787397601244,3.049965776865161,146.72818344724604
2022-02-16,183.83281314707637,-0.008174386920980825,0.9918256130790192,-0.008207980417829509,171.19837320457847,3.052703627652293,147.9186923721441
2022-02-17,185.34791874993687,0.0,1.0,0.0,172.60934880791288,3.055441478439425,149.10873159900027
2022-02-18,185.34791874993687,0.0,1.0,0.0,172.60934880791288,3.058179329226557,149.0796663905654
2022-02-20,185.34791874993687,-0.008108108108108136,0.9918918918918919,-0.008141157583699885,172.60934880791288,3.0636550308008212,149.02155296930897
2022-02-21,186.8630243527974,0.019283746556473913,1.019283746556474,0.01910017137341943,174.02032441124732,3.0663928815879533,150.21042713646648
2022-02-22,183.32777794612284,0.005540166204986097,1.005540166204986,0.005524875931969807,170.72804800346697,3.0691307323750854,147.33988223201027
2022-02-23,182.31770754421584,0.043352601156069426,1.0433526011560694,0.04243918327515672,169.787397601244,3.0718685831622174,146.49953007322142
2022-02-24,174.74217952991324,-0.005747126436781547,0.9942528735632185,-0.005763704716750018,162.73251958457183,3.07460643394935,140.3849219376127
2022-02-25,175.75224993182024,0.0,1.0,0.0,163.6731699867948,3.077344284736482,141.16887258853373
2022-02-27,175.75224993182024,-0.005714285714285783,0.9942857142857142,-0.005730674708985095,163.6731699867948,3.082819986310746,141.11384290970724
2022-02-28,176.76232033372727,0.0,1.0,0.0,164.61382038901775,3.0855578370978782,141.89717712723566
2022-03-01,176.76232033372727,0.02639296187683282,1.0263929618768328,0.02605067719994255,164.61382038901775,3.0882956878850103,141.86951764019358
2022-03-02,172.2170035251457,-0.03943661971830981,0.9605633802816902,-0.04023531219189895,160.38089357901444,3.0910335386721424,138.19450133927657
2022-03-03,179.2874963384948,0.02898550724637672,1.0289855072463767,0.028573372444055948,166.96544639457514,3.0937713894592744,143.8401321945935
2022-03-04,174.23714432895974,0.0,1.0,0.0,162.26219438346035,3.0965092402464065,139.76104907388088
2022-03-06,174.23714432895974,0.02678571428571419,1.0267857142857142,0.02643325706815543,162.26219438346035,3.1019849418206706,139.70656818512714
2022-03-07,169.69182752037818,0.0,1.0,0.0,158.02926757345705,3.1047227926078027,136.03552694777892
2022-03-08,169.69182752037818,0.0,1.0,0.0,158.02926757345705,3.1074606433949348,136.00901005032503
2022-03-09,169.69182752037818,-0.005917159763313529,0.9940828402366865,-0.005934735519814466,158.02926757345705,3.1101984941820673,135.982498321711
2022-03-10,170.70189792228518,0.0,1.0,0.0,158.96991797567998,3.1129363449691994,136.76525361664903
2022-03-11,170.70189792228518,0.0,1.0,0.0,158.96991797567998,3.1156741957563314,136.73859447629962
2022-03-13,170.70189792228518,0.02735562310030404,1.027355623100304,0.026988144717646975,158.96991797567998,3.1211498973305956,136.685291784288
2022-03-14,166.15658111370362,0.009202453987730008,1.00920245398773,0.009160369398664195,154.73699116567667,3.1238877481177276,133.0198084848149
2022-03-15,164.64147551084312,-0.029761904761904767,0.9702380952380952,-0.030213778596496595,153.32601556234226,3.1266255989048597,131.78116928332443
2022-03-16,169.69182752037818,-0.0029673590504450953,0.9970326409495549,-0.0029717703891574817,158.02926757345705,3.1293634496919918,135.7970608643192
2022-03-17,170.19686272133168,-0.014619883040935644,0.9853801169590644,-0.014727806710243398,158.49959277456853,3.132101300479124,136.17466958841334
2022-03-18,172.7220387260992,0.0,1.0,0.0,160.85121878012592,3.134839151266256,138.16812743143666
2022-03-20,172.7220387260992,0.014836795252225476,1.0148367952522255,0.014727806710243386,160.85121878012592,3.14031485284052,138.11426748669678
2022-03-21,170.19686272133168,-0.028818443804034533,0.9711815561959655,-0.029241849594497417,158.49959277456853,3.143052703627652,136.06852454910205
2022-03-22,175.24721473086674,-0.014204545454545414,0.9857954545454546,-0.014306395651237858,163.2028447856833,3.1457905544147846,140.07885585514384
2022-03-23,177.77239073563427,0.0,1.0,0.0,165.5544707912407,3.1485284052019167,142.0695846799747
2022-03-24,177.77239073563427,0.011494252873563315,1.0114942528735633,0.01142869582362285,165.5544707912407,3.1512662559890487,142.04189158617194
2022-03-25,175.75224993182024,0.0,1.0,0.0,163.6731699867948,3.154004106776181,140.40040611899784
2022-03-27,175.75224993182024,-0.002865329512893977,0.997134670487106,-0.00286944242795282,163.6731699867948,3.159479808350445,140.34567599957302
2022-03-28,176.25728513277375,-0.011331444759206777,0.9886685552407932,-0.011396134730869582,164.14349518790624,3.162217659137577,140.72153250102895
2022-03-29,178.27742593658778,-0.024861878453038666,0.9751381215469613,-0.02517615489247428,166.02479599235218,3.164955509924709,142.30664203104823
2022-03-30,182.82274274516934,0.0027700831024930483,1.002770083102493,0.00276625349289011,170.2577228023555,3.167693360711841,145.90641016354624
2022-03-31,182.31770754421584,0.014044943820224809,1.0140449438202248,0.013947227480850552,169.787397601244,3.1704312114989732,145.47499135628328
2022-04-01,179.7925315394483,0.0,1.0,0.0,167.43577159568662,3.1731690622861053,143.4321381371188
2022-04-03,179.7925315394483,0.0,1.0,0.0,167.43577159568662,3.1786447638603694,143.37622620447846
2022-04-04,179.7925315394483,-0.005586592178770888,0.9944134078212291,-0.005602255548669787,167.43577159568662,3.1813826146475015,143.34827841192097
2022-04-05,180.8026019413553,-0.005555555555555647,0.9944444444444444,-0.005571045049455472,168.37642199790957,3.184120465434634,144.1255064944657
2022-04-06,181.81267234326234,0.008403361344537785,1.0084033613445378,0.00836824967051658,169.31707240013253,3.186858316221766,144.90242612597595
2022-04-07,180.2975667404018,0.011331444759206777,1.0113314447592068,0.011267724846342288,167.9060967967981,3.189596167008898,143.6668959966569
2022-04-08,178.27742593658778,0.0,1.0,0.0,166.02479599235218,3.19233401779603,142.02949219988074
2022-04-10,178.27742593658778,-0.016713091922005652,0.9832869080779943,-0.01685433155498219,166.02479599235218,3.1978097193702943,141.9741270390182
2022-04-11,181.30763714230883,0.008426966292134797,1.0084269662921348,0.00839165763624838,168.84674719902105,3.2005475701574264,144.3591401312117
2022-04-12,179.7925315394483,-0.016574585635359074,0.9834254143646409,-0.016713480973740556,167.43577159568662,3.2032854209445585,143.12489210160592
2022-04-13,182.82274274516934,0.019718309859154903,1.019718309859155,0.019526422350355236,170.2577228023555,3.2060232717316905,145.508740378768
2022-04-14,179.2874963384948,0.0028248587570620654,1.002824858757062,0.0028208763416412634,166.96544639457514,3.2087611225188226,142.6672204437293
2022-04-15,178.7824611375413,0.0,1.0,0.0,166.49512119346366,3.2114989733059547,142.23760969767994
2022-04-17,178.7824611375413,-0.008403361344537674,0.9915966386554623,-0.008438868645864484,166.49512119346366,3.216974674880219,142.18216340959117
2022-04-18,180.2975667404018,-0.013812154696132617,0.9861878453038674,-0.013908430046132,167.9060967967981,3.2197125256673513,143.35914708624736
2022-04-19,182.82274274516934,-0.010928961748633892,0.9890710382513661,-0.010989121575595206,170.2577228023555,3.2224503764544834,145.3386424355037
2022-04-20,184.84288354898337,0.0,1.0,0.0,172.1390236068014,3.2251882272416155,146.91595092439275
2022-04-21,184.84288354898337,0.016666666666666607,1.0166666666666666,0.016529301951210506,172.1390236068014,3.2279260780287475,146.8873131465092
2022-04-22,181.81267234326234,-0.010989010989011061,0.9890109890109889,-0.011049836186585046,169.31707240013253,3.2306639288158796,144.4511615910303
2022-04-25,183.83281314707637,-0.0267379679144385,0.9732620320855615,-0.02710192977779127,171.19837320457847,3.238877481177276,145.97078059065365
2022-04-26,188.88316515661143,0.0,1.0,0.0,175.90162521569326,3.241615331964408,149.95173164061626
2022-04-27,188.88316515661143,-0.007957559681697535,0.9920424403183025,-0.00798939003347875,175.90162521569326,3.24435318275154,149.92250210933014
2022-04-28,190.39827075947193,0.013440860215053752,1.0134408602150538,0.013351333174864196,177.31260081902767,3.247091033538672,151.09563077518467
2022-04-29,187.8730947547044,0.0,1.0,0.0,174.96097481347027,3.249828884325804,149.06264805215562
2022-05-01,187.8730947547044,-0.005347593582887833,0.9946524064171122,-0.005361943141385511,174.96097481347027,3.2553045859000687,149.0045412648949
2022-05-02,188.88316515661143,0.019073569482289,1.019073569482289,0.018893949359961828,175.90162521569326,3.2580424366872007,149.7764398947418
2022-05-03,185.34791874993687,-0.0027173913043478937,0.9972826086956521,-0.0027210901143607247,172.60934880791288,3.260780287474333,146.9444886187129
2022-05-04,185.8529539508904,0.0,1.0,0.0,173.0796740090244,3.263518138261465,147.31616093279183
2022-05-05,185.8529539508904,0.008219178082191858,1.0082191780821919,0.008185584586439502,173.0796740090244,3.266255989048597,147.28744514346533
2022-05-06,184.33784834802987,0.005509641873278293,1.0055096418732783,0.00549451931764078,171.66869840568992,3.268993839835729,146.0582561340602
2022-05-09,183.32777794612284,0.005540166204986097,1.005540166204986,0.005524875931969807,170.72804800346697,3.277207392197125,145.1730097168511
2022-05-10,182.31770754421584,-0.013661202185792365,0.9863387978142076,-0.013755375068485344,169.787397601244,3.2799452429842573,144.34501630281184
2022-05-11,184.84288354898337,0.013850415512465464,1.0138504155124655,0.013755375068485419,172.1390236068014,3.2826830937713893,146.31572841647585
2022-05-12,182.31770754421584,-0.03217158176943702,0.967828418230563,-0.032700461310934646,169.787397601244,3.2854209445585214,144.28874851699123
2022-05-13,188.37812995565793,0.0,1.0,0.0,175.43130001458178,3.2881587953456535,149.05598981440426
2022-05-15,188.37812995565793,0.013586956521739024,1.013586956521739,0.013495481474884509,175.43130001458178,3.293634496919918,148.9978856226214
2022-05-16,185.8529539508904,-0.008086253369272156,0.9919137466307278,-0.008119124438504129,173.0796740090244,3.29637234770705,146.97194065340545
2022-05-17,187.3680595537509,0.0,1.0,0.0,174.4906496123588,3.299110198494182,148.14119923307956
2022-05-18,187.3680595537509,0.019230769230769162,1.0192307692307692,0.01904819497069441,174.4906496123588,3.3018480492813143,148.112322622117
2022-05-19,183.83281314707637,-0.024128686327077764,0.9758713136729222,-0.0244245520070749,171.19837320457847,3.3045859000684463,145.28942425053114
2022-05-20,188.37812995565793,-0.007978723404255206,0.9920212765957448,-0.00801072374607886,175.43130001458178,3.3073237508555784,148.85272421698298
2022-05-23,189.89323555851843,0.016216216216216273,1.0162162162162163,0.016086137751624444,176.8422756179162,3.3155373032169746,149.96220219823425
2022-05-24,186.8630243527974,0.008174386920980936,1.008174386920981,0.008141157583699866,174.02032441124732,3.3182751540041067,147.54042322235566
2022-05-25,185.34791874993687,-0.0027173913043478937,0.9972826086956521,-0.0027210901143607247,172.60934880791288,3.3210130047912387,146.31562320178236
2022-05-26,185.8529539508904,-0.008086253369272156,0.9919137466307278,-0.008119124438504129,173.0796740090244,3.323750855578371,146.68570490251506
2022-05-27,187.3680595537509,-0.010666666666666713,0.9893333333333333,-0.010723963362975724,174.4906496123588,3.326488706365503,147.85268628828362
2022-05-30,189.38820035756493,-0.01055408970976257,0.9894459102902374,-0.010610179112015571,176.37195041680474,3.3347022587268995,149.359409054007
2022-05-31,191.40834116137896,0.0,1.0,0.0,178.25325122125065,3.3374401095140316,150.923151461759
2022-06-01,191.40834116137896,0.010666666666666602,1.0106666666666666,0.010610179112015469,178.25325122125065,3.3401779603011637,150.89373257523343
2022-06-02,189.38820035756493,0.002673796791443861,1.0026737967914439,0.002670228555878892,176.37195041680474,3.3429158110882957,149.2720838620266
2022-06-03,188.88316515661143,0.0,1.0,0.0,175.90162521569326,3.345653661875428,148.84500551377968
2022-06-06,188.88316515661143,0.019073569482289,1.019073569482289,0.018893949359961828,175.90162521569326,3.353867214236824,148.75798107545245
2022-06-07,185.34791874993687,0.002732240437158362,1.0027322404371584,0.002728514653203914,172.60934880791288,3.356605065023956,145.9452866715651
2022-06-08,184.84288354898337,0.002739726027397138,1.0027397260273971,0.002735979818874624,172.1390236068014,3.359342915811088,145.5192445373313
2022-06-09,184.33784834802987,-0.01084010840108407,0.9891598915989159,-0.010899290458035742,171.66869840568992,3.36208076659822,145.09336295132957
2022-06-10,186.3579891518439,0.0,1.0,0.0,173.54999921013587,3.3648186173853527,146.6548347499485
2022-06-12,186.3579891518439,0.05428571428571427,1.0542857142857143,0.05286348955706781,173.54999921013587,3.370294318959617,146.59766656331743
2022-06-13,176.76232033372727,0.020408163265306145,1.0204081632653061,0.02020270731751947,164.61382038901775,3.373032169746749,139.02217287153303
2022-06-14,173.22707392705271,-0.014367816091954033,0.985632183908046,-0.014472032608534432,161.32154398123737,3.375770020533881,136.21517232237147
2022-06-15,175.75224993182024,0.005780346820809079,1.005780346820809,0.005763704716749913,163.6731699867948,3.378507871321013,138.17387726456482
2022-06-16,174.74217952991324,0.01764705882352935,1.0176470588235293,0.01749315744751712,162.73251958457183,3.381245722108145,137.3529955950496
2022-06-17,171.7119683241922,0.0,1.0,0.0,159.91056837790296,3.383983572895277,134.94484231803216
2022-06-19,171.7119683241922,-0.0029325513196480912,0.9970674486803519,-0.0029368596733097135,159.91056837790296,3.3894592744695413,134.89223885668912
2022-06-20,172.2170035251457,-0.011594202898550732,0.9884057971014493,-0.011661939747842975,160.38089357901444,3.3921971252566734,135.26260935969182
2022-06-21,174.23714432895974,0.00583090379008766,1.0058309037900877,0.005813969865420037,162.26219438346035,3.3949349760438055,136.82259201713038
2022-06-22,173.22707392705271,0.0029239766081869956,1.002923976608187,0.0029197101033346246,161.32154398123737,3.3976728268309375,136.00290186407844
2022-06-23,172.7220387260992,-0.011560693641618491,0.9884393063583815,-0.011628037995119099,160.85121878012592,3.40041067761807,135.5799586983374
2022-06-24,174.74217952991324,-0.05464480874316935,0.9453551912568307,-0.05619455834364194,162.73251958457183,3.403148528405202,137.13895201366438
2022-06-27,184.84288354898337,-0.016129032258064502,0.9838709677419355,-0.01626052087178029,172.1390236068014,3.4113620807665983,144.9812440451938
2022-06-28,187.8730947547044,0.05982905982905984,1.0598290598290598,0.058107630807280757,174.96097481347027,3.4140999315537304,147.32926180877053
2022-06-29,177.26735553468077,-0.027700831024930705,0.9722991689750693,-0.028091734867015068,165.08414559012922,3.4168377823408624,138.9851902055765
2022-06-30,182.31770754421584,0.002777777777777768,1.0027777777777778,0.0027739268827252244,169.787397601244,3.4195756331279945,142.9170185219378
2022-07-01,181.81267234326234,0.0,1.0,0.0,169.31707240013253,3.4223134839151266,142.49334539270657
2022-07-03,181.81267234326234,0.011235955056179803,1.0112359550561798,0.011173300598125255,169.31707240013253,3.4277891854893907,142.43779941512605
2022-07-04,179.7925315394483,0.0028169014084507005,1.0028169014084507,0.0028129413766146577,167.43577159568662,3.430527036276523,140.82770082941505
2022-07-05,179.2874963384948,0.02898550724637672,1.0289855072463767,0.028573372444055948,166.96544639457514,3.433264887063655,140.40474349170046
2022-07-06,174.23714432895974,-0.014285714285714235,0.9857142857142858,-0.014388737452099556,162.26219438346035,3.436002737850787,136.42308266793137
2022-07-07,176.76232033372727,-0.016853932584269593,0.9831460674157304,-0.01699757636857102,164.61382038901775,3.4387405886379194,138.3732509535962
2022-07-08,179.7925315394483,0.0,1.0,0.0,167.43577159568662,3.4414784394250515,140.71792885871125
2022-07-10,179.7925315394483,-0.005586592178770888,0.9944134078212291,-0.005602255548669787,167.43577159568662,3.4469541409993156,140.66307496430642
2022-07-11,180.8026019413553,0.0,1.0,0.0,168.37642199790957,3.4496919917864477,141.42574399145158
2022-07-12,180.8026019413553,-0.02452316076294281,0.9754768392370572,-0.024828861653869997,168.37642199790957,3.4524298425735798,141.3981763991108
2022-07-13,185.34791874993687,0.005479452054794498,1.0054794520547945,0.005464494472078745,172.60934880791288,3.455167693360712,144.92462403411557
2022-07-14,184.33784834802987,-0.00544959128065392,0.9945504087193461,-0.0054644944720787375,171.66869840568992,3.457905544147844,144.1067483995217
2022-07-15,185.34791874993687,-0.010781671159029727,0.9892183288409703,-0.010840214552864946,172.60934880791288,3.460643394934976,144.86813030877505
2022-07-18,187.3680595537509,-0.01591511936339518,0.9840848806366048,-0.016043124840575577,174.4906496123588,3.468856947296372,146.36145205589773
2022-07-19,190.39827075947193,-0.002645502645502784,0.9973544973544972,-0.0026490081715770646,177.31260081902767,3.4715947980835042,148.699492537418
2022-07-20,190.90330596042546,0.0,1.0,0.0,177.78292602013917,3.4743326488706368,149.06485857814567
2022-07-21,190.90330596042546,-0.010471204188481686,0.9895287958115183,-0.010526412986987504,177.78292602013917,3.477070499657769,149.03580192171495
2022-07-22,192.9234467642395,-0.025510204081632626,0.9744897959183674,-0.025841231183887328,179.66422682458509,3.479808350444901,150.58354194431354
2022-07-25,197.97379877377455,0.0,1.0,0.0,184.36747883569987,3.488021902806297,154.43517384711987
2022-07-26,197.97379877377455,0.0,1.0,0.0,184.36747883569987,3.490759753593429,154.4050703751809
2022-07-27,197.97379877377455,0.00512820512820511,1.005128205128205,0.005115100666770409,184.36747883569987,3.4934976043805612,154.37497277119934
2022-07-28,196.96372837186752,-0.005102040816326592,0.9948979591836734,-0.005115100666770489,183.4268284334769,3.4962354551676933,153.55740715120464
2022-07-29,197.97379877377455,0.0,1.0,0.0,184.36747883569987,3.4989733059548254,154.3147951625334
2022-08-01,197.97379877377455,-0.0025445292620864812,0.9974554707379135,-0.0025477720787986644,184.36747883569987,3.5071868583162216,154.22457273062682
2022-08-02,198.47883397472805,-0.0025380710659898,0.9974619289340102,-0.0025412974286725325,184.83780403681135,3.509924709103354,154.58786365300583
2022-08-03,198.98386917568155,0.0025445292620864812,1.0025445292620865,0.002541297428672548,185.30812923792283,3.512662559890486,154.95100708554278
2022-08-04,198.47883397472805,0.010282776349614497,1.0102827763496145,0.010230268250815043,184.83780403681135,3.515400410677618,154.5276030563792
2022-08-05,196.45869317091402,-0.007653061224489832,0.9923469387755102,-0.007682496172016282,182.95650323236543,3.5181382614647503,152.92498811649017
2022-08-08,197.97379877377455,0.012919896640826822,1.0129198966408268,0.012837146760680682,184.36747883569987,3.5263518138261465,154.0142588079716
2022-08-09,195.44862276900702,0.0051948051948051965,1.0051948051948052,0.0051813587419975845,182.01585283014248,3.5290896646132786,152.020152722927
2022-08-10,194.4385523671,-0.002590673575129543,0.9974093264248705,-0.0025940351770466466,181.07520242791952,3.5318275154004106,151.20503927851584
2022-08-11,194.9435875680535,-0.015306122448979664,0.9846938775510203,-0.015424470325631752,181.54552762903097,3.5345653661875427,151.56822925100013
2022-08-12,197.97379877377455,0.0,1.0,0.0,184.36747883569987,3.5373032169746748,153.89420821702774
2022-08-15,197.97379877377455,-0.007594936708860689,0.9924050632911393,-0.007623925110659259,184.36747883569987,3.5455167693360714,153.80423168751184
2022-08-16,199.48890437663505,0.03947368421052633,1.0394736842105263,0.03871451218069043,185.7784544390343,3.5482546201232035,154.95109496197767
2022-08-17,191.91337636233246,0.021505376344086002,1.021505376344086,0.02127739844728488,178.72357642236213,3.5509924709103355,149.03781911624162
2022-08-18,187.8730947547044,-0.021052631578947434,0.9789473684210526,-0.021277398447284965,174.96097481347027,3.5537303216974676,145.87174104144887
2022-08-19,191.91337636233246,0.0,1.0,0.0,178.72357642236213,3.5564681724845997,148.97972200766108
2022-08-21,191.91337636233246,0.005291005291005124,1.0052910052910051,0.005277057100843599,178.72357642236213,3.561943874058864,148.92164754617812
2022-08-22,190.90330596042546,0.0,1.0,0.0,177.78292602013917,3.564681724845996,148.1089734432059
2022-08-23,190.90330596042546,0.005319148936170359,1.0053191489361704,0.005305052229693319,177.78292602013917,3.567419575633128,148.08010311389626
2022-08-24,189.89323555851843,-0.02083333333333337,0.9791666666666666,-0.02105340919783238,176.8422756179162,3.57015742642026,147.26789852639345
2022-08-25,193.9335171661465,-0.007751937984496138,0.9922480620155039,-0.007782140442054963,180.60487722680804,3.572895277207392,150.37194091371336
2022-08-26,195.44862276900702,0.0,1.0,0.0,182.01585283014248,3.575633127994524,151.51718126535695
2022-08-28,195.44862276900702,0.02652519893899208,1.026525198938992,0.026179505581771078,182.01585283014248,3.5811088295687883,151.45811766536616
2022-08-29,190.39827075947193,-0.03580562659846542,0.9641943734015346,-0.03646237253735496,177.31260081902767,3.583846680355921,147.5157109210673
2022-08-30,197.46876357282102,-0.0025510204081633514,0.9974489795918366,-0.0025542798050968538,183.8971536345884,3.586584531143053,152.96392543123272
2022-08-31,197.97379877377455,0.002557544757033403,1.0025575447570334,0.002554279805096922,184.36747883569987,3.589322381930185,153.3252445722458
2022-09-01,197.46876357282102,-0.0050890585241730735,0.9949109414758269,-0.00510205188389551,183.8971536345884,3.592060232717317,152.90429786933348
2022-09-02,198.47883397472805,0.0,1.0,0.0,184.83780403681135,3.594798083504449,153.65645952045097
2022-09-04,198.47883397472805,-0.01749999999999996,0.9825,-0.01765493523872071,184.83780403681135,3.600273785078713,153.59656199869582
2022-09-05,202.01408038140258,-0.004975124378109541,0.9950248756218905,-0.004987541511039162,188.1300804445917,3.6030116358658453,156.3019053376427
2022-09-06,203.0241507833096,-0.004950495049504844,0.9950495049504952,-0.004962789342128902,189.07073084681466,3.6057494866529773,157.05279518065623
2022-09-07,204.0342211852166,0.010000000000000009,1.01,0.009950330853168092,190.0113812490376,3.6084873374401094,157.8033863484754
2022-09-08,202.01408038140258,0.0,1.0,0.0,188.1300804445917,3.6112251882272415,156.21052111232368
2022-09-12,202.01408038140258,-0.0024937655860349794,0.997506234413965,-0.002496880198587266,188.1300804445917,3.62217659137577,156.08875858516336
2022-09-13,202.5191155823561,0.010075566750629816,1.0100755667506298,0.010025146619378865,188.6004056457032,3.6249144421629023,156.44847861808947
2022-09-14,200.49897477854208,0.002525252525252597,1.0025252525252526,0.002522069432709939,186.71910484125726,3.6276522929500343,154.85770357098835
2022-09-15,199.99393957758858,-0.01492537313432829,0.9850746268656717,-0.015037877364540446,186.2487796401458,3.6303901437371664,154.43752398945946
2022-09-16,203.0241507833096,0.0,1.0,0.0,189.07073084681466,3.6331279945242985,156.74692642395263
2022-09-18,203.0241507833096,-0.002481389578163795,0.9975186104218362,-0.002484473327661945,189.07073084681466,3.6386036960985626,156.68582419326972
2022-09-19,203.5291859842631,0.015113350125944613,1.0151133501259446,0.015000281259492598,189.54105604792613,3.6413415468856947,157.0449717667053
2022-09-20,200.49897477854208,0.0076142131979695105,1.0076142131979695,0.007585371389256564,186.71910484125726,3.6440793976728267,154.6766768037475
2022-09-21,198.98386917568155,0.018087855297157507,1.0180878552971575,0.017926216268151895,185.30812923792283,3.646817248459959,153.47791270800062
2022-09-22,195.44862276900702,0.015748031496063186,1.0157480314960632,0.015625317903081033,182.01585283014248,3.649555099247091,150.7217624029254
2022-09-23,192.41841156328596,0.0,1.0,0.0,179.19390162347358,3.652292950034223,148.3560667604418
2022-09-25,192.41841156328596,0.043835616438356206,1.0438356164383562,0.0429020215442095,179.19390162347358,3.6577686516084875,148.29823540884078
2022-09-26,184.33784834802987,-0.01881720430107514,0.9811827956989249,-0.01899650069065492,171.66869840568992,3.6605065023956196,142.04279472021517
2022-09-27,187.8730947547044,0.0362116991643453,1.0362116991643453,0.035571465784867584,174.96097481347027,3.6632443531827517,144.73868424009393
2022-09-28,181.30763714230883,-0.011019283746556363,0.9889807162534436,-0.011080445776571794,168.84674719902105,3.6659822039698837,139.6533845211162
2022-09-29,183.32777794612284,0.028328611898017053,1.028328611898017,0.027934777331554066,170.72804800346697,3.668720054757016,141.18188566622084
2022-09-30,178.27742593658778,0.0,1.0,0.0,166.02479599235218,3.671457905544148,137.26581559151626
2022-10-03,178.27742593658778,-0.016713091922005652,0.9832869080779943,-0.01685433155498219,166.02479599235218,3.679671457905544,137.18556109817837
2022-10-04,181.30763714230883,0.01412429378531077,1.0141242937853108,0.014025475354504458,168.84674719902105,3.682409308692676,139.49013141745317
2022-10-05,178.7824611375413,-0.00561797752808979,0.9943820224719102,-0.005633817718255908,166.49512119346366,3.685147159479808,137.52056033120735
2022-10-06,179.7925315394483,0.014245014245014342,1.0142450142450143,0.014144507386164743,167.43577159568662,3.6878850102669403,138.27055483157991
2022-10-07,177.26735553468077,0.0,1.0,0.0,165.08414559012922,3.6906228610540723,136.30197864111756
2022-10-10,177.26735553468077,0.044642857142857206,1.0446428571428572,0.043675063502661635,165.08414559012922,3.698836413415469,136.22228766933662
2022-10-11,169.69182752037818,0.0,1.0,0.0,158.02926757345705,3.701574264202601,130.37540383879485
2022-10-12,169.69182752037818,0.021276595744680993,1.021276595744681,0.02105340919783248,158.02926757345705,3.704312114989733,130.34999024800965
2022-10-13,166.15658111370362,-0.014970059880239472,0.9850299401197605,-0.015083242211328476,154.73699116567667,3.707049965776865,127.60948616077161
2022-10-14,168.68175711847115,0.0,1.0,0.0,157.08861717123406,3.7097878165639973,129.52358758200035
2022-10-16,168.68175711847115,0.0,1.0,0.0,157.08861717123406,3.7152635181382614,129.4730974045668
2022-10-17,168.68175711847115,-0.005952380952381042,0.994047619047619,-0.005970166986503908,157.08861717123406,3.7180013689253935,129.44785969700652
2022-10-18,169.69182752037818,0.0,1.0,0.0,158.02926757345705,3.7207392197125255,130.19761269881232
2022-10-19,169.69182752037818,-0.0029673590504450953,0.9970326409495549,-0.0029717703891574817,158.02926757345705,3.7234770704996576,130.17223376419034
2022-10-20,170.19686272133168,0.008982035928143839,1.0089820359281438,0.008941937375661433,158.49959277456853,3.7262149212867897,130.5342016211625
2022-10-21,168.68175711847115,0.0,1.0,0.0,157.08861717123406,3.728952772073922,129.34695805209833
2022-10-23,168.68175711847115,0.034055727554179516,1.0340557275541795,0.033488669754043826,157.08861717123406,3.7344284736481863,129.29653672742333
2022-10-24,163.1263699079826,-0.006153846153846065,0.9938461538461539,-0.006172859107080856,151.9150399590078,3.7371663244353184,125.01389431103324
2022-10-25,164.1364403098896,0.012461059190030932,1.012461059190031,0.012384059199721402,152.85569036123076,3.7399041752224504,125.76345477172742
2022-10-26,162.1162995060756,-0.00925925925925919,0.9907407407407408,-0.009302392662313448,150.97438955678484,3.7426420260095825,124.19138398423821
2022-10-27,163.6314051089361,-0.012195121951219523,0.9878048780487805,-0.01227009259181436,152.38536516011928,3.7453798767967146,125.3276167168853
2022-10-28,165.65154591275012,0.0,1.0,0.0,154.2666659645652,3.7481177275838466,126.85013999922039
2022-10-30,165.65154591275012,-0.003039513677811523,0.9969604863221885,-0.0030441423812281325,154.2666659645652,3.753593429158111,126.80069197052077
2022-10-31,166.15658111370362,0.0,1.0,0.0,154.73699116567667,3.756331279945243,127.16248730444221
2022-11-01,166.15658111370362,-0.003030303030302939,0.9969696969696971,-0.003034903695153936,154.73699116567667,3.759069130732375,127.13769999548339
2022-11-02,166.66161631465712,0.01851851851851838,1.0185185185185184,0.0183491386681964,155.20731636678815,3.761806981519507,127.49927896964533
2022-11-03,163.6314051089361,-0.00613496932515345,0.9938650306748466,-0.006153865574378335,152.38536516011928,3.7645448323066395,125.15670917457817
2022-11-04,164.64147551084312,0.0,1.0,0.0,153.32601556234226,3.7672826830937716,125.90473452868781
2022-11-06,164.64147551084312,-0.03834808259587008,0.9616519174041299,-0.039102726013742484,153.32601556234226,3.7727583846680357,125.85565503278475
2022-11-07,171.20693312323868,-0.002941176470588336,0.9970588235294117,-0.0029455102297569146,159.44024317679145,3.7754962354551678,130.84892795662398
2022-11-08,171.7119683241922,0.002949852507374784,1.0029498525073748,0.0029455102297569658,159.91056837790296,3.7782340862423,131.20933186314764
2022-11-09,171.20693312323868,0.0,1.0,0.0,159.44024317679145,3.780971937029432,130.7979211422448
2022-11-10,171.20693312323868,-0.014534883720930258,0.9854651162790697,-0.014641549992948118,159.44024317679145,3.783709787816564,130.77242519173888
2022-11-11,173.73210912800621,0.0,1.0,0.0,161.79186918234885,3.786447638603696,132.67535506963364
2022-11-13,173.73210912800621,-0.022727272727272818,0.9772727272727272,-0.022989518224698833,161.79186918234885,3.79192334017796,132.6236362874135
2022-11-14,177.77239073563427,0.008595988538681931,1.008595988538682,0.008559253395669911,165.5544707912407,3.7946611909650922,135.681453863048
2022-11-15,176.25728513277375,0.014534883720930258,1.0145348837209303,0.014430264829028837,164.14349518790624,3.7973990417522243,134.49885536455918
2022-11-16,173.73210912800621,0.0117647058823529,1.011764705882353,0.011696039763191236,161.79186918234885,3.800136892539357,132.54609591300195
2022-11-17,171.7119683241922,0.002949852507374784,1.0029498525073748,0.0029455102297569658,159.91056837790296,3.802874743326489,130.9793259508334
2022-11-18,171.20693312323868,0.0,1.0,0.0,159.44024317679145,3.805612594113621,130.5686364202366
2022-11-20,171.20693312323868,0.008928571428571397,1.0089285714285714,0.008888947417245994,159.44024317679145,3.811088295687885,130.51773886757314
2022-11-21,169.69182752037818,0.015105740181268867,1.0151057401812689,0.014992784586141318,158.02926757345705,3.813826146475017,129.337498438749
2022-11-22,167.16665151561065,-0.0030120481927710108,0.996987951807229,-0.0030165935394255677,155.67764156789966,3.8165639972621492,127.3879971754445
2022-11-23,167.67168671656415,-0.008955223880596885,0.9910447761194031,-0.008995562908577762,156.1479667690111,3.8193018480492813,127.74794888726441
2022-11-24,169.18679231942465,0.009036144578313143,1.0090361445783131,0.008995562908577783,157.55894237234554,3.8220396988364134,128.87717137926413
2022-11-25,167.67168671656415,0.0,1.0,0.0,156.1479667690111,3.8247775496235454,127.69815087960804
2022-11-27,167.67168671656415,-0.008955223880596885,0.9910447761194031,-0.008995562908577762,156.1479667690111,3.8302532511978096,127.64837228393898
2022-11-28,169.18679231942465,-0.00887573964497046,0.9911242603550295,-0.008915363657952393,157.55894237234554,3.8329911019849416,128.77671457284242
2022-11-29,170.70189792228518,0.0,1.0,0.0,158.96991797567998,3.8357289527720737,129.90461212448582
2022-11-30,170.70189792228518,-0.014577259475218596,0.9854227405247814,-0.01468455168292107,158.96991797567998,3.838466803559206,129.87929030337202
2022-12-01,173.22707392705271,0.014792899408283988,1.014792899408284,0.014684551682921099,161.32154398123737,3.8412046543463383,131.77489018468694
2022-12-02,170.70189792228518,0.0,1.0,0.0,158.96991797567998,3.8439425051334704,129.82866146784653
2022-12-04,170.70189792228518,0.02114803625377637,1.0211480362537764,0.02092752010595582,158.96991797567998,3.8494182067077345,129.77805236817716
2022-12-05,167.16665151561065,0.006079027355623268,1.0060790273556233,0.006060624611691175,155.67764156789966,3.8521560574948666,127.06556797866475
2022-12-06,166.15658111370362,0.009202453987730008,1.00920245398773,0.009160369398664195,154.73699116567667,3.8548939082819986,126.27318143758762
2022-12-07,164.64147551084312,0.006172839506172867,1.0061728395061729,0.006153865574378286,153.32601556234226,3.8576317590691307,125.09736473474392
2022-12-08,163.6314051089361,-0.003076923076923088,0.9969230769230769,-0.003081666537408112,152.38536516011928,3.8603696098562628,124.3056610768823
2022-12-09,164.1364403098896,0.0,1.0,0.0,152.85569036123076,3.863107460643395,124.66501530085979
2022-12-11,164.1364403098896,-0.006116207951070485,0.9938837920489295,-0.006134988567516056,152.85569036123076,3.868583162217659,124.6164190655346
2022-12-12,165.14651071179662,0.025078369905956244,1.0250783699059562,0.02476906811240895,153.7963407634537,3.871321013004791,125.35884884016649
2022-12-13,161.10622910416856,-0.024464831804281384,0.9755351681957186,-0.024769068112408858,150.03373915456189,3.8740588637919235,122.2681277717519
2022-12-14,165.14651071179662,0.0092592592592593,1.0092592592592593,0.009216655104924048,153.7963407634537,3.8767967145790556,125.30998213844084
2022-12-15,163.6314051089361,-0.003076923076923088,0.9969230769230769,-0.003081666537408112,152.38536516011928,3.8795345653661877,124.13614716138585
2022-12-16,164.1364403098896,0.0,1.0,0.0,152.85569036123076,3.8822724161533197,124.49501133896459
2022-12-18,164.1364403098896,0.022012578616352085,1.022012578616352,0.021773799549560536,152.85569036123076,3.887748117727584,124.44648137365525
2022-12-19,160.60119390321506,0.01273885350318471,1.0127388535031847,0.012658396871923465,149.5634139534504,3.890485968514716,121.74236021051946
2022-12-20,158.58105309940103,0.0064102564102563875,1.0064102564102564,0.006389798098770988,147.6821131490045,3.893223819301848,120.18757748422773
2022-12-21,157.57098269749403,-0.01577287066246058,0.9842271293375394,-0.015898586067798273,146.74146274678154,3.89596167008898,119.39877301828597
2022-12-22,160.09615870226156,0.009554140127388644,1.0095541401273886,0.009508787969027356,149.09308875233893,3.898699520876112,121.28856795638244
2022-12-23,158.58105309940103,0.0,1.0,0.0,147.6821131490045,3.9014373716632442,120.11730803589542
2022-12-25,158.58105309940103,-0.006329113924050556,0.9936708860759494,-0.006349227678658668,147.6821131490045,3.9069130732375084,120.07048456297598
2022-12-26,159.59112350130803,0.0,1.0,0.0,148.62276355122742,3.909650924024641,120.81171075234849
2022-12-27,159.59112350130803,0.02597402597402576,1.0259740259740258,0.025642430613337437,148.62276355122742,3.912388774811773,120.78816137655582
2022-12-28,155.55084189368,0.019867549668874274,1.0198675496688743,0.019672765598704928,144.86016194233562,3.915126625598905,117.70728452555623
2022-12-29,152.52063068795894,-0.03821656050955424,0.9617834394904458,-0.038965968533383834,142.03821073566672,3.917864476386037,115.39178820052511
2023-01-02,158.58105309940103,-0.012578616352201255,0.9874213836477987,-0.012658396871923465,147.6821131490045,3.9288158795345653,119.8833731248659
2023-01-03,160.60119390321506,-0.009345794392523477,0.9906542056074765,-0.009389740349839143,149.5634139534504,3.9315537303216974,121.38688374730815
2023-01-04,162.1162995060756,0.009433962264151052,1.009433962264151,0.009389740349839137,150.97438955678484,3.9342915811088295,122.5081583142019
2023-01-05,160.60119390321506,-0.0031347962382445305,0.9968652037617555,-0.0031397200046677527,149.5634139534504,3.9370294318959616,121.33956537531952
2023-01-06,161.10622910416856,-0.027439024390243927,0.9725609756097561,-0.027822505599299188,150.03373915456189,3.9397672826830936,121.69740968889249
2023-01-09,165.65154591275012,0.006134969325153339,1.0061349693251533,0.006116227017436054,154.2666659645652,3.9479808350444903,125.05771930498403
2023-01-10,164.64147551084312,-0.0060975609756096505,0.9939024390243903,-0.0061162270174359825,153.32601556234226,3.9507186858316223,124.27094384211512
2023-01-11,165.65154591275012,-0.01501501501501501,0.984984984984985,-0.01512888159630009,154.2666659645652,3.9534565366187544,125.00896998792896
2023-01-12,168.17672191751765,-0.014792899408283988,0.985207100591716,-0.014903405502574919,156.61829197012258,3.9561943874058865,126.8898555422821
2023-01-13,170.70189792228518,0.0,1.0,0.0,158.96991797567998,3.9589322381930185,128.77000307876352
2023-01-15,170.70189792228518,0.01501501501501501,1.015015015015015,0.014903405502574948,158.96991797567998,3.9644079397672827,128.71980665952483
2023-01-16,168.17672191751765,0.003012048192771122,1.0030120481927711,0.0030075210639553224,156.61829197012258,3.9671457905544147,126.7909478030862
2023-01-17,167.67168671656415,0.00911854103343468,1.0091185410334347,0.00907721815111668,156.1479667690111,3.969883641341547,126.3855535388065
2023-01-18,166.15658111370362,0.0030487804878047697,1.0030487804878048,0.003044142381228052,154.73699116567667,3.972621492128679,125.2191021534899
2023-01-19,165.65154591275012,-0.003039513677811523,0.9969604863221885,-0.0030441423812281325,154.2666659645652,3.975359342915811,124.81416267757089
2023-01-20,166.15658111370362,0.0,1.0,0.0,154.73699116567667,3.978097193702943,125.17028992705431
2023-01-24,166.15658111370362,-0.007242003621001802,0.9927579963789982,-0.007268354227090637,154.73699116567667,3.9890485968514717,125.07272254991237
2023-01-25,167.36866559599204,-0.05260148656375063,0.9473985134362494,-0.05403545759203907,155.86577164834424,3.991786447638604,125.96054934545934
2023-01-26,176.66131329353655,0.005750431282346202,1.0057504312823462,0.005733960664319065,164.51975534879543,3.994524298425736,132.92821820989096
2023-01-27,175.65124289162955,0.0,1.0,0.0,163.5791049465725,3.997262149212868,132.14243103935596
2023-01-29,175.65124289162955,0.022941176470588243,1.0229411764705882,0.02268198430997559,163.5791049465725,4.002737850787132,132.0909199986704
2023-01-30,171.7119683241922,0.017964071856287456,1.0179640718562875,0.017804624633506686,159.91056837790296,4.005475701574264,129.10338839265722
2023-01-31,168.68175711847115,-0.01764705882352957,0.9823529411764704,-0.017804624633506818,157.08861717123406,4.008213552361396,126.80037176136936
2023-02-01,171.7119683241922,0.0005885815185404653,1.0005885815185405,0.000588408372375572,159.91056837790296,4.010951403148528,129.0530620149765
2023-02-02,171.6109612840015,-0.01678240740740744,0.9832175925925926,-0.01692482769206894,159.81650333768064,4.01368925393566,128.95200741500358
2023-02-03,174.54016544953183,0.0,1.0,0.0,162.54438950412722,4.016427104722792,131.127506518277
2023-02-05,174.54016544953183,0.012302284710017597,1.0123022847100176,0.01222722656956034,162.54438950412722,4.0219028062970565,131.07639110992454
2023-02-06,172.4190176055271,0.0011730205278590589,1.001173020527859,0.0011723330768232693,160.56902365945902,4.024640657084189,129.45820913152235
2023-02-07,172.2170035251457,-0.01273885350318471,0.9872611464968153,-0.012820688429061434,160.38089357901444,4.027378507871321,129.28132467836105
2023-02-08,174.43915840934113,0.0005793742757820297,1.000579374275782,0.0005792065033052211,162.45032446390493,4.030116358658453,130.9239453117275
2023-02-09,174.33815136915044,-0.0046136101499423265,0.9953863898500577,-0.004624285697113903,162.35625942368264,4.032854209445585,130.82262952956106
2023-02-10,175.14620769067605,0.0,1.0,0.0,163.10877974546102,4.035592060232717,131.4033726967518
2023-02-12,175.14620769067605,0.010489510489510634,1.0104895104895106,0.010434877292579714,163.10877974546102,4.041067761806982,131.35214975175248
2023-02-13,173.3280809672434,-0.012089810017271274,0.9879101899827287,-0.012163486193197463,161.41560902145966,4.043805612594114,129.9632944273852
2023-02-14,175.44922881124816,0.0057903879559930704,1.005790387955993,0.005773688094426352,163.39097486612792,4.046543463381246,131.52811104197724
2023-02-15,174.43915840934113,-0.036809815950920255,0.9631901840490797,-0.037504395458454284,162.45032446390493,4.049281314168378,130.7454061333042
2023-02-16,181.10562306192742,0.0016759776536312554,1.0016759776536313,0.0016745747703321684,168.65861711857647,4.05201916495551,135.7155861678632
2023-02-17,180.8026019413553,0.0,1.0,0.0,168.37642199790957,4.054757015742642,135.4621001824515
2023-02-19,180.8026019413553,0.004489337822671136,1.0044893378226711,0.004479290804046041,168.37642199790957,4.060232717316906,135.4092950864731
2023-02-20,179.9945456198297,0.0,1.0,0.0,167.6239016761312,4.0629705681040384,134.77783701668145
2023-02-21,179.9945456198297,0.022962112514351096,1.022962112514351,0.022702450618306294,167.6239016761312,4.0657084188911705,134.75156527603093
2023-02-22,175.95426401220166,-0.011350737797956922,0.9886492622020431,-0.011415649083676769,163.86130006723937,4.068446269678303,131.70116176178783
2023-02-23,177.9744048160157,0.01322599194939622,1.0132259919493962,0.013139292141841803,165.7426008716853,4.071184120465435,133.1872634514242
2023-02-24,175.65124289162955,0.0,1.0,0.0,163.5791049465725,4.073921971252567,131.42310088112282
2023-02-26,175.65124289162955,0.0034622042700518385,1.0034622042700518,0.003456224638676857,163.5791049465725,4.079397672826831,131.37187024579043
2023-02-27,175.04520065048536,-0.017016449234259712,0.9829835507657403,-0.017162892682264074,163.01471470523873,4.082135523613963,130.8930838237933
2023-02-28,178.0754118562064,0.0,1.0,0.0,165.8366659119076,4.084873374401095,133.13302061019817
2023-03-01,178.0754118562064,-0.012324929971988752,0.9876750700280112,-0.01240151181586918,165.8366659119076,4.087611225188227,133.10706948746974
2023-03-02,180.2975667404018,0.013628620102214661,1.0136286201022147,0.013536585717533321,167.9060967967981,4.090349075975359,134.74180675586206
2023-03-03,177.87339777582497,0.0,1.0,0.0,165.648535831463,4.093086926762491,132.90424063289674
2023-03-05,177.87339777582497,-0.007887323943662095,0.9921126760563379,-0.007918593413310155,165.648535831463,4.098562628336755,132.8524326277565
2023-03-06,179.2874963384948,0.013706453455168521,1.0137064534551685,0.013613369623664365,166.96544639457514,4.101300479123887,133.88251093311646
2023-03-07,176.86332737391797,0.0011435105774728616,1.0011435105774729,0.0011428572672498012,164.70788542924004,4.1040383299110195,132.0465241774818
2023-03-08,176.66131329353655,-0.00794100964265465,0.9920589903573453,-0.007972707379268243,164.51975534879543,4.1067761806981515,131.86999011290183
2023-03-09,178.0754118562064,0.00742857142857134,1.0074285714285713,0.0074011154803104015,165.8366659119076,4.1095140314852845,132.89964253083616
2023-03-10,176.76232033372727,0.0,1.0,0.0,164.61382038901775,4.112251882272417,131.89395324693405
2023-03-12,176.76232033372727,-0.005681818181818121,0.9943181818181819,-0.005698021114637667,164.61382038901775,4.117727583846681,131.8425390665043
2023-03-13,177.77239073563427,0.029239766081871288,1.0292397660818713,0.028820438535491884,165.5544707912407,4.120465434633813,132.57007857534032
2023-03-14,172.7220387260992,-0.018932874354561147,0.9810671256454389,-0.01911439602331544,160.85121878012592,4.123203285420945,128.7787759011422
2023-03-15,176.05527105239236,0.0017241379310344307,1.0017241379310344,0.001722653311446156,163.95536510746166,4.125941136208077,131.23839355067003
2023-03-16,175.75224993182024,-0.014722536806342168,0.9852774631936578,-0.014831988955330765,163.6731699867948,4.128678986995209,130.98697213339523
2023-03-17,178.3784329767785,0.0,1.0,0.0,166.1188610325745,4.131416837782341,132.91833440236178
2023-03-19,178.3784329767785,0.008566533409480437,1.0085665334094804,0.00853004887805361,166.1188610325745,4.136892539356605,132.86652090326533
2023-03-20,176.86332737391797,-0.003981797497155881,0.9960182025028441,-0.003989745959270478,164.70788542924004,4.139630390143737,131.71230387673035
2023-03-21,177.5703766552529,-0.024958402662229595,0.9750415973377704,-0.02527514495819494,165.36634071079612,4.142368240930869,132.21307538165726
2023-03-22,182.11569346383445,-0.001108033240997175,0.9988919667590028,-0.001108647563663969,169.59926752079943,4.145106091718001,135.57093763111146
2023-03-23,182.31770754421584,0.015756893640967995,1.015756893640968,0.01563404261233003,169.787397601244,4.147843942505133,135.69486571616494
2023-03-24,179.4895104188762,0.0,1.0,0.0,167.15357647501972,4.1505817932922655,133.56386362905354
2023-03-26,179.4895104188762,0.009085746734809774,1.0090857467348098,0.0090447196584452,167.15357647501972,4.15605749486653,133.51179849327994
2023-03-27,177.87339777582497,-0.005646527385657962,0.994353472614342,-0.005662529286627543,165.648535831463,4.158795345653662,132.28387574467754
2023-03-28,178.883468177732,-0.018292682926829285,0.9817073170731707,-0.018462062839735442,166.58918623368595,4.161533196440794,133.00912983675371
2023-03-29,182.21670050402514,-0.004415011037527616,0.9955849889624724,-0.004424785980355695,169.69333256102172,4.164271047227926,135.46115074303708
2023-03-30,183.02475682555075,-0.01788617886178867,0.9821138211382113,-0.018048069871702977,170.4458528828001,4.167008898015058,136.03534334897225
2023-03-31,186.3579891518439,0.0,1.0,0.0,173.54999921013587,4.16974674880219,138.48580842664498
2023-04-02,186.3579891518439,0.004901960784313708,1.0049019607843137,0.00488998529419177,173.54999921013587,4.175222450376454,138.43182464523477
2023-04-03,185.4489257901276,-0.0010881392818280489,0.998911860718172,-0.0010887317351965606,172.7034138481352,4.177960301163586,137.72969508228715
2023-04-04,185.65093987050898,-0.015532940546331031,0.984467059453669,-0.015654840626090273,172.89154392857978,4.180698151950718,137.8528510493018
2023-04-05,188.58014403603931,0.00864397622906532,1.0086439762290653,0.008606830968225058,175.61943009502636,4.183436002737851,140.00060091815715
2023-04-06,186.9640313929881,0.0,1.0,0.0,174.1143894514696,4.186173853524983,138.77375409204583
2023-04-07,186.9640313929881,0.0,1.0,0.0,174.1143894514696,4.188911704312115,138.74670344219638
2023-04-09,186.9640313929881,-0.004303388918773576,0.9956966110812264,-0.004312675147946553,174.1143894514696,4.1943874058863795,138.6926179601163
2023-04-10,187.7720877145137,-0.032274856845392996,0.967725143154607,-0.032807175047112606,174.86690977324798,4.1971252566735116,139.26489412799475
2023-04-11,194.03452420633718,-0.030776992936427883,0.9692230070635721,-0.031260552121376683,180.69894226703033,4.199863107460644,143.88150264253952
2023-04-12,200.19595365796997,-0.0035193564605329186,0.9964806435394671,-0.003525563964038887,186.4369097205904,4.202600958247776,148.42142139625938
2023-04-13,200.90300293930488,0.01427842937276913,1.0142784293727691,0.014177452657626053,187.09536500214645,4.205338809034908,148.9165806929789
2023-04-14,198.07480581396524,0.0,1.0,0.0,184.46154387592216,4.20807665982204,146.79159945447628
2023-04-16,198.07480581396524,0.005641025641025754,1.0056410256410258,0.005625174638553905,184.46154387592216,4.213552361396304,146.73437795497512
2023-04-17,196.96372837186752,0.01880877742946696,1.018808777429467,0.018634079544892792,183.4268284334769,4.216290212183436,145.88284669165924
2023-04-18,193.3274749250023,-0.011363636363636354,0.9886363636363636,-0.011428695823622744,180.04048698547427,4.219028062970568,143.1617134875194
2023-04-19,195.5496298091977,0.005714285714285783,1.0057142857142858,0.005698021114637796,182.10991787036477,4.2217659137577,144.77902368739083
2023-04-20,194.4385523671,0.011029411764705843,1.0110294117647058,0.010969031370573937,181.07520242791952,4.224503764544832,143.9283547115477
2023-04-21,192.31740452309526,0.0,1.0,0.0,179.0998365832513,4.227241615331964,142.33047784779075
2023-04-23,192.31740452309526,-0.007816571130797367,0.9921834288692026,-0.007847280656389366,179.0998365832513,4.232717316906228,142.27499535834698
2023-04-24,193.8325101259558,-0.045273631840796025,0.954726368159204,-0.04633050504542153,180.51081218658575,4.2354551676933605,143.36790767280553
2023-04-25,203.0241507833096,-0.002481389578163795,0.9975186104218362,-0.002484473327661945,189.07073084681466,4.238193018480493,150.1372186651976
2023-04-26,203.5291859842631,-0.0024752475247524774,0.9975247524752475,-0.00247831601446709,189.54105604792613,4.240930869267625,150.4813558457217
2023-04-27,204.0342211852166,0.0227848101265824,1.0227848101265824,0.02252911306002832,190.0113812490376,4.243668720054757,150.8253531588427
2023-04-28,199.48890437663505,0.0,1.0,0.0,185.7784544390343,4.246406570841889,147.43663754364155
2023-05-01,199.48890437663505,-0.01985111662531025,0.9801488833746897,-0.020050797045561192,185.7784544390343,4.254620123203286,147.35043652851982
2023-05-02,203.5291859842631,0.0024875621890547706,1.0024875621890548,0.0024844733276619658,189.54105604792613,4.257357973990418,150.30544497560933
2023-05-03,203.0241507833096,0.009036144578313365,1.0090361445783134,0.008995562908578003,189.07073084681466,4.26009582477755,149.9032528325407
2023-05-04,201.20602405987697,0.0,1.0,0.0,187.37756012281332,4.262833675564682,148.53187723387407
2023-05-07,201.20602405987697,-0.016296296296296253,0.9837037037037037,-0.016430541396095927,187.37756012281332,4.271047227926078,148.44503587063622
2023-05-08,204.5392563861701,-0.012195121951219634,0.9878048780487804,-0.01227009259181447,190.4817064501491,4.27378507871321,150.87480048630144
2023-05-09,207.06443239093767,-0.023809523809523836,0.9761904761904762,-0.02409755157906053,192.8333324557065,4.276522929500342,152.70767980273314
2023-05-10,212.11478440047273,0.009615384615384581,1.0096153846153846,0.009569451016150672,197.5365844668213,4.2792607802874745,156.40176460292446
2023-05-11,210.0946435966587,-0.0023980815347721673,0.9976019184652278,-0.0024009615375381503,195.65528366237538,4.2819986310746065,154.88202752611645
2023-05-12,210.5996787976122,0.0,1.0,0.0,196.12560886348686,4.284736481861739,155.22407694332776
2023-05-14,210.5996787976122,0.0024038461538460343,1.002403846153846,0.0024009615375380463,196.12560886348686,4.290212183436003,155.16356834151136
2023-05-15,210.0946435966587,0.02716049382716057,1.0271604938271606,0.026798193154724217,195.65528366237538,4.292950034223135,154.76130052931106
2023-05-16,204.5392563861701,-0.009779951100244544,0.9902200488997555,-0.009828088936262651,190.4817064501491,4.295687885010267,150.63968524548008
2023-05-17,206.55939718998414,-0.009685230024213065,0.9903147699757869,-0.009732436918231,192.363007254595,4.298425735797399,152.09783096323957
2023-05-18,208.57953799379817,0.0048661800486617945,1.0048661800486618,0.004854378464798143,194.24430805904092,4.301163586584531,153.55540249545285
2023-05-19,207.56946759189117,0.0,1.0,0.0,193.303657656818,4.303901437371663,152.78200576580724
2023-05-21,207.56946759189117,-0.009638554216867434,0.9903614457831326,-0.009685305734463655,193.303657656818,4.309377138945927,152.7224491188383
2023-05-22,209.5896083957052,0.0,1.0,0.0,195.1849584612639,4.312114989733059,154.17873964307518
2023-05-23,209.5896083957052,0.0,1.0,0.0,195.1849584612639,4.314852840520191,154.14868615689835
2023-05-24,209.5896083957052,0.019656019656019597,1.0196560196560196,0.01946533478810325,195.1849584612639,4.317590691307323,154.11863852893538
2023-05-25,205.54932678807714,-0.009732360097323589,0.9902676399026764,-0.009780029053639606,191.42235685237208,4.3203285420944555,151.11821416993752
2023-05-26,207.56946759189117,0.0,1.0,0.0,193.303657656818,4.323066392881588,152.573659051825
2023-05-29,207.56946759189117,0.02493765586034913,1.0249376558603491,0.02463178718966542,193.303657656818,4.331279945242985,152.48445460094882
2023-05-30,202.5191155823561,0.0025000000000001688,1.0025000000000002,0.0024968801985873674,188.6004056457032,4.334017796030117,148.7453705147145
2023-05-31,202.01408038140258,0.012658227848101333,1.0126582278481013,0.012578782206860185,188.1300804445917,4.336755646817249,148.34551235401432
2023-06-01,199.48890437663505,-0.010025062656641603,0.9899749373433584,-0.010075651988741587,185.7784544390343,4.339493497604381,146.46263846809455
2023-06-02,201.50904518044908,-0.007462686567164201,0.9925373134328358,-0.007490671729157626,187.65975524348022,4.342231348391513,147.9169659038827
2023-06-05,203.0241507833096,0.0,1.0,0.0,189.07073084681466,4.350444900752909,148.94199145659658
2023-06-06,203.0241507833096,0.023421588594704668,1.0234215885947047,0.02315151213871022,189.07073084681466,4.353182751540041,148.91295875019523
2023-06-07,198.37782693453735,-0.0015251652262326942,0.9984748347737673,-0.0015263294746477249,184.74373899658906,4.355920602327173,145.47663774365807
2023-06-08,198.68084805510944,-0.0020294266869609334,0.9979705733130391,-0.002031488763661133,185.02593411725593,4.358658453114305,145.6704520336513
2023-06-09,199.08487621587224,0.0,1.0,0.0,185.40219427814512,4.361396303901437,145.93822797070868
2023-06-11,199.08487621587224,0.004587155963302836,1.0045871559633028,0.0045766670274118935,185.40219427814512,4.3668720054757015,145.88133912781808
2023-06-12,198.17581285415594,-0.00909090909090915,0.9909090909090909,-0.009132483563272587,184.55560891614445,4.369609856262834,145.1869080319775
2023-06-13,199.99393957758858,-0.01492537313432829,0.9850746268656717,-0.015037877364540446,186.2487796401458,4.372347707049966,146.4903376320804
2023-06-14,203.0241507833096,0.006509764646970506,1.0065097646469705,0.0064886676373062694,189.07073084681466,4.375085557837098,148.68090073888303
2023-06-15,201.7110592608305,0.0015045135406219767,1.001504513540622,0.0015033828940316872,187.84788532392483,4.37782340862423,147.69048860450917
2023-06-16,201.40803814025838,0.0,1.0,0.0,187.56569020325793,4.380561259411362,147.43987456118208
2023-06-18,201.40803814025838,0.0005017561465128217,1.0005017561465128,0.0005016303089889478,187.56569020325793,4.386036960985626,147.3824003546198
2023-06-19,201.3070311000677,0.0070742799393634925,1.0070742799393635,0.007049374610229168,187.47162516303564,4.388774811772758,147.27977312206906
2023-06-20,199.89293253739785,-0.02990196078431373,0.9700980392156863,-0.030358141235696353,186.1547145999235,4.39151266255989,146.21668665249672
2023-06-21,206.05436198903064,0.00990099009900991,1.00990099009901,0.00985229644301164,191.89268205348353,4.394250513347022,150.6942383862346
2023-06-22,204.0342211852166,0.010505252626313188,1.0105052526263132,0.010450455894850412,190.0113812490376,4.396988364134154,149.18775760989126
2023-06-23,201.91307334121188,0.0,1.0,0.0,188.0360154043694,4.399726214921286,147.60801748387368
2023-06-25,201.91307334121188,-0.0029925187032420197,0.997007481296758,-0.0029970052402696215,188.0360154043694,4.405201916495551,147.55047773275572
2023-06-26,202.5191155823561,-0.02669902912621358,0.9733009708737864,-0.027061922042957192,188.6004056457032,4.407939767282683,147.96450281100792
2023-06-27,208.07450279284467,0.0,1.0,0.0,193.77398285792947,4.4106776180698155,151.9937460968617
2023-06-28,208.07450279284467,0.007334963325183352,1.0073349633251834,0.007308193306724622,193.77398285792947,4.413415468856948,151.9641185233204
2023-06-29,206.55939718998414,-0.009685230024213065,0.9903147699757869,-0.009732436918231,192.363007254595,4.41615331964408,150.82817757406139
2023-06-30,208.57953799379817,0.0,1.0,0.0,194.24430805904092,4.418891170431212,152.27358186743814
2023-07-02,208.57953799379817,-0.00959232613908878,0.9904076738609112,-0.009638628837768745,194.24430805904092,4.424366872005476,152.2142234114962
2023-07-03,210.5996787976122,0.0024038461538460343,1.002403846153846,0.0024009615375380463,196.12560886348686,4.427104722792608,153.65849526172704
2023-07-04,210.0946435966587,0.012165450121654597,1.0121654501216546,0.012092045765028772,195.65528366237538,4.42984257357974,153.2601294122199
2023-07-05,207.56946759189117,-0.004842615012106477,0.9951573849878935,-0.004854378464798088,193.303657656818,4.432580424366872,151.3885451917857
2023-07-06,208.57953799379817,0.01225490196078427,1.0122549019607843,0.012180418556871013,194.24430805904092,4.435318275154004,152.09557590695965
2023-07-07,206.05436198903064,0.0,1.0,0.0,191.89268205348353,4.438056125941136,150.2249366138458
2023-07-09,206.05436198903064,-0.007299270072992803,0.9927007299270072,-0.00732604009207301,191.89268205348353,4.4435318275154,150.1663767496066
2023-07-10,207.56946759189117,-0.007246376811594124,0.9927536231884059,-0.007272759329079697,193.303657656818,4.446269678302532,151.24105468260325
2023-07-11,209.08457319475167,0.017199017199017064,1.017199017199017,0.017052788382719262,194.7146332601524,4.4490075290896645,152.31530794392518
2023-07-12,205.54932678807714,0.0,1.0,0.0,191.42235685237208,4.4517453798767965,149.710740095749
2023-07-13,205.54932678807714,-0.023980815347721784,0.9760191846522782,-0.02427303635620642,191.42235685237208,4.454483230663929,149.6815575400451
2023-07-14,210.5996787976122,0.0,1.0,0.0,196.12560886348686,4.457221081451061,153.32934334288092
2023-07-16,210.5996787976122,0.02457002457002444,1.0245700245700244,0.024273036356206333,196.12560886348686,4.462696783025325,153.26957333576732
2023-07-17,205.54932678807714,0.00992555831265518,1.0099255583126552,0.009876623495912099,191.42235685237208,4.465434633812457,149.56488419060875
2023-07-18,203.5291859842631,-0.0024752475247524774,0.9975247524752475,-0.00247831601446709,189.54105604792613,4.468172484599589,148.0660914413242
2023-07-19,204.0342211852166,0.007481296758104605,1.0074812967581046,0.007453450654580752,190.0113812490376,4.470910335386721,148.4045675092323
2023-07-20,202.5191155823561,0.0025000000000001688,1.0025000000000002,0.0024968801985873674,188.6004056457032,4.473648186173854,147.27384025720494
2023-07-21,202.01408038140258,0.0,1.0,0.0,188.1300804445917,4.476386036960986,146.87793787260821
2023-07-23,202.01408038140258,0.004016064257028162,1.0040160642570282,0.004008021397538868,188.1300804445917,4.48186173853525,146.8206827171365
2023-07-24,201.20602405987697,-0.006483790523690858,0.9935162094763091,-0.006504901596126103,187.37756012281332,4.484599589322382,146.20489525549084
2023-07-25,202.5191155823561,0.00905888273779576,1.0090588827377958,0.009018097188852799,188.6004056457032,4.487337440109514,147.13035850525813
2023-07-26,200.70098885892347,0.0045500505561173465,1.0045500505561173,0.00453973036915948,186.90723492170184,4.490075290896646,145.78106535724302
2023-07-27,199.79192549720716,0.005081300813008172,1.0050813008130082,0.0050684345704587325,186.0606495597012,4.492813141683778,145.0924707212729
2023-07-28,198.78185509530016,0.0,1.0,0.0,185.11999915747825,4.4955509924709105,144.33080017530546
2023-07-30,198.78185509530016,0.004081632653061273,1.0040816326530613,0.004073325387635869,185.11999915747825,4.501026694045175,144.27453793113807
2023-07-31,197.97379877377455,-0.017051153460381108,0.9829488465396189,-0.01719819829722069,184.36747883569987,4.503764544832307,143.66004749324028
2023-08-01,201.40803814025838,0.03584415584415579,1.0358441558441558,0.03521670379989899,187.56569020325793,4.506502395619439,146.12362065645823
2023-08-02,194.4385523671,0.004173187271778733,1.0041731872717787,0.004164503676240015,181.07520242791952,4.509240246406571,141.03968874110856
2023-08-03,193.63049604557438,-0.002601456815816805,0.9973985431841832,-0.002604846484593253,180.32268210614114,4.511978097193703,140.42617168876043
2023-08-04,194.13553124652788,0.0,1.0,0.0,180.79300730725262,4.514715947980835,140.7649929897589
2023-08-06,194.13553124652788,0.022340425531914843,1.0223404255319148,0.022094533706242862,180.79300730725262,4.520191649555099,140.71012074907156
2023-08-07,189.89323555851843,-0.002123142250530785,0.9978768577494692,-0.0021253993123134776,176.8422756179162,4.522929500342231,137.60846107332796
2023-08-08,190.29726371928123,-0.0052798310454066355,0.9947201689545934,-0.005293818609715274,177.21853577880538,4.525667351129363,137.87436445814282
2023-08-09,191.30733412118826,0.005307855626327074,1.005307855626327,0.005293818609715295,178.15918618102836,4.528405201916495,138.57916369367368
2023-08-10,190.29726371928123,-0.011023622047244053,0.988976377952756,-0.01108483242449293,177.21853577880538,4.531143052703627,137.82061902648064
2023-08-11,192.41841156328596,0.0,1.0,0.0,179.19390162347358,4.5338809034907595,139.32967180968808
2023-08-13,192.41841156328596,0.009004237288135597,1.0090042372881356,0.008963940855355346,179.19390162347358,4.539356605065024,139.27535907806322
2023-08-14,190.70129188004404,0.0,1.0,0.0,177.59479593969456,4.542094455852156,138.00557570152404
2023-08-15,190.70129188004404,0.016146393972012785,1.0161463939720128,0.016017427331662042,177.59479593969456,4.544832306639288,137.9786747898207
2023-08-16,187.671080674323,0.005411255411255533,1.0054112554112555,0.005396667172154479,174.7728447330257,4.547570157426421,135.75974873322355
2023-08-17,186.66101027241598,-0.006985491671144706,0.9930145083288553,-0.007010004440621449,173.83219433080274,4.550308008213553,135.0027512240918
2023-08-18,187.97410179489512,0.0,1.0,0.0,175.0550398536926,4.553045859000685,135.9259451998404
2023-08-20,187.97410179489512,0.0,1.0,0.0,175.0550398536926,4.558521560574949,135.87295929033093
2023-08-21,187.97410179489512,-0.009579563597658325,0.9904204364023417,-0.009625742771214554,175.0550398536926,4.561259411362081,135.84647408158364
2023-08-22,189.79222851832773,0.0021333333333333204,1.0021333333333333,0.0021310610089541127,176.7482105776939,4.563997262149213,137.13367479457446
2023-08-23,189.38820035756493,0.00590128755364816,1.0059012875536482,0.005883943158974787,176.37195041680474,4.566735112936345,136.81507168632933
2023-08-24,188.2771229154672,0.0010741138560685926,1.0010741138560686,0.0010735374085239634,175.33723497435946,4.569472963723477,135.98591087183013
2023-08-25,188.0751088350858,0.0,1.0,0.0,175.14910489391488,4.572210814510609,135.8135244573915
2023-08-27,188.0751088350858,0.004314994606256839,1.0043149946062568,0.004305711711212013,175.14910489391488,4.577686516084873,135.76058237112179
2023-08-28,187.2670525135602,-0.006963042313872458,0.9930369576861275,-0.006987397415922086,174.3965845721365,4.5804243668720055,135.15094347546076
2023-08-29,188.58014403603931,-0.005857294994675244,0.9941427050053248,-0.005874516226485662,175.61943009502636,4.583162217659138,136.07207461987565
2023-08-30,189.69122147813704,-0.00687466948704385,0.9931253305129562,-0.0068984088902492345,176.6541455374716,4.58590006844627,136.8471044582999
2023-08-31,191.00431300061615,0.009071504802561359,1.0090715048025614,0.00903060586008999,177.87699106036146,4.588637919233402,137.76753563661774
2023-09-01,189.28719331737423,0.0,1.0,0.0,176.27788537658245,4.591375770020534,136.5023989574718
2023-09-03,189.28719331737423,0.0005339028296849069,1.000533902829685,0.0005337603542788934,176.27788537658245,4.596851471594798,136.4491883379072
2023-09-04,189.18618627718354,0.0037513397642015,1.0037513397642015,0.003744321036799378,176.18382033636016,4.59958932238193,136.34979326653078
2023-09-05,188.47913699584862,-0.0005356186395286677,0.9994643813604713,-0.0005357621344334912,175.52536505480407,4.602327173169062,135.81373165822245
2023-09-06,188.58014403603931,-0.0026709401709401615,0.9973290598290598,-0.002674513495814733,175.61943009502636,4.605065023956194,135.86002715740878
2023-09-07,189.08517923699281,0.008077544426494221,1.0080775444264942,0.008045095684831438,176.08975529613784,4.607802874743326,136.19731936092936
2023-09-08,187.5700736341323,0.0,1.0,0.0,174.6787796928034,4.610540725530458,135.07965897936288
2023-09-10,187.5700736341323,0.0010781671159030282,1.001078167115903,0.001077586311170343,174.6787796928034,4.616016427104722,135.0270029645253
2023-09-11,187.3680595537509,-0.003759398496240629,0.9962406015037594,-0.0037664827954768934,174.4906496123588,4.618754277891855,134.85528611998643
2023-09-12,188.0751088350858,-0.018967334035827177,0.9810326659641728,-0.019149521332860787,175.14910489391488,4.621492128678987,135.33778795900898
2023-09-13,191.71136228195107,-0.004719454640797038,0.995280545359203,-0.004730626430545866,178.53544634191755,4.6242299794661195,137.92752449912112
2023-09-14,192.62042564366737,-0.007804370447450526,0.9921956295525495,-0.007834983929818688,179.3820317039182,4.6269678302532515,138.5545406716235
2023-09-15,194.13553124652788,0.0,1.0,0.0,180.79300730725262,4.629705681040384,139.61715676443723
2023-09-17,194.13553124652788,0.006282722513088812,1.0062827225130888,0.0062630684895620525,180.79300730725262,4.635181382614648,139.56273196699757
2023-09-18,192.9234467642395,0.0052631578947368585,1.0052631578947369,0.005249355886143745,179.66422682458509,4.63791923340178,138.66433796673007
2023-09-19,191.91337636233246,-0.025141097998973794,0.9748589020010262,-0.02546253435302894,178.72357642236213,4.640657084188912,137.91145886147604
2023-09-20,196.86272133167682,0.015633142261594513,1.0156331422615945,0.015512203499860834,183.33276339325462,4.643394934976044,141.4405469474513
2023-09-21,193.8325101259558,0.002088772845953102,1.002088772845953,0.0020865943929536455,180.51081218658575,4.646132785763176,139.2362759595749
2023-09-22,193.428481965193,0.0,1.0,0.0,180.13455202569656,4.648870636550308,138.91896499020496
2023-09-24,193.428481965193,-0.007257646448937227,0.9927423535510628,-0.007284111290982668,180.13455202569656,4.654346338124572,138.86481235806914
2023-09-25,194.8425805278628,0.011536444677503921,1.011536444677504,0.011470407305310001,181.4514625888087,4.657084188911704,139.85274574208094
2023-09-26,192.62042564366737,-0.002093144950287784,0.9979068550497122,-0.002095338639853948,179.3820317039182,4.659822039698836,138.23079287370203
2023-09-27,193.02445380443018,0.0,1.0,0.0,179.75829186480738,4.662559890485968,138.49373552441548
2023-10-03,193.02445380443018,0.0015723270440251014,1.001572327044025,0.0015710922320411461,179.75829186480738,4.678986995208761,138.33183803628953
2023-10-04,192.72143268385807,0.0015748031496063408,1.0015748031496063,0.0015735644474305383,179.47609674414048,4.681724845995893,138.087754416769
2023-10-05,192.41841156328596,-0.008844953173777315,0.9911550468262227,-0.008884301969436462,179.19390162347358,4.684462696783025,137.843760697775
2023-10-06,194.13553124652788,0.0,1.0,0.0,180.79300730725262,4.687200547570157,139.0467533504165
2023-10-09,194.13553124652788,0.020169851380042347,1.0201698513800423,0.01996913439392932,180.79300730725262,4.695414099931554,138.96545760542472
2023-10-10,190.29726371928123,-0.0052798310454066355,0.9947201689545934,-0.005293818609715274,177.21853577880538,4.698151950718686,136.19140910660624
2023-10-11,191.30733412118826,0.007446808510638281,1.0074468085106383,0.007419217922028647,178.15918618102836,4.700889801505818,136.88760525156363
2023-10-12,189.89323555851843,0.0048102618920362605,1.0048102618920363,0.004798729549905191,176.8422756179162,4.70362765229295,135.8492786969026
2023-10-13,188.98417219680212,0.0,1.0,0.0,175.99569025591555,4.706365503080082,135.1725825812861
2023-10-15,188.98417219680212,0.001605995717344877,1.0016059957173449,0.0016047074853018082,175.99569025591555,4.7118412046543465,135.1198903434776
2023-10-16,188.68115107623,-0.009018567639257236,0.9909814323607428,-0.009059481093323147,175.71349513524865,4.714579055441479,134.87694013941652
2023-10-17,190.39827075947193,-0.0172054223149114,0.9827945776850886,-0.01735515556127243,177.31260081902767,4.717316906228611,136.077876615427
2023-10-18,193.73150308576507,0.015352038115404865,1.0153520381154049,0.015235387941873868,180.41674714636343,4.720054757015743,138.43315231080226
2023-10-19,190.80229892023473,0.029427792915531326,1.0294277929155313,0.029003107012838897,177.68886097991685,4.722792607802875,136.3134783380967
2023-10-20,185.34791874993687,0.0,1.0,0.0,172.60934880791288,4.725530458590007,132.39093426322404
2023-10-22,185.34791874993687,-0.01024811218985977,0.9897518878101402,-0.010300985637129825,172.60934880791288,4.731006160164271,132.33932635236906
2023-10-23,187.2670525135602,0.01422319474835887,1.0142231947483589,0.014122994111705152,174.3965845721365,4.733744010951403,133.68353379375483
2023-10-24,184.64086946860198,0.00439560439560438,1.0043956043956044,0.004385971943254268,171.95089352635682,4.736481861738535,131.78309868441596
2023-10-25,183.83281314707637,0.013927576601671321,1.0139275766016713,0.013831479148461799,171.19837320457847,4.739219712525667,131.18079183173492
2023-10-26,181.30763714230883,0.022209567198177682,1.0222095671981777,0.021966526727317283,168.84674719902105,4.741957563312799,129.35363854020116
2023-10-27,177.36836257487147,0.0,1.0,0.0,165.17821063035151,4.744695414099931,126.5185029257687
2023-10-29,177.36836257487147,0.017971014492753623,1.0179710144927536,0.017811444729601836,165.17821063035151,4.7501711156741955,126.4691841740216
2023-10-30,174.23714432895974,0.016499705362404304,1.0164997053624043,0.016365064231233878,162.26219438346035,4.7529089664613275,124.21231077100971
2023-10-31,171.4089472036201,-0.0035231943628889484,0.996476805637111,-0.0035294154284618937,159.62837325723606,4.75564681724846,122.17229171224787
2023-11-01,172.0149894447643,-0.009883720930232487,0.9901162790697675,-0.009932889144810374,160.19276349856983,4.758384668035592,122.58035152698851
2023-11-02,173.73210912800621,-0.008073817762399127,0.9919261822376009,-0.008106587532988485,161.79186918234885,4.761122518822724,123.77986301951921
2023-11-03,175.14620769067605,-0.025295109612141653,0.9747048903878583,-0.025620530325347984,163.10877974546102,4.763860369609857,124.76304919557137
2023-11-06,179.6915244992576,0.010221465076660996,1.010221465076661,0.010169579169629012,167.34170655546433,4.772073921971253,127.92600699918336
2023-11-07,177.87339777582497,0.007437070938214996,1.007437070938215,0.007409552280725264,165.648535831463,4.774811772758385,126.60696221741318
2023-11-08,176.56030625334586,0.0005724098454493731,1.0005724098454494,0.0005722460814242363,164.42569030857314,4.777549623545517,125.64783135982988
2023-11-09,176.45929921315516,0.005757052389176565,1.0057570523891766,0.005740543892951454,164.33162526835085,4.780287474332649,125.5514723981888
2023-11-10,175.44922881124816,0.002308136180034559,1.0023081361800346,0.002305476525498792,163.39097486612792,4.783025325119781,124.80847021670127
2023-11-13,175.04520065048536,-0.01084474885844744,0.9891552511415526,-0.01090398178073062,163.01471470523873,4.791238877481177,124.4482555737203
2023-11-14,176.96433441410866,-0.040000000000000036,0.96,-0.040821994520255166,164.80195046946233,4.7939767282683095,125.78813810696236
2023-11-15,184.33784834802987,-0.012445887445887371,0.9875541125541126,-0.012523986185037516,171.66869840568992,4.7967145790554415,131.00376947371063
2023-11-16,186.66101027241598,0.002169197396963085,1.002169197396963,0.002166848085090293,173.83219433080274,4.799452429842574,132.6289179832472
2023-11-17,186.2569821116532,0.0,1.0,0.0,173.45593416991358,4.802190280629706,132.31604550188294
2023-11-19,186.2569821116532,0.004357298474945592,1.0043572984749456,0.0043478329361034225,173.45593416991358,4.80766598220397,132.2644667837559
2023-11-20,185.4489257901276,-0.0032573289902279035,0.9967426710097721,-0.0032626456348162714,172.7034138481352,4.810403832991102,131.66498134257486
2023-11-21,186.05496803127178,0.006557377049180246,1.0065573770491802,0.006535970979785449,173.26780408946897,4.813141683778234,132.06951022363745
2023-11-22,184.84288354898337,-0.009740259740259716,0.9902597402597403,-0.00978800636616282,172.1390236068014,4.815879534565366,131.1835464304257
2023-11-23,186.66101027241598,0.004347826086956275,1.0043478260869563,0.00433840159859792,173.83219433080274,4.818617385352498,132.44805375710797
2023-11-24,185.8529539508904,0.0,1.0,0.0,173.0796740090244,4.82135523613963,131.8489797188511
2023-11-26,185.8529539508904,-0.004867495943753353,0.9951325040562466,-0.004879380784093516,173.0796740090244,4.826830937713894,131.7975830697564
2023-11-27,186.7620173126067,-0.004308023694130303,0.9956919763058697,-0.004317329965580932,173.92625937102503,4.829568788501026,132.41642868840975
2023-11-28,187.5700736341323,0.004870129870129913,1.00487012987013,0.0048583091510763675,174.6787796928034,4.832306639288158,132.96342684155584
2023-11-29,186.66101027241598,0.0027129679869777323,1.0027129679869777,0.0027092945318061656,173.83219433080274,4.8350444900752905,132.29322359725091
2023-11-30,186.15597507146248,0.00820568927789922,1.0082056892778992,0.008172205655727842,173.36186912969126,4.837782340862423,131.90956973315727
2023-12-01,184.64086946860198,0.0,1.0,0.0,171.95089352635682,4.8405201916495555,130.81046704626272
2023-12-03,184.64086946860198,0.0066079295154184425,1.0066079295154184,0.006586192852856655,171.95089352635682,4.84599589322382,130.75947522450554
2023-12-04,183.42878498631356,0.0011025358324145973,1.0011025358324146,0.0011019284861567347,170.82211304368928,4.848733744010952,129.87577678933468
2023-12-05,183.22677090593214,-0.008201202843083677,0.9917987971569163,-0.00823501771578381,170.63398296324468,4.851471594798084,129.70745347379903
2023-12-06,184.74187650879267,0.0016429353778750766,1.001642935377875,0.0016415872359518593,172.0449585665791,4.854209445585216,130.7545143791574
2023-12-07,184.43885538822056,-0.013506212857914646,0.9864937871420854,-0.013598251418583734,171.7627634459122,4.856947296372348,130.51459983636937
2023-12-08,186.9640313929881,0.0,1.0,0.0,174.1143894514696,4.85968514715948,132.27570291208892
2023-12-10,186.9640313929881,-0.0016181229773463146,0.9983818770226537,-0.001619433552302994,174.1143894514696,4.865160848733744,132.22413992008987
2023-12-11,187.2670525135602,-0.0010775862068964637,0.9989224137931035,-0.0010781672203453326,174.3965845721365,4.867898699520876,132.41262587449987
2023-12-12,187.4690665939416,0.00324324324324321,1.0032432432432432,0.0032379952737753475,174.58471465258108,4.870636550308008,132.52962727398366
2023-12-13,186.8630243527974,0.00108225108225124,1.0010822510822512,0.0010816658707411917,174.02032441124732,4.87337440109514,132.07544098688678
2023-12-14,186.66101027241598,-0.04149377593361003,0.95850622406639,-0.042379222968861534,173.83219433080274,4.876112251882272,131.90693958608298
2023-12-15,194.7415734876721,0.0,1.0,0.0,181.35739754858642,4.878850102669404,137.5903715045851
2023-12-17,194.7415734876721,0.004166666666666652,1.0041666666666667,0.004158010148663677,181.35739754858642,4.884325804243669,137.53673677750484
2023-12-18,193.9335171661465,-0.0010405827263266776,0.9989594172736733,-0.0010411245084105038,180.60487722680804,4.887063655030801,136.93934664380694
2023-12-19,194.13553124652788,-0.03465595178302361,0.9653440482169764,-0.03527071453395849,180.79300730725262,4.889801505817933,137.05527091562047
2023-12-20,201.10501701968627,0.0020130850528434774,1.0020130850528435,0.0020110615123794372,187.28349508259103,4.892539356605065,141.94789463547016
2023-12-21,200.70098885892347,-0.0015075376884422509,0.9984924623115577,-0.001508675166721271,186.90723492170184,4.895277207392197,141.63510175595064
2023-12-22,201.00400997949558,0.0,1.0,0.0,187.18943004236874,4.898015058179329,141.82129430046396
2023-12-25,201.00400997949558,0.001006036217303885,1.0010060362173039,0.0010055305020187962,187.18943004236874,4.906228610540725,141.73837637898762
2023-12-26,200.80199589911416,0.0015113350125943725,1.0015113350125944,0.0015101940952284719,187.00129996192413,4.908966461327857,141.5683249842254
2023-12-27,200.49897477854208,-0.02457002457002455,0.9754299754299754,-0.024876904755404557,186.71910484125726,4.91170431211499,141.3271369488035
2023-12-28,205.54932678807714,0.014962593516209433,1.0149625935162094,0.01485175813602576,191.42235685237208,4.914442162902122,144.85877216893988
2024-01-02,202.5191155823561,0.03457172342621262,1.0345717234262126,0.03398754728995805,188.6004056457032,4.9281314168377826,142.58421366960553
2024-01-03,195.7516438895791,0.020000000000000018,1.02,0.01980262729617973,182.29804795080935,4.930869267624915,137.7926895092279
2024-01-04,191.91337636233246,0.014415376401494928,1.014415376401495,0.014312462710443315,178.72357642236213,4.933607118412047,135.06453930846598
2024-01-05,189.18618627718354,0.0,1.0,0.0,176.18382033636016,4.936344969199179,133.11924762126367
2024-01-07,189.18618627718354,0.008616047388260606,1.0086160473882606,0.00857914109138269,176.18382033636016,4.941820670773443,133.06735580327367
2024-01-08,187.5700736341323,0.0005387931034483984,1.0005387931034484,0.0005386480065600323,174.6787796928034,4.944558521560575,131.90491845221203
2024-01-09,187.4690665939416,-0.005891805034815234,0.9941081949651848,-0.005909230195576753,174.58471465258108,4.947296372347707,131.80818937543933
2024-01-10,188.58014403603931,-0.0016042780748664054,0.9983957219251336,-0.0016055663069097896,175.61943009502636,4.950034223134839,132.5635350000643
2024-01-11,188.88316515661143,0.005376344086021501,1.0053763440860215,0.005361943141385373,175.90162521569326,4.952772073921971,132.75066386450177
2024-01-12,187.8730947547044,0.0,1.0,0.0,174.96097481347027,4.955509924709103,132.01502905243444
2024-01-14,187.8730947547044,-0.008000000000000007,0.992,-0.008032171697264267,174.96097481347027,4.960985626283367,131.96356767489553
2024-01-15,189.38820035756493,0.00698174006444674,1.0069817400644467,0.006957480567498719,176.37195041680474,4.963723477070499,133.001859384337
2024-01-16,188.0751088350858,0.024202420242024347,1.0242024202420243,0.023914183099588378,175.14910489391488,4.9664613278576315,132.0539673538333
2024-01-17,183.63079906669495,0.008879023307436285,1.0088790233074363,0.008839836569141021,171.01024312413386,4.969199178644764,128.90833292087825
2024-01-18,182.01468642364372,-0.008255365987892227,0.9917446340121078,-0.008289630227888058,169.5052024805771,4.971937029431896,127.74891966554043
2024-01-19,183.52979202650425,0.0,1.0,0.0,170.91617808391157,4.974674880219028,128.78720354533448
2024-01-21,183.52979202650425,0.008883953359244856,1.0088839533592449,0.008844723220215098,170.91617808391157,4.980150581793292,128.73700042110386
2024-01-22,181.91367938345303,-0.025432900432900363,0.9745670995670996,-0.025761907025673318,169.41113744035482,4.982888432580425,127.57850471267119
2024-01-23,186.66101027241598,-0.001081081081081181,0.9989189189189188,-0.0010816658707411342,173.83219433080274,4.985626283367557,130.88235419362195
2024-01-24,186.8630243527974,-0.019607843137254943,0.9803921568627451,-0.019802627296179754,174.02032441124732,4.988364134154689,130.99846174353817
2024-01-25,190.60028483985334,0.0074746396155898065,1.0074746396155898,0.007446842924461548,177.50073089947227,4.991101984941821,133.59238523644947
2024-01-26,189.18618627718354,0.0,1.0,0.0,176.18382033636016,4.993839835728953,132.5753912996287
2024-01-28,189.18618627718354,-0.04243353783231085,0.9575664621676891,-0.04336014815067415,176.18382033636016,4.999315537303217,132.52371148473935
2024-01-29,197.56977061301174,0.02947368421052632,1.0294736842105263,0.029047685440230817,183.99121867481068,5.002053388090349,138.36938151783474
2024-01-30,191.91337636233246,-0.023638232271325776,0.9763617677286742,-0.02392209759141852,178.72357642236213,5.004791238877481,134.38168630499038
2024-01-31,196.5597002111047,-0.06442307692307703,0.935576923076923,-0.0665919099494134,183.05056827258773,5.007529089664613,137.60830895403925
2024-02-01,210.0946435966587,-0.08370044052863435,0.9162995594713657,-0.08741193778008469,195.65528366237538,5.0102669404517455,147.05523627878975
2024-02-02,229.28598123289194,0.0,1.0,0.0,213.5276413046116,5.0130047912388775,160.45688315659024
2024-02-04,229.28598123289194,-0.04621848739495804,0.953781512605042,-0.04732065619007208,213.5276413046116,5.018480492813142,160.39433473083818
2024-02-05,240.3967556538691,0.010615711252653925,1.010615711252654,0.010559760215002253,223.87479572906415,5.021218343600274,168.1339673107286
2024-02-06,237.87157964910156,-0.038775510204081653,0.9612244897959183,-0.039547297088254565,221.52316972350675,5.023956194387406,166.3354247439474
2024-02-07,247.46724846721818,-0.020000000000000018,0.98,-0.020202707317519466,230.45934854462485,5.026694045174538,173.01161525319924
2024-02-08,252.51760047675324,0.0,1.0,0.0,235.16260055573963,5.02943189596167,176.50805178049177
2024-02-12,252.51760047675324,0.004016064257028162,1.0040160642570282,0.004008021397538868,235.16260055573963,5.040383299110198,176.37046779257662
2024-02-13,251.50753007484622,0.014256619144602745,1.0142566191446027,0.01415594923013224,234.22195015351667,5.04312114989733,175.63074420144957
2024-02-14,247.97228366817168,0.022916666666666696,1.0229166666666667,0.022658023892583996,230.92967374573632,5.045859000684462,173.1282851318209
2024-02-15,242.4168964576831,-0.04950495049504955,0.9504950495049505,-0.05077232537342326,225.75609653351003,5.048596851471594,169.21665617741394
2024-02-16,255.04277648152078,0.0,1.0,0.0,237.51422656129702,5.0513347022587265,177.9953209587145
2024-02-18,255.04277648152078,0.0,1.0,0.0,237.51422656129702,5.0568104038329915,177.92593579493607
2024-02-19,255.04277648152078,0.04338842975206614,1.0433884297520661,0.04247352255872814,237.51422656129702,5.059548254620124,177.89125335646048
2024-02-20,244.43703726149712,0.010438413361169019,1.010438413361169,0.01038430930571639,227.63739733795595,5.062286105407256,170.46056157702085
2024-02-21,241.9118612567296,-0.01642710472279263,0.9835728952772074,-0.016563525671674576,225.28577133239855,5.065023956194388,168.6667213780564
2024-02-22,245.95214286435765,-0.002049180327868827,0.9979508196721312,-0.0020512827705573607,229.0483729412904,5.06776180698152,171.45027543297198
2024-02-23,246.45717806531115,0.0,1.0,0.0,229.5186981424019,5.070499657768652,171.76884059989558
2024-02-25,246.45717806531115,0.02092050209205021,1.0209205020920502,0.0207046733616912,229.5186981424019,5.075975359342916,171.70188260868062
2024-02-26,241.4068260557761,0.002096436058700135,1.0020964360587001,0.002094241603114685,224.81544613128708,5.078713210130048,168.15061804506718
2024-02-27,240.9017908548226,-0.03830645161290325,0.9616935483870968,-0.03905943583658629,224.34512093017563,5.08145106091718,167.76613010820236
2024-02-28,250.49745967293921,-0.009980039920159722,0.9900199600798403,-0.010030174359937357,233.28129975129372,5.084188911704312,174.41463381348163
2024-02-29,253.02263567770675,0.0,1.0,0.0,235.6329257568511,5.086926762491444,176.13850513269531
2024-03-03,253.02263567770675,-0.019569471624266255,0.9804305283757337,-0.01976348911883975,235.6329257568511,5.0951403148528405,176.0355231453316
2024-03-04,258.07298768724183,0.026104417670682833,1.0261044176706828,0.02576951317905161,240.33617776796592,5.0978781656399725,179.5142073855206
2024-03-05,251.50753007484622,-0.007968127490039834,0.9920318725099602,-0.008000042667076265,234.22195015351667,5.100616016427105,174.91320791564382
2024-03-06,253.52767087866025,0.0040000000000000036,1.004,0.003992021269537457,236.1032509579626,5.103353867214237,176.28376424489485
2024-03-07,252.51760047675324,-0.011857707509881354,0.9881422924901186,-0.011928570865273732,235.16260055573963,5.106091718001369,175.54721305656312
2024-03-08,255.54781168247428,0.0,1.0,0.0,237.9845517624085,5.108829568788501,177.61915022515487
2024-03-10,255.54781168247428,0.03901437371663241,1.0390143737166324,0.038272546204875725,237.9845517624085,5.114305270362765,177.54991169819706
2024-03-11,245.95214286435765,0.008281573498964745,1.0082815734989647,0.008247469430017045,229.0483729412904,5.117043121149897,170.8497081919179
2024-03-12,243.93200206054362,-0.028169014084507005,0.971830985915493,-0.028573372444056,227.16707213684447,5.119780971937029,169.41339560863167
2024-03-13,251.00249487389272,-0.011928429423459175,0.9880715705765408,-0.012000144003110409,233.7516249524052,5.122518822724161,174.28994850197796
2024-03-14,254.03270607961375,0.03285420944558526,1.0328542094455853,0.03232604701714946,236.57357615907407,5.125256673511293,176.35966867385315
2024-03-15,245.95214286435765,0.0,1.0,0.0,229.0483729412904,5.127994524298426,170.71653475336896
2024-03-17,245.95214286435765,0.004123711340206171,1.0041237113402062,0.0041152321451065794,229.0483729412904,5.13347022587269,170.64998696627123
2024-03-18,244.94207246245065,0.021052631578947434,1.0210526315789474,0.020834086902842053,228.10772253906745,5.136208076659822,169.91603810811074
2024-03-19,239.89172045291556,-0.014522821576763545,0.9854771784232365,-0.014629310015959155,223.40447052795264,5.138945927446954,166.38017645220222
2024-03-20,243.42696685959012,-0.04365079365079372,0.9563492063492063,-0.04463215402076838,226.69674693573302,5.1416837782340865,168.79918503201867
2024-03-21,254.53774128056727,0.03490759753593431,1.0349075975359343,0.03431214498877884,237.04390136018557,5.144421629021219,176.46930693993318
2024-03-22,245.95214286435765,0.016701461377870652,1.0167014613778707,0.016563525671674642,229.0483729412904,5.147159479808351,170.48373096957246
2024-03-25,241.9118612567296,-0.004158004158004269,0.9958419958419957,-0.004166672694846057,225.28577133239855,5.155373032169747,167.58513841301578
2024-03-26,242.92193165863662,-0.0143442622950819,0.9856557377049181,-0.014448135747385928,226.22642173462154,5.158110882956879,168.25206445115285
2024-03-27,246.45717806531115,0.029535864978903037,1.029535864978903,0.029108084158070764,229.5186981424019,5.160848733744011,170.66736515530442
2024-03-28,239.38668525196206,0.017167381974249052,1.017167381974249,0.017021687569430743,222.93414532684116,5.163586584531143,165.73885709790628
2024-03-29,235.346403644334,0.02417582417582409,1.024175824175824,0.023888215174695374,219.17154371794933,5.166324435318275,162.9098152160196
2024-04-01,229.79101643384544,0.03409090909090917,1.0340909090909092,0.033522692038643644,213.99796650572307,5.174537987679671,158.97130525345352
2024-04-02,222.21548841954285,0.0185185185185186,1.0185185185185186,0.018349138668196617,206.94308848905087,5.177275838466803,153.70052688122018
2024-04-03,218.1752068119148,-0.04424778761061943,0.9557522123893806,-0.04525659158812083,203.18048688015904,5.1800136892539355,150.8765563092487
2024-04-04,228.2759108309849,0.0022172949002217113,1.0022172949002217,0.0022148403295528213,212.5869909023886,5.1827515400410675,157.8308106954044
2024-04-05,227.7708756300314,-0.03010752688172047,0.9698924731182795,-0.030570066084678004,212.11666570127713,5.1854893908282,157.4509301801268
2024-04-08,234.8413684433805,0.019736842105263275,1.0197368421052633,0.019544596072970346,218.70121851683786,5.193702943189596,162.24362856893228
2024-04-09,230.29605163479894,-0.053941908713692976,0.946058091286307,-0.05545130453621426,214.46829170683455,5.196440793976728,159.07241586875853
2024-04-11,243.42696685959012,0.012605042016806678,1.0126050420168067,0.012526259819180256,226.69674693573302,5.201916495550993,168.07678999107134
2024-04-12,240.3967556538691,-0.01449275362318836,0.9855072463768116,-0.014598799421152636,223.87479572906415,5.204654346338125,165.9521930437236
2024-04-15,243.93200206054362,-0.0020661157024792765,0.9979338842975207,-0.0020682530640589573,227.16707213684447,5.212867898699521,168.29421320283893
2024-04-16,244.43703726149712,0.03640256959314758,1.0364025695931476,0.035755649047734234,227.63739733795595,5.215605749486653,168.6097755449384
2024-04-17,235.85143884528753,0.010822510822510845,1.0108225108225108,0.010764366587158484,219.6418689190608,5.218343600273785,162.65581928939105
2024-04-18,233.32626284052,-0.017021276595744594,0.9829787234042554,-0.01716780362236533,217.29024291350342,5.221081451060917,160.8829558666984
2024-04-19,237.36654444814803,-0.04081632653061229,0.9591836734693877,-0.041672696400568074,221.05284452239525,5.223819301848049,163.63690456657883
2024-04-22,247.46724846721818,-0.018036072144288595,0.9819639278557114,-0.01820070464684639,230.45934854462485,5.232032854209446,170.50043317952364
2024-04-23,252.01256527579974,-0.011881188118811892,0.9881188118811881,-0.01195233352384117,234.69227535462815,5.234770704996578,173.59822833695995
2024-04-24,255.04277648152078,0.010000000000000009,1.01,0.009950330853168092,237.51422656129702,5.23750855578371,175.65133604926598
2024-04-25,252.51760047675324,0.002004008016031955,1.002004008016032,0.0020020026706729687,235.16260055573963,5.240246406570842,173.87831385151276
2024-04-26,252.01256527579974,-0.007952286282306043,0.992047713717694,-0.00798407434822042,234.69227535462815,5.242984257357974,173.49673156007128
2024-04-29,254.03270607961375,0.0019920318725099584,1.00199203187251,0.001990050408010009,236.57357615907407,5.25119780971937,174.78523636225052
2024-04-30,253.52767087866025,0.008032128514056325,1.0080321285140563,0.00800004266707637,236.1032509579626,5.253935660506502,174.40374830328594
2024-05-02,251.50753007484622,0.03319502074688785,1.0331950207468878,0.0326559629740525,234.22195015351667,5.259411362080766,172.94663359959696
2024-05-03,243.42696685959012,-0.004132231404958664,0.9958677685950413,-0.004140792666031388,226.69674693573302,5.262149212867898,167.35748652070887
2024-05-07,244.43703726149712,0.0,1.0,0.0,227.63739733795595,5.2731006160164275,167.92092330186935
2024-05-08,244.43703726149712,0.021097046413502074,1.021097046413502,0.02087758502155518,227.63739733795595,5.27583846680356,167.8881911031308
2024-05-09,239.38668525196206,-0.018633540372670843,0.9813664596273292,-0.018809331957496227,222.93414532684116,5.278576317590692,164.38737715903946
2024-05-10,243.93200206054362,-0.014285714285714346,0.9857142857142857,-0.014388737452099669,227.16707213684447,5.281314168377824,167.47600463508138
2024-05-13,247.46724846721818,-0.006085192697768638,0.9939148073022314,-0.006103782938017687,230.45934854462485,5.28952772073922,169.8038566882712
2024-05-14,248.98235407007869,-0.002024291497975672,0.9979757085020243,-0.0020263431452323616,231.87032414795928,5.292265571526352,170.81017025710975
2024-05-16,249.48738927103219,0.012295081967213184,1.0122950819672132,0.012220111334775397,232.34064934907073,5.297741273100616,171.08992184370896
2024-05-17,246.45717806531115,-0.02594810379241519,0.9740518962075848,-0.02629069523171764,229.5186981424019,5.300479123887748,168.9789617386037
2024-05-20,253.02263567770675,-0.009881422924901129,0.9901185770750989,-0.009930568202600689,235.6329257568511,5.308692676249144,173.37902255712822
2024-05-21,255.54781168247428,-0.08664259927797835,0.9133574007220217,-0.09062801745981827,237.9845517624085,5.3114305270362765,175.07521871123194
2024-05-22,279.7895013282426,0.0202578268876612,1.0202578268876612,0.02005536681334843,260.5601614157595,5.314168377823409,191.64578051705004
2024-05-23,274.234114117754,0.01495327102803734,1.0149532710280373,0.014842573037928849,255.38658420353323,5.316906228610541,187.80392433250697
2024-05-24,270.19383251012596,0.007532956685498915,1.007532956685499,0.007504725654067572,251.6239825946414,5.319644079397673,185.00094711199063
2024-05-27,268.17369170631196,0.0018867924528300772,1.00188679245283,0.001885014695771204,249.74268179019552,5.327857631759069,183.51040761468442
2024-05-28,267.66865650535846,0.01532567049808442,1.0153256704980844,0.015209418663528927,249.27235658908404,5.330595482546201,183.12910999333462
2024-05-29,263.6283748977304,0.015564202334630295,1.0155642023346303,0.015444322427473556,245.50975498019218,5.333333333333333,180.32973915622202
2024-05-30,259.58809329010234,0.015810276679842028,1.015810276679842,0.01568659616769969,241.74715337130036,5.336071184120465,177.53145270270474
2024-05-31,255.54781168247428,-0.04528301886792463,0.9547169811320754,-0.04634033725870208,237.9845517624085,5.338809034907597,174.73425031639871
2024-06-03,267.66865650535846,0.023166023166023342,1.0231660231660233,0.022901764286684632,249.27235658908404,5.347022587268994,182.9150342967091
2024-06-04,261.60823409391634,-0.018939393939393923,0.9810606060606061,-0.019121041446778397,243.62845417574624,5.349760438056126,178.7387141590137
2024-06-05,266.6585861034514,-0.0037735849056605986,0.9962264150943394,-0.003780722839906267,248.33170618686103,5.352498288843258,182.1537550124055
2024-06-07,267.66865650535846,-0.009345794392523255,0.9906542056074767,-0.009389740349838919,249.27235658908404,5.3579739904175225,182.77245621251228
2024-06-10,270.19383251012596,-0.01291512915129156,0.9870848708487084,-0.01299925454363971,251.6239825946414,5.366187542778919,184.38885592306548
2024-06-11,273.7290789168005,0.0037037037037037646,1.0037037037037038,0.0036968618813262026,254.91625900242178,5.368925393566051,186.76500788953038
2024-06-12,272.7190085148935,0.003717472118959231,1.0037174721189592,0.0037105793965357746,253.97560860019883,5.371663244353183,186.03956705020792
2024-06-13,271.70893811298646,0.003731343283582156,1.0037313432835822,0.003724399090982494,253.0349581979758,5.374401095140315,185.31440192946516
2024-06-14,270.69886771107946,-0.037701974865350096,0.9622980251346499,-0.03843107885648204,252.09430779575288,5.377138945927447,184.5895124473766
2024-06-17,281.3046069311031,-0.01590106007067138,0.9840989399293286,-0.016028838275898915,261.97113701909393,5.385352498288843,191.70941292073258
2024-06-18,285.84992373968464,-0.01221640488656206,0.9877835951134379,-0.012291638511556737,266.20406382909727,5.388090349075975,194.7690785382601
2024-06-19,289.3851701463592,0.003502626970227629,1.0035026269702276,0.003496507058729306,269.4963402368776,5.390828199863107,197.13944824775217
2024-06-20,288.3750997444522,0.019642857142857073,1.019642857142857,0.01945242592681523,268.5556898346547,5.393566050650239,196.4130589135617
2024-06-21,282.81971253396364,-0.003558718861209953,0.99644128113879,-0.003565066164496146,263.3821126224284,5.3963039014373715,192.59172118309175
2024-06-24,283.82978293587064,-0.025996533795494048,0.974003466204506,-0.026340416614408602,264.32276302465135,5.404517453798768,193.16654500619907
2024-06-25,291.40531095017326,-0.003454231433505983,0.996545768566494,-0.0034602110648956196,271.37764104132356,5.4072553045859,198.28357749613207
2024-06-26,292.41538135208026,-0.028523489932885893,0.9714765100671141,-0.028938189492354504,272.3182914435465,5.409993155373032,198.93208427719694
2024-06-27,301.0009797682899,0.01016949152542379,1.0101694915254238,0.010118130165584686,280.3138198624417,5.412731006160164,204.73300705425413
2024-06-28,297.9707685625688,0.03146853146853146,1.0314685314685315,0.030983545519967227,277.49186865577275,5.415468856947296,202.63243042941946
2024-07-01,288.8801349454057,0.04954128440366978,1.0495412844036698,0.04835319671655388,269.02601503576614,5.423682409308693,196.33556642554217
2024-07-02,275.244184519661,-0.012681159420289911,0.9873188405797101,-0.012762251613851293,256.3272346057562,5.426420260095825,187.03151403712772
2024-07-03,278.7794309263356,-0.00540540540540535,0.9945945945945946,-0.005420067469339145,259.61951101353657,5.429158110882957,189.39682805250717
2024-07-04,280.2945365291961,-0.01245551601423489,0.9875444839857651,-0.01253373614725658,261.030486616871,5.431895961670089,190.38903957949705
2024-07-05,283.82978293587064,-0.007067137809187218,0.9929328621908128,-0.007092228309491798,264.32276302465135,5.434633812457221,192.7527628795593
2024-07-08,285.84992373968464,0.030965391621129212,1.0309653916211292,0.03049563669365219,266.20406382909727,5.4428473648186175,194.01117080075457
2024-07-09,277.2643253234751,0.0,1.0,0.0,258.20853541020216,5.44558521560575,188.14729815755857
2024-07-10,277.2643253234751,-0.014362657091561815,0.9856373429084382,-0.014466798417753264,258.20853541020216,5.448323066392882,188.1106233070735
2024-07-11,281.3046069311031,0.025782688766114115,1.0257826887661141,0.02545591999334852,261.97113701909393,5.451060917180014,190.8145596944488
2024-07-12,274.234114117754,0.011173184357541999,1.011173184357542,0.011111225425070849,255.38658420353323,5.453798767967146,185.98224264645174
2024-07-15,271.20390291203296,-0.021857923497267895,0.9781420765027321,-0.02210034700066608,252.56463299686436,5.462012320328542,183.8196544839792
2024-07-16,277.2643253234751,0.022346368715083997,1.022346368715084,0.022100347000666137,258.20853541020216,5.464750171115674,187.89072428212552
2024-07-17,271.20390291203296,0.03071017274472143,1.0307101727447214,0.03024805275549752,252.56463299686436,5.467488021902806,183.74799891031935
2024-07-18,263.1233396967769,0.007736943907156846,1.0077369439071568,0.007707167244937959,245.0394297790807,5.470225872689938,178.23844806886817
2024-07-19,261.10319889296284,0.013725490196078383,1.0137254901960784,0.013632148790057627,243.15812897463476,5.47296372347707,176.83553807466603
2024-07-22,257.5679524862883,-0.032258064516129115,0.9677419354838709,-0.032789822822990956,239.86585256685441,5.4811772758384665,174.3392567967081
2024-07-23,266.1535509024979,0.01934235976789167,1.0193423597678917,0.019157674032933183,247.86138098574955,5.4839151266255985,180.11544927938678
2024-07-24,261.10319889296284,0.027833001988071482,1.0278330019880715,0.027452704408689837,243.15812897463476,5.486652977412731,176.6632557958506
2024-07-25,254.03270607961375,0.03285420944558526,1.0328542094455853,0.03232604701714946,236.57357615907407,5.489390828199863,171.8458340462234
2024-07-26,245.95214286435765,-0.046966731898238856,0.9530332681017611,-0.048105467121114756,229.0483729412904,5.492128678986996,166.34713322368145
2024-07-29,258.07298768724183,0.02200000000000002,1.022,0.02176149178151271,240.33617776796592,5.500342231348392,174.4428882720378
2024-07-30,252.51760047675324,0.004016064257028162,1.0040160642570282,0.004008021397538868,235.16260055573963,5.503080082135524,170.65448607731292
2024-07-31,251.50753007484622,-0.017751479289940808,0.9822485207100592,-0.01791092656653022,234.22195015351667,5.505817932922656,169.93873615124528
2024-08-01,256.0528468834278,0.03893442622950816,1.0389344262295082,0.03819559773803595,238.45487696351998,5.508555783709788,172.97619395237882
2024-08-02,246.45717806531115,0.08928571428571419,1.0892857142857142,0.08552217343816193,229.5186981424019,5.51129363449692,166.46139735329092
2024-08-05,226.2557700271709,-0.04680851063829783,0.9531914893617022,-0.047939462289119064,210.70569009794272,5.519507186858316,152.72767378528826
2024-08-06,237.36654444814803,-0.00423728813559332,0.9957627118644067,-0.004246290881451208,221.05284452239525,5.522245037645448,160.1964608939337
2024-08-07,238.37661485005506,-0.0021141649048626032,0.9978858350951374,-0.0021164029063776126,221.99349492461823,5.5249828884325805,160.8467885847357
2024-08-08,238.88165005100856,-0.026748971193415683,0.9732510288065843,-0.027113235408560844,222.46382012572968,5.5277207392197125,161.15614598872241
2024-08-09,245.44710766340415,-0.002053388090349051,0.997946611909651,-0.002055499182095999,228.57804774017893,5.530458590006845,165.55310773248976
2024-08-12,245.95214286435765,0.002057613168724215,1.0020576131687242,0.0020554991820959595,229.0483729412904,5.538672142368241,165.79675974647148
2024-08-13,245.44710766340415,0.008298755186721962,1.008298755186722,0.008264509849893431,228.57804774017893,5.541409993155373,165.4240628728144
2024-08-14,243.42696685959012,-0.05490196078431364,0.9450980392156864,-0.05646661166777106,226.69674693573302,5.544147843942505,164.0305678520158
2024-08-16,257.5679524862883,0.0,1.0,0.0,239.86585256685441,5.549623545516769,173.49165858823244
2024-08-19,257.5679524862883,-0.003906250000000222,0.9960937499999998,-0.003913899321136552,239.86585256685441,5.557837097878165,173.3902241189267
2024-08-20,258.57802288819533,0.013861386138613874,1.0138613861386139,0.01376619576414797,240.8065029690774,5.560574948665297,174.03625493061932
2024-08-21,255.04277648152078,0.01814516129032251,1.0181451612903225,0.01798250255043227,237.51422656129702,5.563312799452429,171.6233925781697
2024-08-22,250.49745967293921,-0.017821782178217838,0.9821782178217822,-0.017982502550432357,233.28129975129372,5.566050650239562,168.53190015994943
2024-08-23,255.04277648152078,0.012024048096192397,1.0120240480961924,0.011952333523841173,237.51422656129702,5.568788501026694,171.5564912847081
2024-08-26,252.01256527579974,0.008080808080808133,1.0080808080808081,0.008048333182828415,234.69227535462815,5.577002053388091,169.41908501303553
2024-08-27,249.99242447198571,-0.04440154440154431,0.9555984555984557,-0.04541747969079266,232.81097455018224,5.579739904175223,168.02825668877247
2024-08-28,261.60823409391634,0.0019342359767891004,1.001934235976789,0.0019323677510538603,243.62845417574624,5.582477754962355,175.80135524887194
2024-08-29,261.10319889296284,0.011741682974559575,1.0117416829745596,0.011673284304724587,243.15812897463476,5.585215605749487,175.4277682462815
2024-08-30,258.07298768724183,0.03861788617886197,1.038617886178862,0.037890873711396496,240.33617776796592,5.587953456536619,173.35805741502787
2024-09-02,248.47731886912518,0.03578947368421059,1.0357894736842106,0.03516391245766697,231.3999989468478,5.596167008898015,166.81467107701167
2024-09-03,239.89172045291556,0.021505376344086002,1.021505376344086,0.02127739844728488,223.40447052795264,5.598904859685147,161.01935649399925
2024-09-04,234.8413684433805,0.015283842794759694,1.0152838427947597,0.015168221473171225,218.70121851683786,5.601642710472279,157.598749179454
2024-09-05,231.30612203670597,0.00659340659340657,1.0065934065934066,0.006571765163234519,215.4089421090575,5.604380561259411,155.19603720852024
2024-09-06,229.79101643384544,-0.008714596949891074,0.9912854030501089,-0.008752791109594744,213.99796650572307,5.607118412046543,154.14941565080468
2024-09-09,231.81115723765947,-0.006493506493506551,0.9935064935064934,-0.006514681021193754,215.87926731016898,5.61533196440794,155.41365729430893
2024-09-10,233.32626284052,0.033557046979865834,1.0335570469798658,0.03300629646817008,217.29024291350342,5.618069815195072,156.3989406267818
2024-09-11,225.75073482621738,-0.03663793103448276,0.9633620689655172,-0.037325957612686436,210.23536489683121,5.620807665982204,151.29155649611786
2024-09-12,234.336333242427,-0.021097046413502074,0.9789029535864979,-0.021322769468821192,218.23089331572638,5.623545516769336,157.01476181245462
2024-09-13,239.38668525196206,-0.03658536585365857,0.9634146341463414,-0.037271394797231655,222.93414532684116,5.626283367556468,160.36743472466353
2024-09-19,248.47731886912518,-0.017964071856287456,0.9820359281437125,-0.018127384592556715,231.3999989468478,5.642710472279261,166.262750711502
2024-09-20,253.02263567770675,0.006024096385542244,1.0060240963855422,0.006006024060211949,235.6329257568511,5.645448323066393,169.27114066831805
2024-09-23,251.50753007484622,-0.015810276679841917,0.9841897233201581,-0.01593659226281264,234.22195015351667,5.653661875427789,168.15916675869457
2024-09-24,255.54781168247428,0.005964214711729587,1.0059642147117296,0.005946499187726303,237.9845517624085,5.6563997262149215,170.82721363201702
2024-09-25,254.03270607961375,-0.0289575289575289,0.9710424710424711,-0.029385072159743793,236.57357615907407,5.6591375770020536,169.78130277715334
2024-09-26,261.60823409391634,0.017681728880157177,1.0176817288801572,0.01752722570896032,243.62845417574624,5.661875427789186,174.8102817370632
2024-09-27,257.0629172853348,0.04303278688524581,1.0430327868852458,0.04213261069737548,239.39552736574294,5.664613278576318,171.73955438280674
2024-09-30,246.45717806531115,0.029535864978903037,1.029535864978903,0.029108084158070764,229.5186981424019,5.672826830937714,164.55776507251278
2024-10-02,239.38668525196206,-0.01043841336116913,0.9895615866388309,-0.010493275715838768,222.93414532684116,5.678302532511978,159.77453885663581
2024-10-04,241.9118612567296,-0.030364372469635637,0.9696356275303644,-0.03083491977700728,225.28577133239855,5.683778234086242,161.396984861846
2024-10-07,249.48738927103219,0.00406504065040636,1.0040650406504064,0.004056800695614248,232.34064934907073,5.691991786447638,166.35385204812292
2024-10-08,248.47731886912518,0.0,1.0,0.0,231.3999989468478,5.69472963723477,165.64805921835057
2024-10-10,248.47731886912518,-0.010060362173038184,0.9899396378269618,-0.010111309604320566,231.3999989468478,5.700205338809035,165.58348719670113
2024-10-11,251.00249487389272,0.0,1.0,0.0,233.7516249524052,5.702943189596167,167.23364162795028
2024-10-14,251.00249487389272,0.010162601626016343,1.0101626016260163,0.010111309604320695,233.7516249524052,5.711156741957564,167.13586600100297
2024-10-15,248.47731886912518,-0.004048582995951344,0.9959514170040487,-0.004056800695614318,231.3999989468478,5.713894592744696,165.42216724473303
2024-10-16,249.48738927103219,0.04883227176220806,1.048832271762208,0.047677423171504744,232.34064934907073,5.716632443531828,166.06223887576704
2024-10-17,237.87157964910156,0.004264392324093924,1.004264392324094,0.004255325570138491,221.52316972350675,5.71937029431896,158.29973338300152
2024-10-18,236.86150924719453,-0.010548523206751037,0.989451476793249,-0.010604553248797112,220.58251932128377,5.722108145106092,157.5968219291621
2024-10-21,239.38668525196206,0.010660980810234477,1.0106609808102345,0.010604553248797067,222.93414532684116,5.730321697467488,159.18383498919056
2024-10-22,236.86150924719453,-0.026970954356846488,0.9730290456431535,-0.027341345604320957,220.58251932128377,5.73305954825462,157.47397881223318
2024-10-23,243.42696685959012,0.054704595185995686,1.0547045951859957,0.05326072315639566,226.69674693573302,5.735797399041752,161.80738252609828
2024-10-24,230.80108683575247,0.01330376940133049,1.0133037694013305,0.013216051391526462,214.93861690794603,5.738535249828884,153.38497884188388
2024-10-25,227.7708756300314,-0.004415011037527616,0.9955849889624724,-0.004424785980355695,212.11666570127713,5.7412731006160165,151.3416654624117
2024-10-28,228.78094603193844,0.01116071428571419,1.0111607142857142,0.011098893068048765,213.0573161035001,5.749486652977413,151.92392712998895
2024-10-29,226.2557700271709,0.01587301587301604,1.015873015873016,0.01574835696813933,210.70569009794272,5.752224503764545,150.2177754930843
2024-10-30,222.72052362049635,0.025581395348837077,1.025581395348837,0.025259666759237756,207.41341369016234,5.754962354551677,147.84179888250588
2024-10-31,217.1651364100078,0.007025761124121788,1.0070257611241218,0.007001195458983561,202.23983647793608,5.757700205338809,144.12603553739342
2024-11-01,215.65003080714726,-0.01385681293302532,0.9861431870669747,-0.013953714773865207,200.82886087460165,5.760438056125941,143.09260711111116
2024-11-04,218.6802420128683,0.006976744186046435,1.0069767441860464,0.006952519314881663,203.65081208127052,5.768651608487337,145.0184392827397
2024-11-05,217.1651364100078,0.041162227602905554,1.0411622276029056,0.040337615726575335,202.23983647793608,5.771389459274469,143.98562053874915
2024-11-06,208.57953799379817,-0.004819277108433773,0.9951807228915662,-0.00483092726966558,194.24430805904092,5.774127310061601,138.26620880270121
2024-11-07,209.5896083957052,0.019656019656019597,1.0196560196560196,0.01946533478810325,195.1849584612639,5.776865160848733,138.90869658839122
2024-11-08,205.54932678807714,-0.03554502369668244,0.9644549763033176,-0.03619212859341679,191.42235685237208,5.779603011635865,136.20438359355376
2024-11-11,213.12485480237973,0.019323671497584627,1.0193236714975846,0.019139340210697506,198.47723486904425,5.7878165639972625,141.1416323485825
2024-11-12,209.08457319475167,0.035517758879439754,1.0355177588794398,0.03490155175901473,194.7146332601524,5.790554414784395,138.43897094015256
2024-11-13,201.91307334121188,-0.007940446650124056,0.9920595533498759,-0.00797213988038328,188.0360154043694,5.793292265571527,133.66452130971885
2024-11-14,203.5291859842631,-0.021844660194174748,0.9781553398058253,-0.022086787402843398,189.54105604792613,5.796030116358659,134.70810913748846
2024-11-15,208.07450279284467,-0.05069124423963134,0.9493087557603687,-0.052021184750878476,193.77398285792947,5.798767967145791,137.68963426133217
2024-11-18,219.18527721382182,0.006960556844547661,1.0069605568445477,0.006936443996657169,204.12113728238202,5.806981519507187,144.95719242145535
2024-11-19,217.6701716109613,-0.013729977116704761,0.9862700228832952,-0.013825104991842318,202.71016167904756,5.809719370294319,143.92712353223646
2024-11-20,220.70038281668232,0.0139211136890951,1.013921113689095,0.013825104991842335,205.53211288571643,5.812457221081451,145.9023036456486
2024-11-21,217.6701716109613,-0.00691244239631339,0.9930875576036866,-0.0069364439966570985,202.71016167904756,5.815195071868583,143.8710186470931
2024-11-22,219.18527721382182,-0.00913242009132409,0.9908675799086759,-0.009174376276041157,204.12113728238202,5.817932922655715,144.84420160653698
2024-11-25,221.20541801763582,-0.020134228187919434,0.9798657718120806,-0.020339684237122672,206.0024380868279,5.8261464750171115,146.09370538780485
2024-11-26,225.75073482621738,0.011312217194570096,1.01131221719457,0.011248712535870667,210.23536489683121,5.8288843258042435,149.06656818622588
2024-11-27,223.22555882144985,0.009132420091324311,1.0091324200913243,0.009090971701252105,207.88373889127382,5.831622176591376,147.3704249415527
2024-11-28,221.20541801763582,0.0022883295194506825,1.0022883295194507,0.002285715280855861,206.0024380868279,5.834360027378508,146.00828953786998
2024-11-29,220.70038281668232,0.011574074074073959,1.011574074074074,0.011507606851479725,205.53211288571643,5.83709787816564,145.64654140692488
2024-12-02,218.1752068119148,0.006993006993006867,1.0069930069930069,0.006968669316093215,203.18048688015904,5.845311430527036,143.89592490423928
2024-12-03,216.6601012090543,0.026315789473684292,1.0263157894736843,0.025975486403260736,201.7695112768246,5.848049281314168,142.86879333786013
2024-12-04,211.1047139985657,0.022004889975550057,1.02200488997555,0.021766276481954505,196.59593406459834,5.8507871321013,139.1783561378792
2024-12-05,206.55939718998414,0.004914004914004844,1.0049140049140048,0.004901970600206688,192.363007254595,5.853524982888432,136.15514757839594
2024-12-06,205.54932678807714,0.01243781094527363,1.0124378109452736,0.012361096823573926,191.42235685237208,5.856262833675565,135.4629418020582
2024-12-09,203.0241507833096,-0.04513064133016631,0.9548693586698337,-0.046180745063360396,189.07073084681466,5.864476386036961,133.72055045948656
2024-12-10,212.61981960142623,0.0071770334928229484,1.007177033492823,0.0071514011576250865,198.00690966793277,5.867214236824093,140.01337837251256
2024-12-11,211.1047139985657,-0.011820330969267157,0.9881796690307328,-0.011890746521521674,196.59593406459834,5.8699520876112254,138.98856053326313
2024-12-12,213.62989000333323,-0.016279069767441978,0.983720930232558,-0.01641302964133026,198.94756007015573,5.8726899383983575,140.62368652888586
2024-12-13,217.1651364100078,0.018957345971563955,1.018957345971564,0.018779894651596275,202.23983647793608,5.87542778918549,142.92292758818738
2024-12-16,213.12485480237973,0.021791767554479424,1.0217917675544794,0.021557721074979056,198.47723486904425,5.883641341546886,140.18188901154414
2024-12-17,208.57953799379817,-0.04618937644341803,0.953810623556582,-0.047290135041457106,194.24430805904092,5.886379192334018,137.16548550264048
2024-12-18,218.6802420128683,0.021226415094339535,1.0212264150943395,0.021004272770531997,203.65081208127052,5.88911704312115,143.77984996143024
2024-12-19,214.13492520428673,0.0071258907363420665,1.007125890736342,0.0071006215495763685,199.41788527126718,5.891854893908282,140.7639103016356
2024-12-20,212.61981960142623,-0.020930232558139528,0.9790697674418605,-0.02115237500522668,198.00690966793277,5.894592744695414,139.7406947955319
2024-12-23,217.1651364100078,-0.006928406466512604,0.9930715935334874,-0.006952519314881641,202.23983647793608,5.90280629705681,142.64457750778573
2024-12-24,218.6802420128683,-0.0045977011494253706,0.9954022988505746,-0.00460830308619433,203.65081208127052,5.905544147843942,143.61177306998286
2024-12-26,219.69031241477532,0.011627906976744207,1.0116279069767442,0.011560822401076006,204.59146248349347,5.9110198494182065,144.2188663606695
2024-12-27,217.1651364100078,0.014150943396226578,1.0141509433962266,0.014051753455650507,202.23983647793608,5.9137577002053385,142.5333893232807
2024-12-30,214.13492520428673,0.0023640661938533203,1.0023640661938533,0.0023612761856796854,199.41788527126718,5.921971252566735,140.4623798779441
2025-01-02,213.62989000333323,-0.007042253521126862,0.9929577464788731,-0.007067167223092555,198.94756007015573,5.930184804928132,140.04917095539088
2025-01-03,215.14499560619376,0.007092198581560405,1.0070921985815604,0.007067167223092573,200.35853567349017,5.932922655715264,141.01493461310392
2025-01-06,213.62989000333323,0.0023696682464455776,1.0023696682464456,0.002366865010266244,198.94756007015573,5.94113620807666,139.94000583091136
2025-01-07,213.12485480237973,-0.011709601873536313,0.9882903981264637,-0.011778699192612763,198.47723486904425,5.943874058863792,139.58196489796885
2025-01-08,215.65003080714726,0.0023474178403755097,1.0023474178403755,0.0023446669592540547,200.82886087460165,5.946611909650924,141.20824908464436
2025-01-09,215.14499560619376,-0.05752212389380529,0.9424778761061947,-0.05924283356286074,200.35853567349017,5.949349760438056,140.85008987398516
2025-01-10,228.2759108309849,0.027272727272727115,1.0272727272727271,0.026907452919924187,212.5869909023886,5.952087611225188,149.417443169653
2025-01-13,222.21548841954285,-0.009009009009009028,0.990990990990991,-0.009049835519917927,206.94308848905087,5.960301163586585,145.3655685414899
2025-01-14,224.23562922335688,0.006802721088435382,1.0068027210884354,0.006779686985378769,208.8243892934968,5.963039014373717,146.65848054634634
2025-01-15,222.72052362049635,0.006849315068493178,1.0068493150684932,0.006825965070399891,207.41341369016234,5.965776865160849,145.63915043622814
2025-01-16,221.20541801763582,0.03546099290780136,1.0354609929078014,0.0348467313301681,206.0024380868279,5.968514715947981,144.6202121420642
2025-01-17,213.62989000333323,0.014388489208633004,1.014388489208633,0.014285957247476434,198.94756007015573,5.971252566735113,139.64024029328766
2025-01-20,210.5996787976122,0.009685230024213176,1.0096852300242132,0.009638628837768793,196.12560886348686,5.979466119096509,137.5790429820777
2025-01-21,208.57953799379817,-0.00959232613908878,0.9904076738609112,-0.009638628837768745,194.24430805904092,5.982203969883641,136.23277940740653
2025-01-22,210.5996787976122,-0.0023923444976076125,0.9976076555023924,-0.002395210725954822,196.12560886348686,5.984941820670773,137.52541267102023
2025-01-23,211.1047139985657,0.019512195121951015,1.019512195121951,0.019324272826402623,196.59593406459834,5.987679671457905,137.82833822226442
2025-01-24,207.06443239093767,-0.004854368932038722,0.9951456310679613,-0.004866189651172788,192.8333324557065,5.990417522245037,135.1641231150922
2025-01-31,208.07450279284467,0.01980198019801982,1.0198019801980198,0.019608471388376337,193.77398285792947,6.009582477754963,135.63823972158295
2025-02-03,204.0342211852166,0.004975124378109319,1.0049751243781093,0.004962789342128876,190.0113812490376,6.017796030116359,132.92672444926578
2025-02-04,203.0241507833096,-0.017114914425427785,0.9828850855745722,-0.017263067423780597,189.07073084681466,6.020533880903491,132.24288871957754
2025-02-05,206.55939718998414,0.004914004914004844,1.0049140049140048,0.004901970600206688,192.363007254595,6.023271731690623,134.5193991112854
2025-02-06,205.54932678807714,0.014962593516209433,1.0149625935162094,0.01485175813602576,191.42235685237208,6.026009582477755,133.83550939613013
2025-02-07,202.5191155823561,0.005516549648946878,1.0055165496489469,0.005501389218885958,188.6004056457032,6.028747433264887,131.83680087787198
2025-02-10,201.40803814025838,0.0,1.0,0.0,187.56569020325793,6.036960985626283,131.03684925369382
2025-02-11,201.40803814025838,0.006562342251388076,1.006562342251388,0.006540903823232598,187.56569020325793,6.039698836413415,131.01130672982302
2025-02-12,200.09494661777927,-0.04988009592326137,0.9501199040767386,-0.05116708753435087,186.3428446803681,6.0424366872005475,130.13179977693568
2025-02-13,210.5996787976122,0.012135922330096971,1.012135922330097,0.012062872449274944,196.12560886348686,6.04517453798768,136.936857245833
2025-02-14,208.07450279284467,0.03103103103103111,1.031031031031031,0.03055930257512801,193.77398285792947,6.047912388774812,135.26855596651473
2025-02-17,201.8120663010212,-0.003491271820448949,0.996508728179551,-0.003497380532170804,187.94195036414712,6.056125941136208,131.12065993341264
2025-02-18,202.5191155823561,-0.017156862745097978,0.982843137254902,-0.01730574709759245,188.6004056457032,6.05886379192334,131.55439321853905
2025-02-19,206.05436198903064,0.004926108374384119,1.0049261083743841,0.004914014802428941,191.89268205348353,6.061601642710472,133.82476290073842
2025-02-20,205.04429158712364,-0.014563106796116498,0.9854368932038835,-0.014670189747793742,190.9520316512606,6.064339493497604,133.1428010719182
2025-02-21,208.07450279284467,-0.004830917874396046,0.995169082125604,-0.004842624475787903,193.77398285792947,6.067077344284736,135.08409210246555
2025-02-24,209.08457319475167,0.022222222222222143,1.0222222222222221,0.021978906718775167,194.7146332601524,6.075290896646133,135.66047781321524
2025-02-25,204.5392563861701,-0.012195121951219634,0.9878048780487804,-0.01227009259181447,190.4817064501491,6.078028747433265,132.68546806567414
2025-02-26,207.06443239093767,0.02244389027431426,1.0224438902743143,0.022195732391784347,192.8333324557065,6.080766598220397,134.2973770738369
2025-02-27,202.5191155823561,0.03886010362694314,1.0388601036269431,0.03812405784173846,188.6004056457032,6.083504449007529,131.3237824243104
2025-02-28,194.9435875680535,0.014188124014713477,1.0141881240147135,0.014088414602781613,181.54552762903097,6.0862422997946615,126.38678057924267
2025-03-04,192.21639748290457,-0.02259887005649719,0.9774011299435028,-0.022858138076050208,179.005771543029,6.09719370294319,124.52153795249735
2025-03-05,196.66070725129543,-0.014676113360323928,0.9853238866396761,-0.01478487293561348,183.14463331281004,6.099931553730322,127.3758149237392
2025-03-06,199.58991141682577,0.0050864699898272026,1.0050864699898272,0.0050735776007014045,185.87251947925662,6.102669404517454,129.24784201257768
2025-03-07,198.57984101491874,-0.004052684903748771,0.9959473150962512,-0.004060919286315069,184.93186907703364,6.105407255304586,128.56868744290034
2025-03-10,199.38789733644435,0.009202453987730008,1.00920245398773,0.009160369398664195,185.68438939881202,6.113620807665982,129.01638059238738
2025-03-11,197.56977061301174,-0.013118062563067578,0.9868819374369324,-0.013204864295170624,183.99121867481068,6.116358658453114,127.81502006979731
2025-03-12,200.19595365796997,-0.013930348258706537,0.9860696517412935,-0.014028286163188207,186.4369097205904,6.119096509240246,129.4887470500786
2025-03-13,203.0241507833096,0.012594458438287104,1.012594458438287,0.012515807931830597,189.07073084681466,6.121834360027378,131.29245592679243
2025-03-14,200.49897477854208,-0.002512562814070307,0.9974874371859297,-0.002515724597247247,186.71910484125726,6.12457221081451,129.63419114589905
2025-03-17,201.00400997949558,-0.007481296758104827,0.9925187032418952,-0.007509422022131571,187.18943004236874,6.132785763175907,129.88474216817937
2025-03-18,202.5191155823561,-0.017156862745097978,0.982843137254902,-0.01730574709759245,188.6004056457032,6.135523613963039,130.83826410129907
2025-03-19,206.05436198903064,0.007407407407407529,1.0074074074074075,0.00738010729762268,191.89268205348353,6.138261464750171,133.0962748056145
2025-03-20,204.5392563861701,-0.012195121951219634,0.9878048780487804,-0.01227009259181447,190.4817064501491,6.140999315537303,132.09187253056737
2025-03-21,207.06443239093767,-0.03755868544600938,0.9624413145539906,-0.038282186571016924,192.8333324557065,6.143737166324435,133.6965703346383
2025-03-24,215.14499560619376,-0.03181818181818186,0.9681818181818181,-0.032335380642936465,200.35853567349017,6.151950718685832,138.8327793423499
2025-03-25,222.21548841954285,-0.009009009009009028,0.990990990990991,-0.009049835519917927,206.94308848905087,6.154688569472964,143.36740742311892
2025-03-26,224.23562922335688,0.04470588235294115,1.0447058823529412,0.0437353935078079,208.8243892934968,6.157426420260096,144.64254736184242
2025-03-27,214.63996040524026,0.03658536585365857,1.0365853658536586,0.03593200922606337,199.8882104723787,6.160164271047228,138.42590069878884
2025-03-28,207.06443239093767,0.03955375253549698,1.039553752535497,0.038791536969873155,192.8333324557065,6.16290212183436,133.51425016571332
2025-03-31,199.18588325606297,-0.007049345417925457,0.9929506545820745,-0.007074309442537154,185.49625931836744,6.1711156741957565,128.35910481323836
2025-04-01,200.59998181873277,0.011716760061130982,1.011716760061131,0.011648650328656895,186.81316988147955,6.1738535249828885,129.24517815652212
2025-04-02,198.27681989434663,0.012899896800825594,1.0128998968008256,0.012817401825749525,184.64967395636674,6.176591375770021,127.72347951278597
2025-04-03,195.7516438895791,0.010427528675703845,1.0104275286757038,0.010373537007327998,182.29804795080935,6.179329226557153,126.07226366103627
2025-04-04,193.73150308576507,0.07091010608598536,1.0709101060859854,0.06850885338267164,180.41674714636343,6.182067077344285,124.74688712262653
2025-04-07,180.90360898154603,-0.0005580357142856984,0.9994419642857143,-0.0005581914741639864,168.4704870381319,6.190280629705681,116.41869032500824
2025-04-08,181.00461602173672,0.006741573033707926,1.006741573033708,0.006718950248745009,168.56455207835418,6.193018480492813,116.46098665416251
2025-04-09,179.7925315394483,-0.048128342245989275,0.9518716577540107,-0.04932506656250144,167.43577159568662,6.195756331279945,115.65856468795954
2025-04-10,188.88316515661143,0.05352112676056331,1.0535211267605633,0.05213800793911607,175.90162521569326,6.198494182067077,121.4827848415424
2025-04-11,179.2874963384948,-0.010039040713887282,0.9899609592861127,-0.010089771695616648,166.96544639457514,6.201232032854209,115.2887223336974
2025-04-14,181.10562306192742,-0.04117647058823537,0.9588235294117646,-0.04204823624349951,168.65861711857647,6.209445585215605,116.3897585988826
2025-04-15,188.88316515661143,0.029168959823885565,1.0291689598238856,0.02875164145246116,175.90162521569326,6.2121834360027375,121.36443006264888
2025-04-16,183.52979202650425,0.0,1.0,0.0,170.91617808391157,6.2149212867898695,117.9017029119383
2025-04-17,183.52979202650425,-0.029380341880341776,0.9706196581196582,-0.029820588641366063,170.91617808391157,6.217659137577002,117.87872077311104
2025-04-18,189.08517923699281,-0.0005339028296851289,0.9994660971703149,-0.0005340454065512885,176.08975529613784,6.220396988364135,121.42319818910677
2025-04-21,189.18618627718354,0.009159482758620774,1.0091594827586208,0.009117789097942712,176.18382033636016,6.228610540725531,121.41703121335446
2025-04-22,187.4690665939416,-0.023157894736842155,0.9768421052631578,-0.023430251808385996,174.58471465258108,6.231348391512663,120.2915554168556
2025-04-23,191.91337636233246,0.0058231868713605195,1.0058231868713605,0.0058062976530222875,178.72357642236213,6.234086242299795,123.11929101438656
2025-04-24,190.80229892023473,0.0005296610169491789,1.0005296610169492,0.0005295207960635808,177.68886097991685,6.236824093086927,122.38263487788409
2025-04-25,190.70129188004404,-0.0010582010582010914,0.9989417989417989,-0.0010587613482420989,177.59479593969456,6.239561943874059,122.29400492070273
2025-04-28,190.90330596042546,-0.01970954356846466,0.9802904564315353,-0.019906367116802787,177.78292602013917,6.247775496235455,122.35197690979177
2025-04-29,194.7415734876721,0.011542497376705096,1.011542497376705,0.011476390956343457,181.35739754858642,6.250513347022587,124.78763461695532
2025-04-30,192.51941860347668,0.006335797254487963,1.006335797254488,0.0063158104681239734,179.2879666636959,6.253251197809719,123.33966249833492
2025-05-02,191.30733412118826,0.009594882729211163,1.0095948827292112,0.009549144179853645,178.15918618102836,6.2587268993839835,122.51535048357349
2025-05-07,189.48920739775562,0.0026723677177979965,1.002672367717798,0.0026688032920803954,176.466015457027,6.272416153319644,121.23277546260877
2025-05-08,188.98417219680212,-0.014744602422327557,0.9852553975776724,-0.01485438453819628,175.99569025591555,6.275154004106776,120.8860919206644
2025-05-09,191.81236932214176,-0.030132788559754764,0.9698672114402452,-0.03059611227816972,178.62951138213984,6.277891854893908,122.67126710818154
2025-05-12,197.77178469339313,-0.004575495678698527,0.9954245043213015,-0.00458599529860338,184.17934875525526,6.286105407255304,126.4085888127339
2025-05-13,198.68084805510944,-0.0020294266869609334,0.9979705733130391,-0.002031488763661133,185.02593411725593,6.288843258042436,126.96487569849874
2025-05-14,199.08487621587224,0.021772939346811793,1.0217729393468118,0.021539294246991098,185.40219427814512,6.291581108829569,127.19826646573333
2025-05-15,194.8425805278628,-0.004643962848297156,0.9953560371517028,-0.004654779544982405,181.4514625888087,6.294318959616701,124.46353518010984
2025-05-16,195.7516438895791,0.014659685863874117,1.0146596858638741,0.014553271410035758,182.29804795080935,6.297056810403833,125.01986156019835
2025-05-19,192.9234467642395,0.0079155672823219,1.007915567282322,0.007884403524148835,179.66422682458509,6.30527036276523,123.14155039971725
2025-05-20,191.40834116137896,0.007978723404255428,1.0079787234042554,0.00794706169253194,178.25325122125065,6.308008213552362,122.15065514757892
2025-05-21,189.89323555851843,0.030701754385964897,1.030701754385965,0.030239885189718176,176.8422756179162,6.310746064339494,121.16014151954857
2025-05-22,184.23684130783917,0.013896609227348478,1.0138966092273485,0.013800936683743546,171.57463336546763,6.313483915126626,117.52820222724235
2025-05-23,181.71166530307164,-0.010995052226497992,0.989004947773502,-0.011055944567589066,169.22300735991024,6.316221765913758,115.89474885713993
2025-05-26,183.73180610688564,0.0,1.0,0.0,171.10430816435615,6.324435318275154,117.11467120102775
2025-05-27,183.73180610688564,-0.02151694459386777,0.9784830554061322,-0.021751809203321863,171.10430816435615,6.327173169062286,117.09184247535393
2025-05-28,187.7720877145137,-0.026701570680628395,0.9732984293193716,-0.027064533319231667,174.86690977324798,6.329911019849418,119.64337813801728
2025-05-29,192.9234467642395,0.03076092822450094,1.030760928224501,0.030297294755315902,179.66422682458509,6.33264887063655,122.90172561419851
2025-05-30,187.1660454733695,0.00706521739130439,1.0070652173913044,0.00704037568232852,174.30251953191421,6.335386721423682,119.21073594753858
2025-06-02,185.8529539508904,-0.01075268817204289,0.9892473118279571,-0.010810916104215506,173.0796740090244,6.3436002737850785,118.30518576811691
2025-06-04,187.8730947547044,-0.01898734177215189,0.9810126582278481,-0.01916991610772017,174.96097481347027,6.349075975359343,119.54449334644094
2025-06-05,191.50934820156965,-0.04145601617795758,0.9585439838220424,-0.04233982936769036,178.34731626147294,6.351813826146475,121.83450435850237
2025-06-09,199.79192549720716,0.004060913705583813,1.0040609137055838,0.004052690450623289,186.0606495597012,6.362765229295003,127.00464371438882
2025-06-10,198.98386917568155,-0.01990049751243783,0.9800995024875622,-0.020101179321087265,185.30812923792283,6.365503080082136,126.46631836773751
2025-06-11,203.0241507833096,-0.002481389578163795,0.9975186104218362,-0.002484473327661945,189.07073084681466,6.368240930869268,129.0090102479114
2025-06-12,203.5291859842631,0.012562814070351758,1.0125628140703518,0.012484556662245277,189.54105604792613,6.3709787816564,129.30471838373293
2025-06-13,201.00400997949558,-0.012406947890818865,0.9875930521091811,-0.012484556662245284,187.18943004236874,6.373716632443532,127.67554931035072
2025-06-16,203.5291859842631,-0.017073170731707332,0.9829268292682927,-0.01722059775167052,189.54105604792613,6.381930184804928,129.2039283142034
2025-06-17,207.06443239093767,-0.004854368932038722,0.9951456310679613,-0.004866189651172788,192.8333324557065,6.38466803559206,131.42254258227135
2025-06-18,208.07450279284467,-0.004830917874396046,0.995169082125604,-0.004842624475787903,193.77398285792947,6.3874058863791925,132.03788548579413
2025-06-19,209.08457319475167,-0.014285714285714346,0.9857142857142857,-0.014388737452099669,194.7146332601524,6.3901437371663246,132.6529835027629
2025-06-20,212.11478440047273,0.042183622828784184,1.0421836228287842,0.04131814933073107,197.5365844668213,6.392881587953457,134.54925821204802
2025-06-23,203.5291859842631,-0.021844660194174748,0.9781553398058253,-0.022086787402843398,189.54105604792613,6.401095140314853,129.02773469923594
2025-06-24,208.07450279284467,-0.05069124423963134,0.9493087557603687,-0.052021184750878476,193.77398285792947,6.403832991101985,131.8835348076449
2025-06-25,219.18527721382182,0.035799522673031214,1.0357995226730312,0.03517361417826731,204.12113728238202,6.406570841889117,138.8987791826543
2025-06-26,211.6097491995192,0.02195121951219492,1.021951219512195,0.021713760223784045,197.0662592657098,6.409308692676249,134.07199088463764
2025-06-27,207.06443239093767,0.0073710073710073765,1.0073710073710074,0.007343974255758505,192.8333324557065,6.412046543463381,131.16659011955824
2025-06-30,205.54932678807714,-0.030952380952380953,0.969047619047619,-0.031441525834819004,191.42235685237208,6.420260095824777,130.13070722662005
2025-07-01,212.11478440047273,-0.016393442622950727,0.9836065573770493,-0.01652930195121047,197.5365844668213,6.422997946611909,134.26104019686844
2025-07-02,215.65003080714726,-0.004662004662004726,0.9953379953379953,-0.004672905699392482,200.82886087460165,6.425735797399041,136.47211701338438
2025-07-03,216.6601012090543,0.019002375296912177,1.0190023752969122,0.018824085245635617,201.7695112768246,6.4284736481861735,137.0846040763518
2025-07-04,212.61981960142623,0.00959232613908867,1.0095923261390887,0.00954661188357991,198.00690966793277,6.431211498973306,134.50202473401902
2025-07-07,210.5996787976122,-0.011848341232227444,0.9881516587677726,-0.011919092237210311,196.12560886348686,6.439425051334703,133.14620431598414
2025-07-08,213.12485480237973,0.007159904534606243,1.0071599045346062,0.007134394113874111,198.47723486904425,6.442162902121835,134.71641669802636
2025-07-09,211.6097491995192,0.007211538461538325,1.0072115384615383,0.007185659660874312,197.0662592657098,6.444900752908967,133.7326439658533
2025-07-10,210.0946435966587,0.0,1.0,0.0,195.65528366237538,6.447638603696099,132.74924964125427
2025-07-11,210.0946435966587,-0.04147465437788023,0.9585253456221198,-0.04235927383914162,195.65528366237538,6.450376454483231,132.72337332556825
2025-07-14,219.18527721382182,0.028436018957346043,1.028436018957346,0.028039220064393126,204.12113728238202,6.458590006844627,138.3852552718124
2025-07-15,213.12485480237973,0.016867469879517927,1.016867469879518,0.016726793805313365,198.47723486904425,6.461327857631759,134.5327057786821
2025-07-16,209.5896083957052,-0.011904761904761862,0.9880952380952381,-0.01197619104671565,195.1849584612639,6.464065708418891,132.27533164816998
2025-07-17,212.11478440047273,-0.002375296912114022,0.997624703087886,-0.0023781224049674358,197.5365844668213,6.466803559206023,133.8429157562667
2025-07-18,212.61981960142623,0.0071770334928229484,1.007177033492823,0.0071514011576250865,198.00690966793277,6.469541409993155,134.13543774741396
2025-07-21,211.1047139985657,0.012106537530266248,1.0121065375302662,0.012033839563723463,196.59593406459834,6.477754962354552,133.1017378454048
2025-07-22,208.57953799379817,-0.06981981981981988,0.9301801801801801,-0.07237696947119207,194.24430805904092,6.480492813141684,131.48397711691436
2025-07-23,224.23562922335688,0.020689655172413834,1.0206896551724138,0.0204785313435407,208.8243892934968,6.483230663928816,141.3256810208687
2025-07-24,219.69031241477532,0.004618937644341958,1.004618937644342,0.0046083030861944025,204.59146248349347,6.485968514715948,138.43398159018406
2025-07-25,218.6802420128683,-0.009153318077803174,0.9908466819221968,-0.009195467093100275,203.65081208127052,6.48870636550308,137.7706431609388
2025-07-28,220.70038281668232,0.002293577981651307,1.0022935779816513,0.0022909517465557624,205.53211288571643,6.496919917864476,138.96205742503835
2025-07-29,220.19534761572882,-0.022421524663677084,0.9775784753363229,-0.0226767086710297,205.06178768460495,6.499657768651608,138.61704107662814
2025-07-30,225.24569962526388,0.04694835680751175,1.0469483568075117,0.04587960575069366,209.76503969571974,6.50239561943874,141.76869118009347
2025-07-31,215.14499560619376,0.014285714285714235,1.0142857142857142,0.014184634991956381,200.35853567349017,6.505133470225872,135.38495553930886
2025-08-01,212.11478440047273,-0.004739336492890933,0.9952606635071091,-0.004750602758597753,197.5365844668213,6.507871321013004,133.45210678692644
2025-08-04,213.12485480237973,0.002375296912114022,1.002375296912114,0.0023724803536303955,198.47723486904425,6.5160848733744015,134.00919671131652
2025-08-05,212.61981960142623,0.0,1.0,0.0,198.00690966793277,6.5188227241615335,133.66557936093946
2025-08-06,212.61981960142623,-0.009411764705882342,0.9905882352941177,-0.0094563352420354,198.00690966793277,6.521560574948666,133.6395244285218
2025-08-07,214.63996040524026,0.0,1.0,0.0,199.8882104723787,6.524298425735798,134.88296126919315
2025-08-08,214.63996040524026,0.0,1.0,0.0,199.8882104723787,6.52703627652293,134.8566690370645
2025-08-11,214.63996040524026,-0.0023474178403755097,0.9976525821596245,-0.0023501773449535156,199.8882104723787,6.535249828884326,134.77782308696277
2025-08-12,215.14499560619376,-0.01388888888888884,0.9861111111111112,-0.01398624197473984,200.35853567349017,6.537987679671458,135.06861382278996
2025-08-13,218.1752068119148,-0.006896551724137945,0.993103448275862,-0.006920442844573795,203.18048688015904,6.54072553045859,136.94428942185002
2025-08-14,219.69031241477532,0.004618937644341958,1.004618937644342,0.0046083030861944025,204.59146248349347,6.543463381245722,137.86841201732165
2025-08-18,218.6802420128683,-0.011415525114155223,0.9885844748858448,-0.011481182373956254,203.65081208127052,6.55441478439425,137.127563081346
2025-08-19,221.20541801763582,-0.006802721088435382,0.9931972789115646,-0.006825965070399871,206.0024380868279,6.5571526351813825,138.68398381756566
2025-08-20,222.72052362049635,-0.004514672686230292,0.9954853273137697,-0.004524894598289689,207.41341369016234,6.5598904859685145,139.60665580785073
2025-08-21,223.73059402240338,0.006818181818181834,1.0068181818181818,0.006795043132828808,208.35406409238533,6.562628336755647,140.212456149627
2025-08-22,222.21548841954285,-0.009009009009009028,0.990990990990991,-0.009049835519917927,206.94308848905087,6.565366187542779,139.2357901262769
2025-08-25,224.23562922335688,0.016018306636155666,1.0160183066361557,0.01589136733663466,208.8243892934968,6.573579739904175,140.41942371138842
2025-08-26,220.70038281668232,-0.006818181818181834,0.9931818181818182,-0.006841531816716712,205.53211288571643,6.576317590691307,138.17866406572418
2025-08-27,222.21548841954285,-0.009009009009009028,0.990990990990991,-0.009049835519917927,206.94308848905087,6.579055441478439,139.10013945629964
2025-08-28,224.23562922335688,0.009090909090909038,1.009090909090909,0.009049835519917856,208.8243892934968,6.581793292265571,140.33732541432744
2025-08-29,222.21548841954285,-0.0022675736961450532,0.997732426303855,-0.0022701485345390745,206.94308848905087,6.584531143052704,139.04591619972302
2025-09-01,222.72052362049635,0.002272727272727204,1.0022727272727272,0.0022701485345390775,207.41341369016234,6.5927446954141,139.2804496281479
2025-09-02,222.21548841954285,-0.006772009029345383,0.9932279909706546,-0.0067950431328288015,206.94308848905087,6.595482546201232,138.93753308937139
2025-09-03,223.73059402240338,0.0,1.0,0.0,208.35406409238533,6.598220396988364,139.85756722274812
2025-09-04,223.73059402240338,0.006818181818181834,1.0068181818181818,0.006795043132828808,208.35406409238533,6.6009582477754964,139.83030530925095
2025-09-05,222.21548841954285,0.006864988558352492,1.0068649885583525,0.006841531816716784,206.94308848905087,6.6036960985626285,138.8563012016239
2025-09-08,220.70038281668232,-0.0022831050228310223,0.997716894977169,-0.002285715280855951,205.53211288571643,6.611909650924025,137.8289228290718
2025-09-09,221.20541801763582,-0.006802721088435382,0.9931972789115646,-0.006825965070399871,206.0024380868279,6.614647501711157,138.11739286504394
2025-09-10,222.72052362049635,-0.011210762331838597,0.9887892376681614,-0.011274076573218108,207.41341369016234,6.617385352498289,139.03629529530158
2025-09-11,225.24569962526388,-0.0022371364653243075,0.9977628635346757,-0.002239642593504687,209.76503969571974,6.620123203285421,140.58526142244185
2025-09-12,225.75073482621738,0.03953488372093017,1.0395348837209302,0.03877338592596066,210.23536489683121,6.622861054072553,140.8730098094555
2025-09-15,217.1651364100078,0.0,1.0,0.0,202.23983647793608,6.631074606433949,135.43619220608701
2025-09-16,217.1651364100078,-0.004629629629629539,0.9953703703703705,-0.0046403795565021135,202.23983647793608,6.633812457221081,135.40979213471707
2025-09-17,218.1752068119148,-0.011441647597253968,0.988558352402746,-0.011507606851479802,203.18048688015904,6.636550308008213,136.01308742899312
2025-09-18,220.70038281668232,0.02102803738317749,1.0210280373831775,0.020809999513793278,205.53211288571643,6.639288158795345,137.5604935966278
2025-09-19,216.15506600810076,-0.01834862385321101,0.981651376146789,-0.018519047767237527,201.29918607571312,6.6420260095824775,134.70117803582235
2025-09-22,220.19534761572882,-0.004566210045662045,0.995433789954338,-0.004576667027411755,205.06178768460495,6.650239561943874,137.1387299677237
2025-09-23,221.20541801763582,0.006896551724137945,1.006896551724138,0.0068728792877620504,206.0024380868279,6.652977412731006,137.74095214641338
2025-09-24,219.69031241477532,0.0023041474654377225,1.0023041474654377,0.0023014969882791674,204.59146248349347,6.655715263518139,136.77085553722472
2025-09-25,219.18527721382182,0.011655011655011593,1.0116550116550116,0.011587615172387829,204.12113728238202,6.658453114305271,136.42984083294854
2025-09-26,216.6601012090543,-0.0023255813953487747,0.9976744186046512,-0.0023282897595910735,201.7695112768246,6.661190965092403,134.83178109325314
2025-09-29,217.1651364100078,0.0,1.0,0.0,202.23983647793608,6.669404517453799,135.06705913410335
2025-09-30,217.1651364100078,-0.002320185614849146,0.9976798143851509,-0.0023228814161396385,202.23983647793608,6.672142368240931,135.04073101646514
2025-10-01,217.6701716109613,-0.020454545454545503,0.9795454545454545,-0.020666636808559107,202.71016167904756,6.674880219028063,135.32839502628926
2025-10-02,222.21548841954285,0.0,1.0,0.0,206.94308848905087,6.677618069815195,138.1273480873905
2025-10-06,222.21548841954285,0.01382488479262678,1.0138248847926268,0.013730192811902037,206.94308848905087,6.6885694729637235,138.0196809798659
2025-10-10,219.18527721382182,-0.00686498855835227,0.9931350114416477,-0.006888660995185156,204.12113728238202,6.699520876112252,136.03147828098295
2025-10-13,220.70038281668232,-0.020179372197309475,0.9798206278026905,-0.020385756924473978,205.53211288571643,6.707734428473648,136.8917054529139
2025-10-14,225.24569962526388,-0.0022371364653243075,0.9977628635346757,-0.002239642593504687,209.76503969571974,6.71047227926078,139.6837520870616
2025-10-15,225.75073482621738,-0.07644628099173556,0.9235537190082644,-0.0795263121030629,210.23536489683121,6.713210130047912,139.96965527455356
2025-10-16,244.43703726149712,-0.004115226337448652,0.9958847736625513,-0.004123717183862152,227.63739733795595,6.715947980835044,151.52596825924167
2025-10-17,245.44710766340415,-0.020161290322580627,0.9798387096774194,-0.0203673028244337,228.57804774017893,6.718685831622176,152.12245018139168
2025-10-20,250.49745967293921,-0.033138401559454245,0.9668615984405458,-0.03369991844584211,233.28129975129372,6.7268993839835725,155.16177104956452
2025-10-21,259.08305808914884,-0.017241379310344862,0.9827586206896551,-0.01739174271186922,241.27682817018888,6.729637234770705,160.44853389043206
2025-10-22,263.6283748977304,0.03571428571428581,1.0357142857142858,0.03509131981127019,245.50975498019218,6.7323750855578375,163.2315961208195
2025-10-23,254.53774128056727,-0.001980198019801982,0.998019801980198,-0.001982161203991211,237.04390136018557,6.7351129363449695,157.57219944356734
2025-10-24,255.04277648152078,-0.007858546168958647,0.9921414538310414,-0.007889587275162821,237.51422656129702,6.737850787132102,157.85406679342125
2025-10-27,257.0629172853348,0.015968063872255467,1.0159680638722555,0.015841915465657923,239.39552736574294,6.746064339493498,159.01137329231153
2025-10-28,253.02263567770675,-0.029069767441860406,0.9709302325581396,-0.029500664396697875,235.6329257568511,6.74880219028063,156.48166852111515
2025-10-29,260.59816369200934,-0.026415094339622747,0.9735849056603773,-0.02677024106460489,242.68780377352329,6.751540041067762,161.13533278431572
2025-10-30,267.66865650535846,-0.08620689655172409,0.9137931034482759,-0.09015109699429745,249.27235658908404,6.754277891854894,165.4749599534214
2025-10-31,292.92041655303376,-0.005145797598627766,0.9948542024013722,-0.005159082810027336,272.78861664465796,6.757015742642026,181.05050685201672
2025-11-03,294.43552215589426,0.05615942028985499,1.056159420289855,0.054639140073396986,274.19959224799237,6.765229295003422,181.880573608967
2025-11-04,278.7794309263356,0.027932960893854775,1.0279329608938548,0.02754995176823065,259.61951101353657,6.767967145790554,172.1758257458886
2025-11-05,271.20390291203296,-0.0018587360594795044,0.9981412639405205,-0.0018604656529196783,252.56463299686436,6.770704996577686,167.46448523764727
2025-11-06,271.70893811298646,0.018939393939394034,1.018939393939394,0.018762276455523034,253.0349581979758,6.7734428473648185,167.74363315036143
2025-11-07,266.6585861034514,-0.02402957486136792,0.9759704251386321,-0.024322995140220134,248.33170618686103,6.776180698151951,164.59363187611302
2025-11-10,273.224043715847,0.005576208178438735,1.0055762081784387,0.005560718684697179,254.4459338013103,6.784394250513347,168.54752514311633
2025-11-11,271.70893811298646,-0.02359346642468252,0.9764065335753175,-0.023876248991130198,253.0349581979758,6.787132101300479,167.5802086730727
2025-11-12,278.2743957253821,-0.010771992818671361,0.9892280071813286,-0.01083043077436944,259.14918581242506,6.789869952087611,171.59608946393914
2025-11-13,281.3046069311031,0.022018348623853212,1.0220183486238532,0.021779445264039948,261.97113701909393,6.792607802874743,173.43083660522754
2025-11-14,275.244184519661,0.0036832412523020164,1.003683241252302,0.0036764747293086273,256.3272346057562,6.795345653661875,169.6613672475998
2025-11-17,274.234114117754,0.026465028355387554,1.0264650283553876,0.026120888075636086,255.38658420353323,6.803559206023272,168.93992571134964
2025-11-18,267.1636213044049,0.0018939393939394478,1.0018939393939394,0.0018921481520379623,248.8020313879725,6.806297056810404,164.55211840280595
2025-11-19,266.6585861034514,0.007633587786259444,1.0076335877862594,0.0076045993852192125,248.33170618686103,6.809034907597536,164.20904090122696
2025-11-20,264.6384452996374,0.009633911368015502,1.0096339113680155,0.009587801155153612,246.45040538241514,6.811772758384668,162.93326685006647
2025-11-21,262.11326929486984,0.007766990291262044,1.007766990291262,0.007736982502152401,244.09877937685772,6.8145106091718,161.34710318501098
2025-11-24,260.09312849105584,0.0,1.0,0.0,242.21747857241184,6.822724161533197,160.00997330086872
2025-11-25,260.09312849105584,-0.015296367112810794,0.9847036328871892,-0.015414563401186843,242.21747857241184,6.825462012320329,159.9787831540827
2025-11-26,264.1334100986839,0.0,1.0,0.0,245.98008018130366,6.828199863107461,162.43222198551555
2025-11-27,264.1334100986839,0.0,1.0,0.0,245.98008018130366,6.830937713894593,162.40055967883555
2025-11-28,264.1334100986839,0.027504911591355707,1.0275049115913557,0.027133447514400263,245.98008018130366,6.833675564681725,162.36890354397082
2025-12-01,257.0629172853348,-0.04323308270676707,0.9567669172932329,-0.0441954727911218,239.39552736574294,6.841889117043121,157.93011821901243
2025-12-02,268.67872690726546,-0.0018761726078798668,0.9981238273921201,-0.0018779348242000977,250.21300699130697,6.844626967830253,165.0342739037454
2025-12-03,269.18376210821896,-0.059964726631393406,0.9400352733686066,-0.061837879561907644,250.68333219241845,6.847364818617385,165.3122587203562
2025-12-04,286.3549589406382,-0.09999999999999987,0.9000000000000001,-0.10536051565782616,266.6743890302088,6.850102669404517,175.8232267461488
2025-12-05,318.17217660070907,-0.0015847860538826808,0.9984152139461173,-0.0015860431556347402,296.30487670023194,6.852840520191649,195.32106020099866
2025-12-08,318.67721180166257,0.0276872964169379,1.027687296416938,0.02731093439407049,296.7752019013434,6.861054072553046,195.51671501178424
2025-12-09,310.091613385453,0.014876033057851235,1.0148760330578512,0.014766470116300995,288.7796734824483,6.863791923340178,190.21214366463744
2025-12-10,305.54629657687144,0.02368866328257191,1.023688663282572,0.02341244062474326,284.54674667244495,6.86652977412731,187.38748391616127
2025-12-11,298.4758037635223,-0.01990049751243772,0.9800995024875623,-0.02010117932108715,277.96219385688426,6.869267624914442,183.01556312313565
2025-12-12,304.5362261749644,0.0272572402044291,1.027257240204429,0.0268923768990888,283.606096270222,6.872005475701574,186.69521626956075
2025-12-15,296.4556629597083,0.02622377622377625,1.0262237762237763,0.025885828448298575,276.08089305243834,6.880219028062971,181.63518819049742
2025-12-16,288.8801349454057,0.0,1.0,0.0,269.02601503576614,6.882956878850103,176.95924312876136
2025-12-17,288.8801349454057,0.012389380530973604,1.0123893805309736,0.012313260233357106,269.02601503576614,6.885694729637235,176.9247491240786
2025-12-18,285.34488853873114,-0.020797227036395305,0.9792027729636047,-0.02101653536165878,265.73373862798576,6.888432580424367,174.72552087657098
2025-12-19,291.40531095017326,-0.0017301038062284002,0.9982698961937716,-0.001731602164277935,271.37764104132356,6.891170431211499,178.4017234288627
2025-12-22,291.91034615112676,0.006968641114982743,1.0069686411149827,0.006944472352811215,271.847966242435,6.899383983572895,178.6064258746042
2025-12-23,289.8902053473127,-0.006920415224913601,0.9930795847750864,-0.006944472352811158,269.9666654379891,6.9021218343600275,177.33582109668407
2025-12-24,291.91034615112676,0.010489510489510634,1.0104895104895106,0.010434877292579714,271.847966242435,6.9048596851471595,178.5368024932454
2025-12-26,288.8801349454057,-0.02555366269165249,0.9744463373083475,-0.025885828448298568,269.02601503576614,6.910335386721424,176.6146054951507
2025-12-29,296.4556629597083,-0.010118043844856595,0.9898819561551434,-0.010169579169628937,276.08089305243834,6.91854893908282,181.1401391647904
2025-12-30,299.4858741654293,-0.006700167504187671,0.9932998324958123,-0.006722714394876701,278.9028442591072,6.921286789869952,182.9559868906894
2026-01-02,301.5060149692434,-0.019704433497536922,0.9802955665024631,-0.019901154317294913,280.7841450635531,6.929500342231348,184.0824018888104
2026-01-05,307.56643738068544,-0.011363636363636465,0.9886363636363635,-0.011428695823622857,286.42804747689087,6.937713894592744,187.6727608193452
2026-01-06,311.10168378736,-0.12125534950071326,0.8787446504992867,-0.1292609235010703,289.72032388467125,6.940451745379876,189.79291615219975
2026-01-07,354.02967586840805,0.029368575624082238,1.0293685756240822,0.02894558088507773,329.697965979147,6.9431895961670085,215.93977319773856
2026-01-08,343.9289718493379,-0.0696721311475409,0.9303278688524591,-0.07221820781179909,320.2914619569174,6.945927446954141,209.73797527571514
2026-01-09,369.68576709796673,-0.0027247956403269047,0.9972752043596731,-0.002728514653203951,344.2780472136028,6.9486652977412735,225.40127932939768
2026-01-12,370.69583749987373,-0.09605911330049266,0.9039408866995073,-0.10099131154716243,345.21869761582576,6.95687885010267,225.88498555489056
2026-01-13,410.0885831742473,-0.013365735115431376,0.9866342648845686,-0.013455860515391889,381.9040633025212,6.959616700889802,249.84040213345205
2026-01-14,415.64397038473584,-0.024881516587677677,0.9751184834123223,-0.025196293918887253,387.07764051474743,6.962354551676934,253.1755794085772
2026-01-15,426.24970960475946,0.021791767554479424,1.0217917675544794,0.021557721074979056,396.9544697380885,6.965092402464066,259.58509980467943
2026-01-16,417.15907598759634,-0.13958333333333328,0.8604166666666667,-0.1503385109409038,388.48861611808184,6.967830253251198,253.99940388182407
2026-01-19,484.8337929153662,0.0020876826722338038,1.0020876826722338,0.002085506491021361,451.51219306702006,6.976043805612594,295.0325222657126
2026-01-20,483.8237225134592,-0.127504553734062,0.872495446265938,-0.13639784409861547,450.5715426647971,6.978781656399726,294.36048140107806
2026-01-21,554.5286506469502,0.03780718336483946,1.0378071833648395,0.03711000965123138,516.4170708204043,6.981519507186858,337.31190697993395
2026-01-22,534.3272426088098,0.0372549019607844,1.0372549019607844,0.036577706139928015,497.604062775945,6.98425735797399,324.96032156535676
2026-01-23,515.1359049725766,0.035532994923857864,1.0355329949238579,0.03491626510622788,479.73170513370883,6.9869952087611225,313.2277106126597
2026-01-26,497.45967293920387,0.008188331627430934,1.008188331627431,0.008154989129306164,463.27032309480705,6.995208761122519,302.3028516949334
2026-01-27,493.4193913315758,-0.008121827411167515,0.9918781725888325,-0.008154989129306144,459.5077214859152,6.997946611909651,299.789151934191
2026-01-28,497.45967293920387,-0.0672348484848484,0.9327651515151516,-0.0696018230941178,463.27032309480705,7.000684462696783,302.1850096485101
2026-01-29,533.3171722069028,0.05599999999999983,1.0559999999999998,0.05448818528406957,496.66341237372205,7.003422313483915,323.9037236348915
2026-01-30,505.0352009535065,0.046025104602510414,1.0460251046025104,0.04499736593073572,470.32520111147926,7.006160164271047,306.6672218666292
2026-02-02,482.8136521115522,-0.02746693794506616,0.9725330620549338,-0.027851207095765305,449.63089226257415,7.014373716632443,293.00245566007
2026-02-03,496.44960253729687,-0.024801587301587324,0.9751984126984127,-0.025114328484147398,462.3296726925841,7.017111567419575,301.21890269331027
2026-02-04,509.07548256113455,0.03172978505629476,1.0317297850562948,0.031236796588531162,474.08780272037114,7.019849418206708,308.8193984890948
2026-02-05,493.4193913315758,0.044919786096256686,1.0449197860962567,0.04394012275409574,459.5077214859152,7.02258726899384,299.2636307962247
2026-02-06,472.20791289152857,-0.021966527196652708,0.9780334728033473,-0.022211383762714275,439.75406303923313,7.025325119780972,286.34283744556046
2026-02-09,482.8136521115522,-0.005202913631633721,0.9947970863683663,-0.005216495918891212,449.63089226257415,7.0335386721423685,292.60289225258936
2026-02-10,485.33882811631975,-0.05599214145383091,0.9440078585461691,-0.057620788140175426,451.98251826813157,7.036276522929501,294.0759078125681
2026-02-11,514.1258345706696,0.005928853754940677,1.0059288537549407,0.0059113472630571645,478.7910547314859,7.039014373716633,311.4577723393493
2026-02-12,511.09562336494855,0.014028056112224352,1.0140280561122244,0.013930573535946783,475.969103524817,7.041752224503765,309.56171490265757
2026-02-13,504.0251305515995,-0.02729044834307992,0.9727095516569201,-0.027669749419250867,469.3845507092563,7.044490075290897,305.2197336430477
2026-02-19,518.1661161782977,0.007858546168958869,1.0078585461689589,0.007827828620246917,482.55365634037776,7.060917180013689,313.4162042274215
2026-02-20,514.1258345706696,-0.026768642447418833,0.9732313575525812,-0.027133447514400257,478.7910547314859,7.063655030800821,310.9117964696682
2026-02-23,528.2668201973678,-0.001908396946564861,0.9980916030534351,-0.0019102202561192376,491.9601603626073,7.0718685831622174,319.2766189342834
2026-02-24,529.2768905992748,-0.08391608391608385,0.9160839160839161,-0.08764730705875566,492.9008107648303,7.0746064339493495,319.8247360845785
2026-02-25,577.7602698908114,-0.06075533661740562,0.9392446633825944,-0.06267927633009916,538.0520300715323,7.077344284736482,349.0536054923735
2026-02-26,615.1328747613709,-0.09643916913946593,0.9035608308605341,-0.10141184320241008,572.8560949537817,7.080082135523614,371.55980691891176
2026-02-27,680.7874508853267,0.13277310924369767,1.1327731092436977,0.12466870536667744,633.9983710982741,7.082819986310746,411.1371005303168
2026-03-03,600.9918891346726,0.18762475049900185,1.1876247504990018,0.17195530446076485,559.6869893226602,7.093771389459275,362.66453115348287
2026-03-04,506.0452713554135,-0.08576642335766416,0.9142335766423358,-0.08966918586315065,471.2658515137022,7.096509240246407,305.3101058713066
2026-03-05,553.518580245043,-0.009041591320072428,0.9909584086799276,-0.009082714574319362,515.4764204181812,7.099247091033539,333.88687607947736
2026-03-06,558.5689322545782,0.09072978303747536,1.0907297830374754,0.08684699793115165,520.179672429296,7.101984941820671,336.8676120340877
2026-03-09,512.1056937668556,-0.03428571428571425,0.9657142857142857,-0.03488725900044055,476.90975392703996,7.110198494182067,308.6655032512605
2026-03-10,530.2869610011818,-0.009433962264151052,0.990566037735849,-0.009478743954543883,493.84146116705324,7.112936344969199,319.5617387068959
2026-03-11,535.3373130107169,0.017274472168905985,1.017274472168906,0.017126964792800636,498.5447131781681,7.115674195756331,322.54229961322187
2026-03-12,526.2466793935538,0.007736943907156846,1.0077369439071568,0.007707167244937959,490.0788595581614,7.1184120465434635,317.00336189430044
2026-03-13,522.2063977859257,0.021739130434782483,1.0217391304347825,0.021506205220963463,486.3162579492695,7.121149897330596,314.5082370241301
2026-03-16,511.09562336494855,-0.03065134099616862,0.9693486590038314,-0.031130918595173213,475.969103524817,7.129363449691992,307.63660288575716
2026-03-17,527.2567497954608,-0.04220183486238527,0.9577981651376147,-0.0431182067806053,491.01950996038437,7.132101300479124,317.3023798756124
2026-03-18,550.488369039322,0.044061302681992265,1.0440613026819923,0.04311820678060529,512.6544692115124,7.134839151266256,331.21856029197676
2026-03-19,527.2567497954608,0.009671179883945946,1.009671179883946,0.009624713374209693,491.01950996038437,7.137577002053388,317.1786907950435
2026-03-20,522.2063977859257,0.06597938144329896,1.065979381443299,0.06389398357094592,486.3162579492695,7.14031485284052,314.07934647922673
2026-03-23,489.8841449249013,-0.014227642276422703,0.9857723577235773,-0.014329825554824855,456.2154450781349,7.148528405201916,294.4669669967818
2026-03-24,496.95463773825037,-0.017964071856287456,0.9820359281437125,-0.018127384592556715,462.7999978936956,7.151266255989048,298.6587779048803
2026-03-25,506.0452713554135,0.022448979591836782,1.0224489795918368,0.02220070998019255,471.2658515137022,7.15400410677618,304.06276685681956
2026-03-26,494.93449693443637,-0.010101010101010055,0.98989898989899,-0.010152371464017962,460.9186970892497,7.156741957563312,297.32876955687954
2026-03-27,499.98484894397143,0.0543130990415337,1.0543130990415337,0.052889463920372845,465.6219491003645,7.1594798083504445,300.30418800616974
2026-03-30,474.22805369534257,0.05387205387205385,1.0538720538720538,0.052471051737453575,441.63536384367904,7.167693360711842,284.667439857332
2026-03-31,449.98636404957426,-0.08709016393442626,0.9129098360655737,-0.0911181589422832,419.059754190328,7.170431211498974,270.06309698623437
2026-04-01,492.9143561306223,0.04833512352309355,1.0483351235230935,0.04720330913602551,459.0373962848038,7.173169062286106,295.76902770437084
2026-04-02,470.1877720877145,-0.011677282377919429,0.9883227176220806,-0.011745997299296098,437.87276223478716,7.175906913073238,282.077141094069
2026-04-03,475.7431592982031,0.004264392324093924,1.004264392324094,0.004255325570138491,443.0463394470135,7.17864476386037,285.3543198202359
2026-04-06,473.72301849438907,-0.008456659619450302,0.9915433403805497,-0.008492620045653588,441.16503864256754,7.186858316221766,283.9764959984993
2026-04-07,477.7633001020171,-0.06889763779527558,0.9311023622047244,-0.07138605908654891,444.92764025145937,7.189596167008898,286.34264379329824
2026-04-08,513.1157641687626,0.037793667007150145,1.0377936670071501,0.03709698560791681,477.8504043292629,7.19233401779603,307.4708428542254
2026-04-09,494.4294617334828,0.0,1.0,0.0,460.4483718881382,7.195071868583162,296.2158264051959
2026-04-10,494.4294617334828,0.02298850574712641,1.0229885057471264,0.02272825107755609,460.4483718881382,7.197809719370294,296.1580861599141
2026-04-13,483.3186873125057,-0.0264496439471007,0.9735503560528993,-0.026805728694212275,450.10121746368566,7.2060232717316905,289.3335861380648
2026-04-14,496.44960253729687,-0.032480314960629864,0.9675196850393701,-0.03301950799126059,462.3296726925841,7.208761122518823,297.13633775967605
2026-04-15,513.1157641687626,-0.048689138576779034,0.951310861423221,-0.049914391381712955,477.8504043292629,7.211498973305955,307.05154910668665
2026-04-16,539.3775946183449,-0.0074349442379181285,0.9925650557620819,-0.0074627212015894884,502.30731478705985,7.214236824093087,322.7038701472924
2026-04-17,543.4178762259729,0.020872865275142205,1.0208728652751422,0.02065801162042198,506.0699163959516,7.216974674880219,325.0577529538373
2026-04-20,532.3071018049958,-0.034798534798534786,0.9652014652014652,-0.035418427203542706,495.7227619714991,7.225188227241615,318.22542666341104
2026-04-21,551.498439441229,0.009242144177449063,1.009242144177449,0.009199696898423416,513.5951196137353,7.227926078028747,329.6341827480565
2026-04-22,546.448087431694,0.016917293233082775,1.0169172932330828,0.016775789504837206,508.8918676026206,7.230663928815879,326.5518887500754
2026-04-23,537.3574538145309,0.03703703703703698,1.037037037037037,0.03636764417087479,500.42601398261394,7.233401779603011,321.0568227937206
2026-04-24,518.1661161782977,-0.020992366412213692,0.9790076335877863,-0.02121583915027258,482.55365634037776,7.236139630390143,309.5301603719665
2026-04-27,529.2768905992748,-0.05585585585585584,0.9441441441441442,-0.05747642942539233,492.9008107648303,7.24435318275154,315.98240745360874
2026-04-28,560.5890730583922,-0.0017985611510791255,0.9982014388489209,-0.0018001805041478545,522.060973233742,7.2470910335386725,334.6107860138765
2026-04-29,561.5991434602992,0.04708097928436894,1.047080979284369,0.04600627300864338,523.001623635965,7.2498288843258045,335.14834637808883
2026-04-30,536.3473834126239,-0.014842300556586308,0.9851576994434137,-0.014953549667058358,499.48536358039104,7.252566735112937,320.01633473567205
2026-05-04,544.42794662788,-0.020000000000000018,0.98,-0.020202707317519466,507.0105667981747,7.263518138261465,324.5844695780952
2026-05-06,555.5387210488572,-0.038461538461538436,0.9615384615384616,-0.03922071315328127,517.3577212226272,7.268993839835729,331.07953248274924
2026-05-07,577.7602698908114,-0.06688417618270792,0.9331158238172921,-0.06922594455641343,538.0520300715323,7.271731690622861,344.25559624080176
2026-05-08,619.1731563689989,-0.051083591331269385,0.9489164086687306,-0.05243456784639049,576.6186965626736,7.274469541409993,368.8593452144796
2026-05-11,652.5054796319304,0.0,1.0,0.0,607.6601598360312,7.282683093771389,388.4891047980306
2026-05-12,652.5054796319304,-0.09014084507042253,0.9098591549295775,-0.09446546625275924,607.6601598360312,7.285420944558521,388.41337806704337
2026-05-13,717.1499853539792,-0.002808988764044895,0.9971910112359551,-0.0028129413766146126,667.8617855783006,7.2881587953456535,426.8107475681137
2026-05-14,719.1701261577932,0.017142857142857126,1.0171428571428571,0.016997576368571077,669.7430863827465,7.2908966461327855,427.9296003816284
2026-05-15,707.0492813349091,0.05580693815987936,1.0558069381598794,0.05430534485754219,658.455281556071,7.293634496919918,420.6352948924812
2026-05-18,669.6766764643496,0.09768211920529812,1.0976821192052981,0.09320079225104766,623.6512166738215,7.301848049281314,398.1687835526719
2026-05-19,610.0825227518358,0.020270270270270174,1.0202702702702702,0.020067563050809173,568.1528429426669,7.304585900068446,362.6652589424064
2026-05-20,597.9616779289516,-0.11111111111111116,0.8888888888888888,-0.11778303565638351,556.8650381159914,7.307323750855578,355.3907004084723
2026-05-21,672.7068876700706,0.016793893129770865,1.0167938931297709,0.016654434905137093,626.4731678804903,7.310061601642711,399.7366036041352
2026-05-22,661.5961132490935,-0.04934687953555883,0.9506531204644412,-0.0506060353784067,616.1260134560379,7.312799452429843,393.05771517766647
2026-05-26,695.938506913932,0.011747430249632984,1.011747430249633,0.011678964864146294,648.1081271316185,7.323750855578371,413.1384279155805
2026-05-27,687.8579436986759,0.005908419497784534,1.0059084194977845,0.005891033237237563,640.5829239138347,7.326488706365503,408.26186855956445
2026-05-28,683.8176620910477,-0.0636237897648686,0.9363762102351314,-0.0657379492464897,636.8203223049429,7.329226557152635,405.78474112120404
2026-05-29,730.2809005787703,-0.03600000000000003,0.964,-0.03666398437159147,680.090240807199,7.3319644079397674,433.27205302932276
2026-06-01,757.5528014302597,0.028806584362139898,1.02880658436214,0.028399474521697957,705.487801667219,7.340177960301164,449.1895581976275
2026-06-02,736.3413229902125,0.04142857142857137,1.0414285714285714,0.040593396965253416,685.7341432205368,7.342915811088296,436.52714337194317
2026-06-04,707.0492813349091,0.0,1.0,0.0,658.455281556071,7.34839151266256,418.9984706744916
2026-06-05,707.0492813349091,0.09546165884194058,1.0954616588419406,0.09117588066586992,658.455281556071,7.351129363449692,418.91679686670415
2026-06-08,645.4349868185813,0.0,1.0,0.0,601.0756070204704,7.359342915811088,382.1876079129485
2026-06-09,645.4349868185813,0.06146179401993357,1.0614617940199336,0.05964700906871378,601.0756070204704,7.36208076659822,382.113109509226
2026-06-10,608.0623819480218,0.008375209380234505,1.0083752093802345,0.00834033191621895,566.271542138221,7.364818617385352,359.9174532512893
2026-06-11,603.0120299384868,-0.016474464579901094,0.9835255354200989,-0.016611677666896113,561.5682901271063,7.367556468172484,356.85853096968754
2026-06-12,613.1127339575569,-0.061823802163832986,0.938176197836167,-0.0638175034414022,570.9747941493358,7.370294318959616,362.765334522793
2026-06-15,653.5155500338374,0.010937500000000044,1.0109375,0.010878118147183069,608.6008102382542,7.378507871321013,386.4447203308456
2026-06-16,646.4450572204883,0.03559870550161803,1.035598705501618,0.03497971889602668,602.0162574226935,7.381245722108145,382.1891977536603
2026-06-17,624.223508378534,0.028286189683860208,1.0282861896838602,0.027893522922483167,581.3219485737884,7.383983572895278,368.9795062605348
2026-06-18,607.0523115461148,-0.019575856443719397,0.9804241435562806,-0.019770001401003805,565.3308917359981,7.38672142368241,358.7596392558576
2026-06-19,619.1731563689989,0.05507745266781394,1.055077452667814,0.05361417908430001,576.6186965626736,7.389459274469542,365.8515653006454
2026-06-22,586.8509035079745,0.1369863013698629,1.136986301369863,0.1283811666482067,546.5178836915389,7.397672826830938,346.5505435990618
2026-06-23,516.1459753744837,0.003929273084479545,1.0039292730844795,0.003921573653181865,480.67235553593184,7.40041067761807,304.73805302474193
2026-06-24,514.1258345706696,0.011928429423459175,1.0119284294234592,0.011857846450783468,478.7910547314859,7.403148528405202,303.48617152834026
2026-06-25,508.0654121592275,0.04682622268470338,1.0468262226847034,0.04576294168939197,473.14715231814813,7.405886379192334,299.85027130298073
2026-06-26,485.33882811631975,-0.0331991951710261,0.9668008048289739,-0.03376279768628148,451.98251826813157,7.408624229979466,286.3816516174695
2026-06-29,502.00498974778543,0.004040404040404066,1.004040404040404,0.004032263527938451,467.5032499048104,7.416837782340862,296.0425900673126
2026-06-30,499.98484894397143,0.01538461538461533,1.0153846153846153,0.01526747213078838,465.6219491003645,7.4195756331279945,294.7937975396781
2026-07-01,492.4093209296688,0.011410788381742698,1.0114107883817427,0.011346176387301522,458.56707108369227,7.422313483915127,290.27063244752054
2026-07-02,486.85393371918025,-0.020325203252032464,0.9796747967479675,-0.020534602441707753,453.39349387146603,7.425051334702259,286.93984126968456
2026-07-03,496.95463773825037,-0.019920318725099584,0.9800796812749004,-0.020121403199421063,462.7999978936956,7.427789185489391,292.83585748032937
2026-07-06,507.0553417573205,0.046923879040667416,1.0469238790406674,0.04585622536823634,472.2065019159252,7.436002737850787,298.61311508446124
2026-07-07,484.3287577144127,0.0367567567567566,1.0367567567567566,0.03609733737101288,451.0418678659086,7.438740588637919,285.17346248537416
2026-07-08,467.1575608819935,0.038159371492704874,1.0381593714927049,0.03744931004161593,435.05081102811835,7.441478439425051,275.0094203184102
2026-07-09,449.98636404957426,-0.02622950819672132,0.9737704918032787,-0.026579637804712012,419.059754190328,7.444216290212183,264.8493297935196
2026-07-10,462.10720887245844,0.030405405405405483,1.0304054054054055,0.029952322283351325,430.34755901700356,7.446954140999315,271.9303017818568
2026-07-13,448.47125844671376,0.0459363957597172,1.0459363957597172,0.044912556680822634,417.6487785869936,7.455167693360712,263.7518323130693
2026-07-14,428.774885609527,-0.02188940092165903,0.978110599078341,-0.022132528349002898,399.3060957436459,7.457905544147844,252.11898278138628
2026-07-15,438.37055442764364,0.021176470588235352,1.0211764705882354,0.02095536517598809,408.24227456476405,7.460643394934976,257.7109770681785
2026-07-16,429.2799208104805,0.06516290726817053,1.0651629072681705,0.06312775203455348,399.7764209447574,7.4633812457221085,252.3175473099367
2026-07-20,403.01809036089816,0.0,1.0,0.0,375.31951048696044,7.474332648870637,236.6970064714037
2026-07-21,403.01809036089816,-0.045454545454545414,0.9545454545454546,-0.04652001563489282,375.31951048696044,7.477070499657769,236.65086800751075
2026-07-22,422.2094279971314,-0.03240740740740744,0.9675925925925926,-0.03294415571935403,393.1918681291967,7.479808350444901,247.87163084851232
2026-07-23,436.3504136238296,0.07730673316708225,1.0773067331670823,0.07446416093754109,406.3609737603181,7.482546201232033,256.1236165448308
2026-07-24,405.0382311647122,-0.004962779156327479,0.9950372208436725,-0.004975134640113732,377.2008112914064,7.485284052019165,237.69803291913493
2026-07-27,407.0583719685262,0.10714285714285698,1.107142857142857,0.10178269430994218,379.08211209585227,7.493497604380561,238.74389245472562
2026-07-28,367.66562629415273,0.02970297029702973,1.0297029702970297,0.029270382300113237,342.39674640915695,7.496235455167693,215.59761096682865
2026-07-29,357.05988707412905,0.007122507122506949,1.007122507122507,0.007097261870761464,332.5199171858158,7.498973305954825,209.3376357525305
2026-07-30,354.53471106936155,-0.09536082474226804,0.904639175257732,-0.10021911615740763,330.16829118025845,7.501711156741957,207.8166547450434
2026-07-31,391.90731593992103,-0.012722646310432517,0.9872773536895675,-0.01280427224598774,364.9723560625079,7.5044490075290895,229.6784745819879
2026-08-03,396.9576679494561,0.001273885350318471,1.0012738853503185,0.0012730746467981126,369.6756080736227,7.512662559890486,232.50223333919413
2026-08-04,396.4526327485026,-0.02966625463535222,0.9703337453646478,-0.030115199276083186,369.20528287251125,7.515400410677618,232.1611658386942
2026-08-05,408.5734775713867,0.011249999999999982,1.01125,0.011187189390564376,380.49308769918673,7.51813826146475,239.21244895183497
2026-08-06,404.02816076280516,0.01137800252844512,1.0113780025284451,0.011313759900273534,376.2601608891834,7.520876112251882,236.50513736675333
2026-08-07,399.4828439542236,-0.030637254901960786,0.9693627450980392,-0.031116387196453137,372.02723407918006,7.523613963039014,233.79887214477785
2026-08-10,412.1087239780613,0.012406947890818865,1.0124069478908189,0.012330612457478725,383.78536410696705,7.531827515400411,241.0472027638046
2026-08-11,407.0583719685262,-0.015873015873015817,0.9841269841269842,-0.016000341346441075,379.08211209585227,7.534565366187543,238.04678230870618
2026-08-12,413.6238295809218,-0.021505376344086002,0.978494623655914,-0.021739986636405875,385.1963397103015,7.537303216974675,241.83909655640352
2026-08-13,422.7144631980849,-0.07615894039735105,0.923841059602649,-0.07921523555350407,393.6621933303081,7.540041067761807,247.10606468197741
2026-08-14,457.5618920638769,0.04137931034482767,1.0413793103448277,0.04054609439435001,426.1146322070002,7.542778918548939,267.4246772767227
2026-08-18,439.38062482955064,0.050724637681159424,1.0507246376811594,0.049480057263369716,409.18292496698695,7.553730321697468,256.59836258019607
2026-08-19,418.16914638950334,-0.008383233532934131,0.9916167664670659,-0.00841857046559579,389.4292665203048,7.5564681724846,244.1632523107322
2026-08-20,421.7043927961779,0.0060240963855420215,1.006024096385542,0.006006024060211728,392.72154292808517,7.559206023271732,246.17943820085318
2026-08-21,419.1792167914104,0.0024154589371980784,1.002415458937198,0.002412546405383926,390.3699169225278,7.561943874058864,244.65761033582126
